include,country,name,city,city_country,homepage,lang,type,tier,note,note_source,qid,sitelinks,wd_lat,wd_lon,remark
yes,US,The New York Times,Manhattan,,https://nytimes.com,en,daily,1,,,Q9684,125,40.7283,-73.9942,
yes,US,CNN,New York City,,https://cnn.com,en,online,1,,,Q48340,118,40.7128,-74.0061,language from country default
yes,US,Forbes,New York City,,https://www.forbes.com,en,online,1,,,Q25161472,104,40.7128,-74.0061,
yes,US,Time,New York City,,https://time.com,en,magazine,1,,,Q43297,101,40.7128,-74.0061,
yes,US,The Washington Post,"Washington, D.C.",,https://washingtonpost.com,en,daily,1,,,Q166032,97,38.8950,-77.0367,
yes,US,The Wall Street Journal,New York City,,https://wsj.com,en,daily,1,,,Q164746,86,40.7128,-74.0061,
yes,US,Voice of America,"Washington, D.C.",,https://www.voanews.com/,en,online,1,,,Q228389,83,38.8950,-77.0367,language from country default
yes,US,Los Angeles Times,Los Angeles,,https://www.latimes.com/,en,daily,1,,,Q188515,69,34.0522,-118.2437,
yes,US,USA Today,McLean,,https://www.usatoday.com/,en,daily,1,,,Q39681,60,38.9283,-77.1753,
yes,US,Chicago Tribune,Chicago,,https://www.chicagotribune.com/,en,daily,1,,,Q47596,57,41.8819,-87.6278,
yes,US,The New Yorker,New York City,,https://www.newyorker.com,en,magazine,1,,,Q217305,56,40.7128,-74.0061,
yes,US,The Hollywood Reporter,Los Angeles,,https://hollywoodreporter.com,en,daily,1,,,Q61503,55,34.0522,-118.2437,
yes,US,Newsweek,New York City,,http://www.newsweek.com/,en,magazine,1,,,Q188413,55,40.7128,-74.0061,"types: magazine, online"
yes,US,Variety,New York City,,https://variety.com/,en,weekly,1,,,Q471728,55,40.7128,-74.0061,"types: daily, weekly"
yes,US,IGN,San Francisco,,https://www.ign.com,en,online,1,,,Q207708,52,37.7750,-122.4194,language from country default
yes,US,HuffPost,New York City,,https://www.huffpost.com/,en,online,1,,,Q18049522,50,40.7128,-74.0061,language from country default
yes,US,New York Post,New York City,,https://nypost.com,en,daily,1,,,Q211374,49,40.7128,-74.0061,
yes,US,Wired,San Francisco,,https://www.wired.com/,en,online,1,,,Q520154,43,37.7750,-122.4194,
yes,US,GameSpot,San Francisco,,https://www.gamespot.com,en,online,1,,,Q45836,43,37.7750,-122.4194,
yes,US,Asahi Shimbun,Osaka,JP,http://www.asahi.com,en,daily,1,exile,,Q720503,42,34.6938,135.5021,newsroom abroad (JP) – exile?
yes,US,MS NOW,New York City,,https://www.msnbc.com/,en,online,1,,,Q13973,42,40.7128,-74.0061,language from country default
yes,US,CNBC,Englewood Cliffs,,https://www.cnbc.com/,en,online,1,,,Q1023912,41,40.8825,-73.9525,language from country default
no,US,Chess.com,,,https://www.chess.com,en,online,1,,,Q16829376,40,,,no place of publication/headquarters in Wikidata – fill in city; language from country default
yes,US,Boston Globe,Boston,,https://www.bostonglobe.com/,en,daily,1,,,Q824451,39,42.3603,-71.0578,
yes,US,The Atlantic,"Washington, D.C.",,https://www.theatlantic.com/,en,online,1,,,Q1542536,39,38.8950,-77.0367,
no,US,Deadline Hollywood,,,https://deadline.com/,en,online,1,,,Q4037100,39,,,no place of publication/headquarters in Wikidata – fill in city
yes,US,ABC News,Upper West Side,,https://abcnews.go.com/,en,online,1,,,Q287171,38,40.7870,-73.9754,language from country default
yes,US,Politico,"Washington, D.C.",,https://www.politico.com,en,online,1,,,Q3109740,36,38.8950,-77.0367,"types: daily, online"
yes,US,NBC News,New York City,,https://www.nbcnews.com/,en,online,1,,,Q2877626,34,40.7128,-74.0061,language from country default
yes,US,The Verge,New York City,,https://www.theverge.com,en,online,1,,,Q2155442,34,40.7128,-74.0061,
yes,US,San Francisco Chronicle,San Francisco,,https://www.sfchronicle.com/,en,daily,1,,,Q139103,33,37.7750,-122.4194,
yes,US,New York Daily News,New York City,,http://www.nydailynews.com/,en,daily,1,,,Q627827,33,40.7128,-74.0061,
yes,US,The A.V. Club,Chicago,,https://www.avclub.com,en,online,1,,,Q3233970,33,41.8819,-87.6278,
no,US,Breitbart News,,,https://breitbart.com,en,online,1,,,Q4960434,33,,,no place of publication/headquarters in Wikidata – fill in city
yes,US,Game Informer,Minneapolis,,https://www.gameinformer.com,en,online,1,,,Q27197,33,44.9819,-93.2692,
yes,US,The Washington Times,"Washington, D.C.",,http://www.washingtontimes.com/,en,daily,1,,,Q494170,31,38.8950,-77.0367,
yes,US,Electronic Gaming Monthly,Lombard,,https://egmnow.com,en,online,1,,,Q793981,31,41.8761,-88.0150,
no,US,PC Gamer,,,https://www.pcgamer.com,en,online,1,,,Q2283786,31,,,no place of publication/headquarters in Wikidata – fill in city
yes,US,Business Insider,New York City,,https://www.businessinsider.com/,en,online,1,,,Q286707,30,40.7128,-74.0061,
no,US,Kotaku,,,https://kotaku.com/,en,online,1,,,Q1083295,30,,,no place of publication/headquarters in Wikidata – fill in city
yes,US,Giant Bomb,San Francisco,,https://www.giantbomb.com/,en,online,1,,,Q1657282,30,37.7750,-122.4194,
yes,US,Vice,Berlin,DD,https://www.vice.com/,en,online,1,exile,,Q249838,30,52.5167,13.3833,newsroom abroad (DD) – exile?
yes,US,The Christian Science Monitor,Boston,,https://www.csmonitor.com/,en,daily,1,,,Q284947,29,42.3603,-71.0578,
yes,US,Chicago Sun-Times,Chicago,,http://chicago.suntimes.com,en,daily,1,,,Q577417,29,41.8819,-87.6278,
no,US,Destructoid,,,https://www.destructoid.com,en,online,1,,,Q5265424,29,,,no place of publication/headquarters in Wikidata – fill in city
yes,US,The Epoch Times,New York City,,https://www.epochtimes.com/,en,daily,1,,,Q584472,27,40.7128,-74.0061,language from country default
yes,US,The Advocate,Los Angeles,,https://www.advocate.com/,en,magazine,1,,,Q752361,27,34.0522,-118.2437,
no,US,GameFAQs,,,https://gamefaqs.gamespot.com,en,online,1,,,Q693757,26,,,no place of publication/headquarters in Wikidata – fill in city
yes,US,The Hill,"Washington, D.C.",,https://thehill.com/,en,daily,1,,,Q7739683,25,38.8950,-77.0367,
no,US,Vox,,,https://www.vox.com,en,online,1,,,Q20877087,25,,,no place of publication/headquarters in Wikidata – fill in city
no,US,Today,,,http://www.today.com,en,online,1,,,Q130838,25,,,no place of publication/headquarters in Wikidata – fill in city; language from country default
yes,US,The Seattle Times,Seattle,,https://www.seattletimes.com/,en,daily,1,,,Q221718,24,47.6050,-122.3300,
yes,US,The Philadelphia Inquirer,Philadelphia,,http://www.philly.com/mld/inquirer/,en,daily,1,,,Q600111,24,39.9528,-75.1636,
yes,US,Stars and Stripes,"Washington, D.C.",,http://www.stripes.com/,en,online,1,,,Q1813221,24,38.8950,-77.0367,"types: daily, online"
no,US,The Forward,,,http://yiddish.forward.com/,en,daily,1,,,Q154301,24,,,no place of publication/headquarters in Wikidata – fill in city
yes,US,Miami Herald,Miami,,https://www.miamiherald.com/,en,daily,1,,,Q1706651,22,25.7742,-80.1936,
yes,US,The Daily Wire,Nashville,,https://www.dailywire.com,en,online,1,,,Q25094513,21,36.1622,-86.7744,"types: daily, online"
yes,US,Houston Chronicle,Houston,,https://www.chron.com/,en,daily,1,,,Q595564,21,29.7628,-95.3831,
yes,US,Axios,Arlington County,,https://axios.com,en,online,1,,,Q28230873,21,38.8803,-77.1083,language from country default
no,US,The Daily Beast,,,https://www.thedailybeast.com,en,online,1,,,Q1308139,21,,,no place of publication/headquarters in Wikidata – fill in city
yes,US,Boston Herald,Boston,,http://www.bostonherald.com,en,daily,1,,,Q773802,20,42.3603,-71.0578,
yes,US,The Baltimore Sun,Baltimore,,https://www.baltimoresun.com/,en,daily,1,,,Q47287,20,39.2864,-76.6150,
yes,US,Star Tribune,Minneapolis,,http://www.startribune.com/,en,daily,1,,,Q862148,20,44.9819,-93.2692,
yes,US,Consequence,Chicago,,http://www.consequence.net,en,daily,1,,,Q4036498,20,41.8819,-87.6278,language from country default
no,US,The Intercept,,,https://theintercept.com/,en,online,1,,,Q15725297,20,,,no place of publication/headquarters in Wikidata – fill in city
yes,US,The Dallas Morning News,Dallas,,https://www.dallasnews.com/,en,daily,1,,,Q889935,19,32.7792,-96.8089,
yes,US,New York Observer,New York City,,https://observer.com/,en,daily,1,,,Q2038698,19,40.7128,-74.0061,
yes,US,International Business Times,Manhattan,,https://www.ibtimes.com/,en,online,1,,,Q6510653,19,40.7283,-73.9942,
yes,US,The Mercury News,San Jose,,https://www.mercurynews.com/,en,daily,1,,,Q575741,18,37.3042,-121.8728,
yes,US,Tampa Bay Times,St. Petersburg,,https://www.tampabay.com/,en,daily,1,,,Q1714356,18,27.7731,-82.6400,
yes,US,The Daily Dot,Austin,,https://www.dailydot.com,en,online,1,,,Q3986493,18,30.3000,-97.7333,
yes,US,Newsday,Melville,,https://www.newsday.com/,en,daily,1,,,Q1140593,18,40.7917,-73.4056,
no,US,blabbermouth.net,,,https://www.blabbermouth.net/,en,online,1,,,Q182638,18,,,no place of publication/headquarters in Wikidata – fill in city; language from country default
yes,US,One America News Network,San Diego,,https://www.oann.com,en,online,1,,,Q17107494,18,32.7150,-117.1625,language from country default
yes,US,Detroit Free Press,Detroit,,https://www.freep.com/,en,daily,1,,,Q601669,17,42.3317,-83.0475,
yes,US,Pittsburgh Post-Gazette,Pittsburgh,,http://post-gazette.com,en,daily,1,,,Q3063794,17,40.4417,-80.0000,
no,US,Out,,,https://www.out.com/,en,online,1,,,Q951591,17,,,no place of publication/headquarters in Wikidata – fill in city
yes,US,San Francisco Examiner,San Francisco,,http://www.sfexaminer.com/,en,daily,1,,,Q2164240,16,37.7750,-122.4194,
yes,US,The Denver Post,Denver,,https://www.denverpost.com/,en,daily,1,,,Q2668654,16,39.7392,-104.9847,
yes,US,CNN-News18,Noida,IN,http://ibnlive.in.com/,en,online,1,exile,,Q1023924,16,28.5700,77.3200,newsroom abroad (IN) – exile?
yes,US,The Arizona Republic,Phoenix,,https://azcentral.com/,en,online,1,,,Q1514991,15,33.4483,-112.0739,"types: daily, online"
yes,US,Washington Blade,"Washington, D.C.",,https://washingtonblade.com/,en,daily,2,,,Q742091,14,38.8950,-77.0367,
yes,US,Los Angeles Daily News,Los Angeles,,http://www.dailynews.com,en,daily,2,,,Q499188,14,34.0522,-118.2437,
yes,US,The Austin Chronicle,Austin,,http://www.austinchronicle.com/,en,weekly,2,,,Q3519844,14,30.3000,-97.7333,"types: daily, weekly"
yes,US,The Fader,New York City,,http://www.thefader.com/,en,daily,2,,,Q3520826,14,40.7128,-74.0061,
yes,US,Deseret News,Salt Lake City,,https://www.deseretnews.com,en,daily,2,,,Q1056889,14,40.7500,-111.8833,
yes,US,Algemeiner Journal,Brooklyn,,http://www.algemeiner.com,en,daily,2,,,Q1961754,14,40.6508,-73.9497,
yes,US,The Diplomat,Arlington County,,https://thediplomat.com/,en,online,2,,,Q7730237,14,38.8803,-77.1083,
yes,US,Barron's,New York City,,https://www.barrons.com/,en,daily,2,,,Q4863797,14,40.7128,-74.0061,
no,US,Women's Wear Daily,,,http://www.wwd.com/,en,daily,2,,,Q3569766,14,,,no place of publication/headquarters in Wikidata – fill in city
yes,US,The Plain Dealer,Cleveland,,https://www.cleveland.com/,en,daily,2,,,Q286036,13,41.4992,-81.6947,
yes,US,The Indianapolis Star,Indianapolis,,https://indystar.com,en,daily,2,,,Q2314407,13,39.7686,-86.1581,
yes,US,Arab Times,Houston,,http://www.arabtimes.com,en,daily,2,,,Q4783261,13,29.7628,-95.3831,
yes,US,The Buffalo News,Buffalo,,https://buffalonews.com/,en,daily,2,,,Q1390786,13,42.8864,-78.8781,
yes,US,The Liberator,Boston,,http://www.theliberatorfiles.com/,en,weekly,2,,,Q1336674,13,42.3603,-71.0578,"types: daily, weekly"
yes,US,The Sacramento Bee,Sacramento,,http://sacbee.com/,en,daily,2,,,Q356300,12,38.5753,-121.4861,
yes,US,The Kansas City Star,Kansas City,,http://www.kansascity.com/,en,daily,2,,,Q3521457,12,39.0500,-94.5833,
yes,US,San Diego Union-Tribune,San Diego,,http://www.sandiegouniontribune.com/,en,daily,2,,,Q3547109,12,32.7150,-117.1625,
yes,US,LA Weekly,Los Angeles,,http://www.laweekly.com,en,daily,2,,,Q952554,12,34.0522,-118.2437,
yes,US,National Catholic Reporter,Kansas City,,http://NCRonline.org,en,daily,2,,,Q1266813,12,39.0500,-94.5833,
yes,US,The Oregonian,Portland,,http://www.oregonlive.com/,en,daily,2,,,Q1547338,12,45.5150,-122.6792,
yes,US,The Salt Lake Tribune,Salt Lake City,,https://www.sltrib.com,en,daily,2,,,Q1550315,12,40.7500,-111.8833,
yes,US,Hartford Courant,Hartford,,http://www.courant.com/,en,daily,2,,,Q1587159,12,41.7633,-72.6850,
yes,US,Chicago Reader,Chicago,,http://www.chicagoreader.com/,en,daily,2,,,Q2076422,12,41.8819,-87.6278,
yes,US,The Harvard Crimson,Cambridge,,https://www.thecrimson.com/,en,daily,2,,,Q3521215,12,42.3750,-71.1061,
yes,US,The Electronic Intifada,Chicago,,https://electronicintifada.net/,en,online,2,,,Q2227214,12,41.8819,-87.6278,
yes,US,National Enquirer,New York City,,http://www.nationalenquirer.com,en,daily,2,,,Q1814777,12,40.7128,-74.0061,
no,US,space.com,,,https://space.com/,en,online,2,,,Q3112835,12,,,no place of publication/headquarters in Wikidata – fill in city; language from country default
yes,US,Orlando Sentinel,Orlando,,http://www.orlandosentinel.com/,en,daily,2,,,Q746424,11,28.5336,-81.3867,
yes,US,The Star-Ledger,Newark,,http://www.nj.com/,en,daily,2,,,Q1024250,11,40.7356,-74.1722,
yes,US,The Daily Caller,"Washington, D.C.",,https://dailycaller.com,en,online,2,,,Q7728625,11,38.8950,-77.0367,
yes,US,Brooklyn Eagle,Brooklyn,,http://www.brooklyneagle.com,en,daily,2,,,Q4974820,10,40.6508,-73.9497,
yes,US,The Atlanta Journal-Constitution,Atlanta,,https://www.ajc.com/,en,daily,2,,,Q3092348,10,33.7544,-84.3897,
yes,US,The Athletic,San Francisco,,https://theathletic.com,en,online,2,,,Q39087006,10,37.7750,-122.4194,
no,US,The Detroit News,,,http://www.detnews.com/,en,daily,2,,,Q2703792,10,,,no place of publication/headquarters in Wikidata – fill in city
yes,US,The Blade,Toledo,,http://toledoblade.com/,en,daily,2,,,Q442288,9,41.6528,-83.5378,
yes,US,Anchorage Daily News,Anchorage,,http://www.adn.com/,en,daily,2,,,Q489214,9,61.2167,-149.8936,
yes,US,Беларус,Нью-Ёрк,,http://www.bielarus.org/,be,daily,2,,,Q3497081,9,40.7128,-74.0061,
yes,US,The Palm Beach Post,West Palm Beach,,https://www.palmbeachpost.com/,en,daily,2,,,Q3522163,9,26.7097,-80.0642,
yes,US,San Antonio Express-News,San Antonio,,http://expressnews.com,en,daily,2,,,Q3946733,9,29.4250,-98.4939,
yes,US,Honolulu Star-Advertiser,Honolulu,,http://www.staradvertiser.com/,en,daily,2,,,Q941351,9,21.3047,-157.8572,
yes,US,Milwaukee Journal Sentinel,Milwaukee,,http://www.jsonline.com/,en,daily,2,,,Q1765623,9,43.0500,-87.9500,
yes,US,The Cincinnati Enquirer,Cincinnati,,http://www.cincinnati.com/,en,daily,2,,,Q1265728,9,39.1000,-84.5125,
yes,US,Al-Monitor,"Washington, D.C.",,http://al-monitor.com/,en,online,2,,,Q4702909,9,38.8950,-77.0367,
yes,US,EurasiaNet,Harriman Institute,,https://eurasianet.org/,en,online,2,,,Q19878131,9,40.8077,-73.9597,
yes,US,God TV,Jerusalem,IL,https://www.god.tv/,en,online,2,exile,,Q826862,9,31.7767,35.2342,newsroom abroad (IL) – exile?
yes,US,ComicBook.com,Nashville,,https://comicbook.com,en,online,2,,,Q24075231,9,36.1622,-86.7744,
yes,US,The Chronicle of Higher Education,"Washington, D.C.",,http://www.chronicle.washington.dc.us/,en,online,2,,,Q73617,8,38.8950,-77.0367,"types: daily, online"
yes,US,La Opinión,Los Ángeles,,http://www.laopinion.com,es,daily,2,,,Q666651,8,34.0522,-118.2437,
yes,US,The Capital,Annapolis,,http://www.capitalgazette.com/,en,daily,2,,,Q3520197,8,38.9786,-76.4919,language from country default
yes,US,Las Vegas Review-Journal,Las Vegas,,http://www.reviewjournal.com/,en,daily,2,,,Q3632498,8,36.1672,-115.1486,
yes,US,The Des Moines Register,Des Moines,,http://www.desmoinesregister.com,en,daily,2,,,Q3917258,8,41.5908,-93.6208,
yes,US,The Orange County Register,Santa Ana,,http://www.ocregister.com/,en,daily,2,,,Q2413231,8,33.7408,-117.8814,
yes,US,Asbarez,Los Angeles,,https://asbarez.am,en,daily,2,,,Q3235454,8,34.0522,-118.2437,
no,US,Emerging Infectious Diseases,,,https://wwwnc.cdc.gov/eid/,en,daily,2,,,Q5235761,8,,,no place of publication/headquarters in Wikidata – fill in city
yes,US,Amsterdam News,New York City,,http://amsterdamnews.com,en,daily,2,,,Q1140177,8,40.7128,-74.0061,
yes,US,Green Anarchy,Eugene,,http://greenanarchy.anarchyplanet.org/,en,daily,2,,,Q1544564,8,44.0522,-123.0925,
yes,US,Arizona Daily Star,Tucson,,https://tucson.com/,en,daily,2,,,Q1982939,8,32.2217,-110.9264,
yes,US,El Diario La Prensa,Brooklyn,,http://www.eldiariony.com/,es,daily,2,,,Q2066807,8,40.6508,-73.9497,
yes,US,Tulsa World,Tulsa,,https://tulsaworld.com/,en,daily,2,,,Q7852377,8,36.1314,-95.9372,
no,US,RPGamer,,,https://rpgamer.com/,en,online,2,,,Q612968,8,,,no place of publication/headquarters in Wikidata – fill in city
yes,US,GameDaily,United States,,https://www.gamedaily.biz,en,online,2,,,Q2710110,8,39.8282,-98.5795,language from country default
no,US,Inside Edition,,,https://www.insideedition.com/,en,online,2,,,Q3151548,8,,,no place of publication/headquarters in Wikidata – fill in city
yes,US,St. Louis Post-Dispatch,St. Louis,,https://www.stltoday.com/,en,daily,2,,,Q3495288,7,38.6264,-90.1994,
yes,US,The Providence Journal,Providence,,http://www.providencejournal.com/,en,daily,2,,,Q3522349,7,41.8240,-71.4128,
yes,US,Austin American-Statesman,Austin,,http://www.statesman.com/,en,daily,2,,,Q3629935,7,30.3000,-97.7333,
yes,US,Fort Worth Star-Telegram,Fort Worth,,http://www.star-telegram.com,en,daily,2,,,Q2408536,7,32.7564,-97.3325,
yes,US,Pittsburgh Tribune-Review,Pittsburgh,,http://www.triblive.com,en,daily,2,,,Q3044967,7,40.4417,-80.0000,
yes,US,El Nuevo Día,Guaynabo,,http://www.elnuevodia.com/,es,daily,2,,,Q3050130,7,18.3667,-66.1000,
yes,US,National Catholic Register,Denver,,http://www.ncregister.com,en,daily,2,,,Q2745511,7,39.7392,-104.9847,
yes,US,Navajo Times,Window Rock,,http://www.navajotimes.com/,en,daily,2,,,Q6981660,7,35.6728,-109.0622,
yes,US,Santa Cruz Sentinel,Santa Cruz,,http://www.santacruzsentinel.com/,en,daily,2,,,Q7419429,7,36.9721,-122.0263,
yes,US,Miami New Times,Miami,,https://www.miaminewtimes.com/,en,daily,2,,,Q6827370,7,25.7742,-80.1936,
yes,US,Свобода,Джерсі-Сіті,,http://www.svoboda-news.com/,uk,daily,2,,,Q7652765,7,40.7100,-74.0600,
yes,US,Human Events,United States,,http://www.humanevents.com,en,online,2,,,Q1025062,7,39.8282,-98.5795,"types: daily, online"
no,US,BuzzFeed News,,,https://www.buzzfeednews.com,en,online,2,,,Q55715275,7,,,no place of publication/headquarters in Wikidata – fill in city; language from country default
yes,US,Hiwwe wie Driwwe,Kutztown,,http://www.hiwwe-wie-driwwe.de,de,daily,2,,,Q574474,7,40.5197,-75.7753,
yes,US,The Tennessean,Nashville,,http://www.tennessean.com/,en,daily,2,,,Q4808006,7,36.1622,-86.7744,
yes,US,Pakistan Today,Lahore,PK,http://pakistantoday.com.pk,en,daily,2,exile,,Q7125725,7,31.5497,74.3436,newsroom abroad (PK) – exile?
yes,US,Right Side Broadcasting Network,Auburn,,https://rsbnetwork.com/,en,online,2,,,Q27629636,7,32.5977,-85.4808,language from country default
yes,US,Hardcore Gamer,Montreal,CA,http://www.hardcoregamer.com,en,online,2,exile,,Q838464,7,45.5033,-73.5868,newsroom abroad (CA) – exile?
yes,US,Portland Tribune,Portland,,http://portlandtribune.com/,en,daily,2,,,Q430266,6,45.5150,-122.6792,
yes,US,Army Times,Springfield,,http://www.armytimes.com/,en,daily,2,,,Q689778,6,38.7886,-77.1794,
yes,US,SF Weekly,San Francisco,,http://www.sfweekly.com,en,daily,2,,,Q3481254,6,37.7750,-122.4194,
yes,US,The Press Democrat,Santa Rosa,,http://www.pressdemocrat.com,en,daily,2,,,Q3988817,6,38.4486,-122.7047,
yes,US,The Bismarck Tribune,Bismarck,,https://bismarcktribune.com/,en,daily,2,,,Q2904709,6,46.8083,-100.7837,
yes,US,Oakland Tribune,Oakland,,https://www.eastbaytimes.com/location/oakland/,en,daily,2,,,Q3234627,6,37.8000,-122.2500,
yes,US,The Chicago Defender,Chicago,,http://chicagodefender.com/,en,daily,2,,,Q961669,6,41.8819,-87.6278,
yes,US,Armenian Weekly,Watertown,,https://armenianweekly.com,en,daily,2,,,Q4793242,6,42.3708,-71.1833,
yes,US,The Charlotte Observer,Charlotte,,https://charlotteobserver.com,en,daily,2,,,Q5486310,6,35.2269,-80.8433,
yes,US,The Michigan Daily,Ann Arbor,,http://www.michigandaily.com/,en,daily,2,,,Q7751250,6,42.2814,-83.7483,
yes,US,The Oklahoman,Oklahoma City,,https://www.oklahoman.com/,en,daily,2,,,Q7754787,6,35.4822,-97.5353,
yes,US,Rafu Shimpo,Los Angeles,,https://rafu.com,en,daily,2,,,Q7282746,6,34.0522,-118.2437,
yes,US,Roll Call,"Washington, D.C.",,http://www.rollcall.com,en,daily,2,,,Q7360873,6,38.8950,-77.0367,
yes,US,South Florida Sun Sentinel,Fort Lauderdale,,https://www.sun-sentinel.com/,en,daily,2,,,Q7638122,6,26.1358,-80.1419,
yes,US,The Republican,Springfield,,https://www.masslive.com/,en,daily,2,,,Q2276678,6,42.1124,-72.5475,
yes,US,The Jewish Press,Brooklyn,,http://www.jewishpress.com/,en,daily,2,,,Q3521433,6,40.6508,-73.9497,
yes,US,Global Finance,New York City,,http://www.gfmag.com,en,daily,2,,,Q4039489,6,40.7128,-74.0061,
no,US,People's World,,,http://www.mundopopular.org/,en,daily,2,,,Q2069661,6,,,no place of publication/headquarters in Wikidata – fill in city; language from country default
yes,US,The Honolulu Advertiser,Honolulu County,,http://www.honoluluadvertiser.com,en,daily,2,,,Q7740166,6,21.4667,-157.9667,
no,US,Under the Radar,,,http://www.undertheradarmag.com/,en,daily,2,,,Q7883372,6,,,no place of publication/headquarters in Wikidata – fill in city
no,US,The Gateway Pundit,,,https://www.thegatewaypundit.com,en,online,2,,,Q30589935,6,,,no place of publication/headquarters in Wikidata – fill in city
no,US,404 Media,,,https://www.404media.co/,en,online,2,,,Q123137716,6,,,no place of publication/headquarters in Wikidata – fill in city; language from country default
no,US,Accuracy in Media,,,http://www.aim.org/,en,online,2,,,Q4167245,6,,,no place of publication/headquarters in Wikidata – fill in city; language from country default
yes,US,El Paso Times,El Paso,,http://elpasotimes.com/,en,daily,3,,,Q3720972,5,31.7592,-106.4886,
yes,US,Baltimore Afro-American,Baltimore,,http://www.afro.com/,en,daily,3,,,Q2826234,5,39.2864,-76.6150,
yes,US,Haïti Progrès,Port-au-Prince,HT,http://www.haitiprogres.com/,fr,daily,3,exile,,Q3128933,5,18.5469,-72.3403,newsroom abroad (HT) – exile?
yes,US,Houston Press,Houston,,http://www.houstonpress.com/,en,daily,3,,,Q3141398,5,29.7628,-95.3831,
yes,US,Dayton Daily News,Dayton,,http://www.daytondailynews.com/,en,daily,3,,,Q5243517,5,39.7667,-84.2000,
yes,US,Las Vegas Sun,Las Vegas,,http://www.lasvegassun.com/,en,daily,3,,,Q4260860,5,36.1672,-115.1486,
yes,US,Akron Beacon Journal,Akron,,https://eu.beaconjournal.com/,en,daily,3,,,Q4701671,5,41.0731,-81.5178,
yes,US,El Nuevo Herald,Miami,,http://www.elNuevoHerald.com/,es,daily,3,,,Q1324423,5,25.7742,-80.1936,
yes,US,New Yorker Staats-Zeitung,Sarasota,,http://www.germancorner.com/NYStaatsZ/,en,daily,3,,,Q1711033,5,27.3372,-82.5353,
yes,US,The Fresno Bee,Fresno,,https://www.fresnobee.com/,en,daily,3,,,Q7735278,5,36.7817,-119.7922,
yes,US,Omaha World-Herald,Omaha,,https://omaha.com/,en,daily,3,,,Q7089470,5,41.2586,-95.9375,
yes,US,The Modesto Bee,Modesto,,http://www.modbee.com/,en,daily,3,,,Q7751895,5,37.6614,-120.9944,
yes,US,The Record,Hackensack,,http://northjersey.com/,en,daily,3,,,Q7759803,5,40.8878,-74.0481,
yes,US,Portland Press Herald,Portland,,http://pressherald.com,en,daily,3,,,Q7232009,5,43.6600,-70.2550,
yes,US,Richmond Times-Dispatch,Richmond,,http://www.richmond.com/,en,daily,3,,,Q7331013,5,37.5408,-77.4367,
yes,US,Montgomery Advertiser,Montgomery,,http://www.montgomeryadvertiser.com/,en,daily,3,,,Q6905642,5,32.3675,-86.3000,
yes,US,Telegram & Gazette,Worcester,,https://www.telegram.com/,en,daily,3,,,Q7696200,5,42.2714,-71.7989,
yes,US,The Birmingham News,Birmingham,,http://www.al.com/birmingham/,en,daily,3,,,Q7718111,5,33.5175,-86.8094,
yes,US,New Pittsburgh Courier,Pittsburgh,,http://www.newpittsburghcourieronline.com/,en,daily,3,,,Q17071505,5,40.4417,-80.0000,
yes,US,The Daily Signal,"Washington, D.C.",,http://www.dailysignal.com,en,online,3,,,Q19876693,5,38.8950,-77.0367,"types: daily, online"
yes,US,Washington City Paper,"Washington, D.C.",,http://washingtoncitypaper.com,en,daily,3,,,Q7971727,5,38.8950,-77.0367,
yes,US,Evansville Courier & Press,Evansville,,https://www.courierpress.com/,en,daily,3,,,Q5416030,5,37.9747,-87.5558,
yes,US,The Commercial Appeal,Memphis,,http://www.commercialappeal.com/,en,daily,3,,,Q7726978,5,35.1461,-90.0519,
no,US,WorldNetDaily,,,https://www.wnd.com,en,online,3,,,Q3569943,5,,,no place of publication/headquarters in Wikidata – fill in city; language from country default
no,US,Compact,,,https://compactmag.com/,en,online,3,,,Q111937653,5,,,no place of publication/headquarters in Wikidata – fill in city
no,US,The Free Press,,,https://www.thefp.com/,en,online,3,,,Q116769322,5,,,no place of publication/headquarters in Wikidata – fill in city; language from country default
yes,US,The Jewish Journal of Greater Los Angeles,Los Angeles,,http://www.jewishjournal.com,en,weekly,3,,,Q7743221,5,34.0522,-118.2437,
yes,US,Honolulu Star-Bulletin,Honolulu County,,http://starbulletin.com/,en,daily,3,,,Q3625579,5,21.4667,-157.9667,
no,US,The Morning Call,Allentown,,http://mcall.com/,en,daily,3,,,Q3910677,5,40.6000,-75.4833,
no,US,Reading Eagle,Reading,,http://www.readingeagle.com/,en,daily,3,,,Q7300500,5,40.3417,-75.9261,
no,US,Daily Herald,Arlington Heights,,https://dailyherald.com/,en,daily,3,,,Q5209265,5,42.0950,-87.9808,language from country default
no,US,The Chronicle of Philanthropy,,,https://www.philanthropy.com/,en,daily,3,,,Q7722802,5,,,no place of publication/headquarters in Wikidata – fill in city
no,US,The Evening World,New York City,,http://www.loc.gov/chroniclingamerica/lccn/sn83030193/issues,en,daily,3,,,Q7732652,5,40.7128,-74.0061,
no,US,The Ukrainian Weekly,,,http://www.ukrweekly.com/,en,daily,3,,,Q12072719,5,,,no place of publication/headquarters in Wikidata – fill in city
no,US,The Stanford Daily,,,https://www.stanforddaily.com/,en,daily,3,,,Q7766234,5,,,no place of publication/headquarters in Wikidata – fill in city
no,US,Religion News Service,,,https://religionnews.com,en,online,3,,,Q7311122,5,,,no place of publication/headquarters in Wikidata – fill in city; language from country default
no,US,Townhall,,,http://www.townhall.com,en,online,3,,,Q7830117,5,,,no place of publication/headquarters in Wikidata – fill in city
no,US,Elite Daily,,,http://www.elitedaily.com/,en,online,3,,,Q21189375,5,,,no place of publication/headquarters in Wikidata – fill in city; language from country default
no,US,MMA Fighting,,,https://www.mmafighting.com/,en,online,3,,,Q55621575,5,,,no place of publication/headquarters in Wikidata – fill in city
no,US,Classic Game Room,,,http://www.classicgameroom.com/,en,online,3,,,Q677984,5,,,no place of publication/headquarters in Wikidata – fill in city; language from country default
no,US,Seattle Weekly,Seattle,,https://www.seattleweekly.com/,en,daily,3,,,Q861430,4,47.6050,-122.3300,
no,US,The Burlington Free Press,Burlington,,http://www.burlingtonfreepress.com/,en,daily,3,,,Q3520162,4,44.4761,-73.2131,
no,US,The Columbus Dispatch,Columbus,,http://dispatch.com,en,daily,3,,,Q3520347,4,39.9622,-83.0006,
no,US,Florida Times-Union,Jacksonville,,http://jacksonville.com/,en,daily,3,,,Q3520924,4,30.3167,-81.6500,
no,US,דער איד,ניו יארק,,http://www.deryid.org/,yi,daily,3,,,Q3569515,4,40.7128,-74.0061,
no,US,The Jackson Sun,Jackson,,http://Jacksonsun.com,en,daily,3,,,Q4051135,4,35.6144,-88.8178,language from country default
no,US,Street Sheet,San Francisco,,http://www.streetsheet.org,en,daily,3,,,Q2678346,4,37.7750,-122.4194,
no,US,Defense News,Tysons,,http://www.defensenews.com/,en,daily,3,,,Q3021206,4,38.9186,-77.2297,
no,US,Knoxville News Sentinel,Knoxville,,http://www.knoxnews.com/,en,daily,3,,,Q3198071,4,35.9617,-83.9233,
no,US,Pasadena Star-News,Pasadena,,http://pasadenastarnews.com,en,daily,3,,,Q3235218,4,34.1475,-118.1439,
no,US,The Courier-News,Bridgewater Township,,http://MyCentralJersey.com/,en,daily,3,,,Q5178140,4,40.5931,-74.6047,
no,US,Dallas Observer,Dallas,,http://www.dallasobserver.com/,en,daily,3,,,Q5211375,4,32.7792,-96.8089,
no,US,Draugas (laikraštis),Čikaga,,http://www.draugas.org,lt,daily,3,,,Q5305930,4,41.8819,-87.6278,
no,US,El Mundo,San Juan,,http://ufdc.ufl.edu/CA03599022/00478,es,daily,3,,,Q5351656,4,18.4653,-66.1167,
no,US,Socialist Worker,London,GB,https://socialistworker.co.uk/,en,daily,3,exile,,Q4049684,4,51.5072,-0.1275,newsroom abroad (GB) – exile?
no,US,Arizona Silver Belt,Globe,,https://silverbelt.com/,en,weekly,3,,,Q4791398,4,33.3997,-110.7817,"types: daily, weekly"
no,US,Asbury Park Press,Neptune City,,https://app.com/,en,daily,3,,,Q4803751,4,40.2002,-74.0336,
no,US,Winston-Salem Journal,Winston-Salem,,http://www.journalnow.com/,en,daily,3,,,Q962388,4,36.1025,-80.2606,
no,US,The Recycler,,,https://recycler.com/,en,daily,3,,,Q1091594,4,,,no place of publication/headquarters in Wikidata – fill in city
no,US,Corpus Christi Caller-Times,Corpus Christi,,http://www.caller.com/,en,daily,3,,,Q1135130,4,27.7428,-97.4019,
no,US,Las Vegas Weekly,Las Vegas,,http://lasvegasweekly.com/,en,daily,3,,,Q1270762,4,36.1672,-115.1486,language from country default
no,US,Gazette of the United States,Philadelphia,,http://infoweb.newsbank.com/?db=EANX&s_browseRef=decades/109216BF6CAD39B0/all.xml,en,daily,3,,,Q1496634,4,39.9528,-75.1636,
no,US,The Augusta Chronicle,Augusta,,http://chronicle.augusta.com/,en,daily,3,,,Q2065751,4,33.4700,-81.9750,
no,US,The Daily Tar Heel,Chapel Hill,,http://www.dailytarheel.com/,en,daily,3,,,Q7728724,4,35.9073,-79.0499,
no,US,The Desert Sun,Palm Springs,,http://desertsun.com,en,daily,3,,,Q7729814,4,33.8239,-116.5303,language from country default
no,US,The Gazette,Colorado Springs,,http://gazette.com/,en,daily,3,,,Q7736011,4,38.8633,-104.7919,
no,US,City Pages,Minneapolis,,https://citypages.com/,en,daily,3,,,Q5123343,4,44.9819,-93.2692,
no,US,Navy Times,Springfield,,http://www.navytimes.com/,en,daily,3,,,Q6982690,4,38.7886,-77.1794,
no,US,OC Weekly,Fountain Valley,,http://ocweekly.com/,en,daily,3,,,Q7072409,4,33.7086,-117.9563,
no,US,The Press-Enterprise,Riverside,,http://www.pe.com/,en,daily,3,,,Q7758089,4,33.9822,-117.3725,
no,US,The Press of Atlantic City,Pleasantville,,http://www.pressofatlanticcity.com,en,daily,3,,,Q7758096,4,39.3888,-74.5143,
no,US,The Sheboygan Press,Sheboygan,,http://www.sheboyganpress.com,en,daily,3,,,Q7763735,4,43.7500,-87.7250,
no,US,The Spokesman-Review,Coeur d'Alene,,http://spokesman.com/,en,daily,3,,,Q7765988,4,47.6928,-116.7800,
no,US,The Times,Shreveport,,https://www.shreveporttimes.com/,en,daily,3,,,Q7769391,4,32.5081,-93.7628,
no,US,The Washington Informer,"Washington, D.C.",,https://www.washingtoninformer.com/,en,daily,3,,,Q7773641,4,38.8950,-77.0367,
no,US,The Wichita Eagle,Wichita,,http://www.kansas.com/,en,daily,3,,,Q7774724,4,37.6889,-97.3361,
no,US,The World,Coos Bay,,http://theworldlink.com/,en,daily,3,,,Q7775915,4,43.3672,-124.2133,
no,US,Washington Hispanic,Silver Spring,,http://www.washingtonhispanic.com/,es,daily,3,,,Q6166493,4,39.0024,-77.0208,
no,US,Reno Gazette-Journal,Reno,,http://www.rgj.com/,en,daily,3,,,Q7313391,4,39.5261,-119.8125,
no,US,Lincoln Journal Star,Lincoln,,https://journalstar.com/,en,daily,3,,,Q6550788,4,40.8092,-96.6781,
no,US,Mail Tribune,Medford,,https://mailtribune.com/,en,daily,3,,,Q6735705,4,42.3319,-122.8617,
no,US,Massis,Pasadena,,http://massisweekly.com/,en,daily,3,,,Q6784787,4,34.1475,-118.1439,
no,US,Star-Gazette,Elmira,,http://www.stargazette.com,en,daily,3,,,Q7600511,4,42.0853,-76.8092,language from country default
no,US,Street Roots,Portland,,http://www.streetroots.org/,en,daily,3,,,Q7622911,4,45.5150,-122.6792,language from country default
no,US,Street Sense,"Washington, D.C.",,http://www.streetsense.org,en,daily,3,,,Q7622919,4,38.8950,-77.0367,language from country default
no,US,The Albany Herald,Albany,,http://www.albanyherald.com/,en,daily,3,,,Q7712999,4,31.5822,-84.1656,language from country default
no,US,Hawaii Tribune-Herald,Hilo,,https://www.hawaiitribune-herald.com/,en,daily,3,,,Q13447569,4,19.7056,-155.0858,
no,US,The Journal News,White Plains,,http://www.lohud.com/,en,daily,3,,,Q15059324,4,41.0325,-73.7667,
no,US,Ventura County Star,Ventura,,http://www.vcstar.com/,en,daily,3,,,Q7920380,4,34.2678,-119.2542,
no,US,Wisconsin State Journal,Madison,,https://madison.com,en,daily,3,,,Q8027325,4,43.0747,-89.3842,
no,US,Իրատես,Երևան,AM,https://www.irates.am,hy,daily,3,exile,,Q11123578,4,40.1814,44.5144,newsroom abroad (AM) – exile?
no,US,Yale Daily News,,,https://yaledailynews.com/,en,daily,3,,,Q2599070,4,,,no place of publication/headquarters in Wikidata – fill in city
no,US,Albuquerque Journal,Albuquerque,,http://www.abqjournal.com/,en,daily,3,,,Q4712813,4,35.0844,-106.6503,
no,US,KAIT,Jonesboro,,https://www.kait8.com,en,online,3,,,Q3191320,4,35.8333,-90.7000,language from country default
no,US,Hawaii News Now,,,http://www.hawaiinewsnow.com,en,online,3,,,Q16842281,4,,,no place of publication/headquarters in Wikidata – fill in city; language from country default
no,US,Semafor,,,https://www.semafor.com/,en,online,3,,,Q112966863,4,,,no place of publication/headquarters in Wikidata – fill in city
no,US,SFGATE,,,https://www.sfgate.com/,en,online,3,,,Q113022507,4,,,no place of publication/headquarters in Wikidata – fill in city; language from country default
no,US,Automotive News,,,http://www.autonews.com,en,daily,3,,,Q787918,4,,,no place of publication/headquarters in Wikidata – fill in city
no,US,Argus Leader,Sioux Falls,,http://argusleader.com,en,daily,3,,,Q4789787,4,43.5461,-96.7314,
no,US,The New Hampshire Gazette,Portsmouth,,http://nhgazette.com/,en,daily,3,,,Q4051209,4,43.0757,-70.7608,
no,US,The Villager,New York City,,http://www.thevillager.com/,en,daily,3,,,Q3431433,4,40.7128,-74.0061,
no,US,The Sun,Lowell,,http://lowellsun.com/,en,daily,3,,,Q2077538,4,42.6394,-71.3147,language from country default
no,US,Real Change,Seattle,,http://www.realchangenews.org/,en,daily,3,,,Q7300864,4,47.6050,-122.3300,language from country default
no,US,Lexington Herald-Leader,Lexington,,https://www.kentucky.com/,en,daily,3,,,Q6537812,4,38.0497,-84.4586,
no,US,New Hampshire Union Leader,Manchester,,http://unionleader.com/,en,daily,3,,,Q7008331,4,42.9908,-71.4636,
no,US,The New York Age,New York City,,https://thenewyorkage.com,en,daily,3,,,Q7013005,4,40.7128,-74.0061,
no,US,The Washington Herald,"Washington, D.C.",,https://newscomwc.newspapers.com/title_1374/The_Washington_Herald,en,daily,3,,,Q7971912,4,38.8950,-77.0367,
no,US,The Grand Rapids Press,Grand Rapids,,http://www.mlive.com/grpress/,en,daily,3,,,Q3521103,4,42.9633,-85.6678,
no,US,Drop Site News,"Washington, D.C.",,https://www.dropsitenews.com/,en,online,3,,,Q127429085,4,38.8950,-77.0367,
no,US,The Information,San Francisco,,https://www.theinformation.com/,en,online,3,,,Q30609005,4,37.7750,-122.4194,language from country default
no,US,Kill Screen,New York City,,https://killscreen.com/previously,en,online,3,,,Q22080848,4,40.7128,-74.0061,
no,US,Asheville Citizen-Times,Asheville,,http://www.citizen-times.com/,en,daily,3,,,Q725212,3,35.5956,-82.5519,
no,US,Staten Island Advance,Staten Island,,https://www.silive.com/,en,daily,3,,,Q737529,3,40.5719,-74.1469,language from country default
no,US,Bay Area Reporter,San Francisco,,https://ebar.com,en,daily,3,,,Q812061,3,37.7750,-122.4194,
no,US,Territorial Enterprise,Virginia City,,http://www.territorial-enterprise.com,en,daily,3,,,Q3518832,3,39.3103,-119.6494,language from country default
no,US,The Columbian,Vancouver,,https://www.columbian.com/,en,daily,3,,,Q3520345,3,45.6311,-122.6717,
no,US,The Stranger,Seattle,,https://www.thestranger.com/,en,daily,3,,,Q3522886,3,47.6050,-122.3300,
no,US,Tuscaloosa News,Tuscaloosa,,https://www.tuscaloosanews.com/,en,daily,3,,,Q3989726,3,33.2067,-87.5347,
no,US,Sarasota Herald-Tribune,Sarasota,,http://heraldtribune.com/,en,daily,3,,,Q2843705,3,27.3372,-82.5353,
no,US,Green Bay Press-Gazette,Green Bay,,http://greenbaypressgazette.com/,en,daily,3,,,Q3116075,3,44.5133,-88.0133,
no,US,Daily Emerald,Eugene,,http://dailyemerald.com/,en,daily,3,,,Q5209246,3,44.0522,-123.0925,language from country default
no,US,The Daily Illini,Champaign,,http://www.dailyillini.com,en,daily,3,,,Q5209274,3,40.1164,-88.2436,
no,US,Daily Racing Form,Chicago,,http://www.drf.com,en,daily,3,,,Q5209350,3,41.8819,-87.6278,
no,US,Daily Sitka Sentinel,Sitka,,http://sitkasentinel.com/,en,daily,3,,,Q5209365,3,57.0533,-135.3347,language from country default
no,US,Delaware County Daily Times,Upper Darby Township,,https://www.delcotimes.com/,en,daily,3,,,Q5253265,3,39.9583,-75.3081,
no,US,Democrat and Chronicle,Rochester,,http://www.democratandchronicle.com/,en,daily,3,,,Q5255534,3,43.1656,-77.6114,
no,US,East Oregonian,Pendleton,,http://www.eastoregonian.com,en,daily,3,,,Q5329086,3,45.6697,-118.7914,
no,US,El Imparcial,San Juan,,http://www.imparcial.pr,es,daily,3,,,Q5351421,3,18.4653,-66.1167,
no,US,Baltimore Jewish Times,Baltimore,,http://www.jewishtimes.com/,en,daily,3,,,Q4852884,3,39.2864,-76.6150,
no,US,Pacific Daily News,Hagåtña,,https://www.guampdn.com/,en,online,3,,,Q7122425,3,13.4833,144.7500,"types: daily, online"
no,US,Alaska Star,Eagle River,,https://www.alaskastar.com/,en,daily,3,,,Q4708607,3,61.3214,-149.5680,language from country default
no,US,The Philadelphia Tribune,Philadelphia,,http://www.phillytrib.com/,en,daily,3,,,Q7182836,3,39.9528,-75.1636,
no,US,The Call,Kansas City,,https://www.kccallnews.net/,en,daily,3,,,Q7720998,3,39.0500,-94.5833,
no,US,American Banker,New York City,,https://www.americanbanker.com/,en,online,3,,,Q4743130,3,40.7128,-74.0061,"types: daily, online"
no,US,The Courier-Journal,Louisville,,http://www.courier-journal.com/,en,daily,3,,,Q1567585,3,38.2561,-85.7514,
no,US,Willamette Week,Portland,,http://www.wweek.com/,en,daily,3,,,Q1750565,3,45.5150,-122.6792,
no,US,The Christian Post,,,http://christianpost.com/,en,daily,3,,,Q7722722,3,,,no place of publication/headquarters in Wikidata – fill in city
no,US,The Citizens' Voice,Wilkes-Barre,,http://citizensvoice.com/,en,daily,3,,,Q7723138,3,41.2444,-75.8781,
no,US,The Daily Californian,Berkeley,,https://www.dailycal.org/,en,daily,3,,,Q7728624,3,37.8703,-122.2681,
no,US,The Fayetteville Observer,Fayetteville,,http://www.fayobserver.com,en,daily,3,,,Q7733570,3,35.0667,-78.9175,
no,US,The Garden Island,Līhuʻe,,http://thegardenisland.com/,en,daily,3,,,Q7735822,3,21.9747,-159.3656,
no,US,The Gettysburg Times,Gettysburg,,https://www.gettysburgtimes.com/,en,daily,3,,,Q7736245,3,39.8283,-77.2322,language from country default
no,US,Great Falls Tribune,Great Falls,,http://www.greatfallstribune.com/,en,daily,3,,,Q5599170,3,47.5036,-111.2864,
no,US,Columbia Daily Tribune,Columbia,,http://www.columbiatribune.com/,en,daily,3,,,Q5149683,3,38.9517,-92.3341,
no,US,Napa Valley Register,Napa,,https://napavalleyregister.com/,en,daily,3,,,Q6964800,3,38.3000,-122.3000,
no,US,News-Journal,Wilmington,,http://www.wnewsj.com/,en,daily,3,,,Q7019405,3,39.4458,-83.8292,
no,US,Niagara Gazette,Niagara Falls,,http://www.niagara-gazette.com,en,daily,3,,,Q7023710,3,43.0939,-79.0169,language from country default
no,US,Nowy Dziennik (Polish Daily News),Garfield,,https://dziennik.com/,pl,daily,3,,,Q7067036,3,40.8798,-74.1083,
no,US,Peninsula Clarion,Kenai,,https://www.peninsulaclarion.com/,en,daily,3,,,Q7162921,3,60.5544,-151.2583,language from country default
no,US,The Maui News,Wailuku,,http://www.mauinews.com/,en,daily,3,,,Q7750696,3,20.8917,-156.5019,
no,US,The New Northwest,Portland,,https://oregonnews.uoregon.edu/lccn/sn84022673/1871-05-05/ed-1/seq-1/,en,daily,3,,,Q7753694,3,45.5150,-122.6792,
no,US,The News & Observer,Raleigh,,https://www.newsobserver.com/,en,daily,3,,,Q7753904,3,35.7800,-78.6400,
no,US,Nome Nugget,Nome,,http://nomenugget.net/,en,daily,3,,,Q7754288,3,64.5000,-165.4000,
no,US,The Oregon Journal,Portland,,https://www.theoregonjournal.com,en,daily,3,,,Q7755324,3,45.5150,-122.6792,
no,US,The Portland Mercury,Portland,,https://www.portlandmercury.com/,en,daily,3,,,Q7757816,3,45.5150,-122.6792,language from country default
no,US,Post and Courier,Charleston,,http://www.postandcourier.com/,en,daily,3,,,Q7757866,3,32.7833,-79.9319,
no,US,The Register-Guard,Eugene,,https://www.registerguard.com/,en,daily,3,,,Q7760062,3,44.0522,-123.0925,
no,US,The Republic,Columbus,,https://www.therepublic.com/,en,daily,3,,,Q7760230,3,39.2140,-85.9111,
no,US,The Santa Fe New Mexican,Santa Fe,,https://www.santafenewmexican.com/,en,daily,3,,,Q7762258,3,35.6667,-105.9667,
no,US,The State,Columbia,,http://www.thestate.com/,en,daily,3,,,Q7766365,3,34.0006,-81.0442,
no,US,The Virginia Gazette,Williamsburg,,http://vagazette.com,en,daily,3,,,Q7772819,3,37.2708,-76.7069,language from country default
no,US,Times Herald-Record,Middletown,,http://www.recordonline.com/,en,daily,3,,,Q7806534,3,41.4503,-74.4175,
no,US,Indiana Daily Student,Bloomington,,http://www.idsnews.com,en,daily,3,,,Q6023130,3,39.1667,-86.5347,language from country default
no,US,Investor's Business Daily,Los Angeles,,http://www.investors.com/,en,online,3,,,Q6060911,3,34.0522,-118.2437,"types: daily, online"
no,US,Iowa City Press-Citizen,Iowa City,,http://www.press-citizen.com,en,daily,3,,,Q6064309,3,41.6558,-91.5250,
no,US,Juneau Empire,Juneau,,http://juneauempire.com/,en,daily,3,,,Q6312479,3,58.3019,-134.4197,
no,US,Kennebec Journal,Augusta,,https://www.centralmaine.com/,en,daily,3,,,Q6389544,3,44.3106,-69.7794,
no,US,Kokomo Tribune,Kokomo,,https://www.kokomotribune.com/,en,daily,3,,,Q6426766,3,40.4822,-86.1317,language from country default
no,US,Lansing State Journal,Lansing,,http://www.lsj.com/,en,daily,3,,,Q6487485,3,42.7335,-84.5467,language from country default
no,US,Ledger-Enquirer,Columbus,,http://www.ledger-enquirer.com/,en,daily,3,,,Q6512650,3,32.4922,-84.9403,
no,US,Philadelphia Weekly,Philadelphia,,https://philadelphiaweekly.com/,en,daily,3,,,Q7182847,3,39.9528,-75.1636,
no,US,Purdue Exponent,,,http://www.purdueexponent.org/,en,daily,3,,,Q7260975,3,,,no place of publication/headquarters in Wikidata – fill in city; language from country default
no,US,Record-Journal,Meriden,,http://www.myrecordjournal.com/,en,daily,3,,,Q7302815,3,41.5367,-72.7947,language from country default
no,US,Redlands Daily Facts,Redlands,,http://www.redlandsdailyfacts.com,en,daily,3,,,Q7306032,3,34.0547,-117.1825,
no,US,Sioux City Journal,Sioux City,,http://siouxcityjournal.com,en,daily,3,,,Q7525449,3,42.4981,-96.3956,
no,US,Somerville Journal,Somerville,,https://wickedlocal.com/somerville,en,daily,3,,,Q7559976,3,42.3875,-71.1000,language from country default
no,US,Marion County Record,Marion,,http://marionrecord.com,en,daily,3,,,Q6765146,3,38.3489,-97.0158,
no,US,Minnesota Daily,Minneapolis,,http://www.mndaily.com/,en,daily,3,,,Q6868213,3,44.9819,-93.2692,language from country default
no,US,The Mining Journal,Marquette,,https://www.miningjournal.net/,en,daily,3,,,Q12005851,3,46.5436,-87.3956,
no,US,The California Courier,Los Angeles,,https://thecaliforniacourier.com,en,daily,3,,,Q7720973,3,34.0522,-118.2437,
no,US,St. Paul Pioneer Press,Saint Paul,,https://www.twincities.com/,en,daily,3,,,Q7591263,3,44.9442,-93.0936,
no,US,Statesman Journal,Salem,,http://statesmanjournal.com/,en,daily,3,,,Q7604055,3,44.9400,-123.0389,
no,US,Ludington Daily News,Ludington,,https://www.ludingtondailynews.com/,en,daily,3,,,Q17067906,3,43.9553,-86.4525,language from country default
no,US,The Pueblo Chieftain,Pueblo,,http://chieftain.com,en,daily,3,,,Q17076852,3,38.2669,-104.6203,language from country default
no,US,Telegraph Herald,Dubuque,,http://www.thonline.com,en,daily,3,,,Q17084869,3,42.5043,-90.6869,
no,US,Albert Lea Tribune,Albert Lea,,https://www.albertleatribune.com/,en,daily,3,,,Q16245582,3,43.6479,-93.3688,
no,US,Vaba Eesti Sõna,New York,,http://www.vabaeestisona.com/,et,daily,3,,,Q7907850,3,40.7128,-74.0061,
no,US,Washington Missourian,Washington,,http://emissourian.com,en,daily,3,,,Q7972060,3,38.5519,-91.0133,language from country default
no,US,Whittier Daily News,Whittier,,https://www.whittierdailynews.com/,en,daily,3,,,Q7996870,3,33.9656,-118.0244,
no,US,北美世界日報,北美地區,,http://www.worldjournal.com/,zh,daily,3,,,Q8035879,3,,,
no,US,News Journal,Pensacola,,http://www.pnj.com/,en,daily,3,,,Q10623215,3,30.4214,-87.2172,
no,US,Florida Today,Melbourne,,http://www.floridatoday.com/,en,daily,3,,,Q10912356,3,28.0836,-80.6081,
no,US,北米報知,シアトル,,http://www.napost.com/,ja,daily,3,,,Q11403930,3,47.6050,-122.3300,
no,US,Claremont Courier,Claremont,,https://www.claremont-courier.com/,en,daily,3,,,Q55665490,3,34.1100,-117.7197,
no,US,Loudoun Times-Mirror,Leesburg,,https://www.loudountimes.com/,en,daily,3,,,Q55671308,3,39.1156,-77.5644,language from country default
no,US,Oshkosh Northwestern,Oshkosh,,http://www.thenorthwestern.com/,en,daily,3,,,Q47260240,3,44.0242,-88.5611,
no,US,The Chronicle,Durham,,https://www.dukechronicle.com,en,daily,3,,,Q7722794,3,35.9942,-78.8986,
no,US,Người Việt,Westminster,,http://nguoi-viet.com/,vi,daily,3,,,Q7022716,3,33.7514,-117.9939,
no,US,Saipan Tribune,Saipan,,https://www.saipantribune.com,en,daily,3,,,Q7402482,3,15.1833,145.7500,language from country default
no,US,News-Journal,Daytona Beach,,https://news-journalonline.com,en,daily,3,,,Q7729260,3,29.2108,-81.0228,
no,US,Nhật báo Viễn Đông,Westminster,,https://vien-dong.com/,vi,daily,3,,,Q7928280,3,33.7514,-117.9939,
no,US,China Digital Times,California,,https://chinadigitaltimes.net/,en,online,3,,,Q2526385,3,37.0000,-120.0000,
no,US,WRCB,Chattanooga,,http://www.wrcbtv.com/,en,online,3,,,Q14710276,3,35.0456,-85.2672,language from country default
no,US,The Markup,New York City,,http://themarkup.org,en,online,3,,,Q57415575,3,40.7128,-74.0061,language from country default
no,US,ClickHole,,,http://www.clickhole.com/,en,daily,3,,,Q18148919,3,,,no place of publication/headquarters in Wikidata – fill in city; language from country default
no,US,Dallas Voice,,,http://www.dallasvoice.com,en,daily,3,,,Q3012456,3,,,no place of publication/headquarters in Wikidata – fill in city
no,US,COINage,,,http://www.coinagemag.com/,en,daily,3,,,Q5013308,3,,,no place of publication/headquarters in Wikidata – fill in city
no,US,Call and Post,Cleveland,,http://www.callandpost.com,en,daily,3,,,Q5021600,3,41.4992,-81.6947,
no,US,Globe,Boca Raton,,http://globemagazine.com,en,daily,3,,,Q5570970,3,26.3686,-80.1000,
no,US,Savannah Morning News,Savannah,,http://www.savannahnow.com/,en,daily,3,,,Q7427865,3,32.0508,-81.1039,language from country default
no,US,Chattanooga Times Free Press,Chattanooga,,http://www.timesfreepress.com/,en,daily,3,,,Q5087898,3,35.0456,-85.2672,
no,US,Coin World,,,http://www.coinworld.com/,en,daily,3,,,Q5141538,3,,,no place of publication/headquarters in Wikidata – fill in city
no,US,The Daily Item,Sunbury,,http://www.dailyitem.com/,en,daily,3,,,Q7728666,3,40.8639,-76.7892,
no,US,Cleveland Jewish News,,,http://cjn.org/,en,daily,3,,,Q5132176,3,,,no place of publication/headquarters in Wikidata – fill in city
no,US,The Herald-Mail,Hagerstown,,http://www.herald-mail.com/,en,daily,3,,,Q7739393,3,39.6428,-77.7200,language from country default
no,US,The Gazette,Cedar Rapids,,https://www.thegazette.com/,en,daily,3,,,Q7736007,3,41.9833,-91.6686,
no,US,The Journal Gazette,Fort Wayne,,http://www.journalgazette.net/,en,daily,3,,,Q7743551,3,41.0804,-85.1392,
no,US,The Korea Times,로스앤젤레스,,http://www.koreatimes.com/,ko,daily,3,,,Q7744926,3,34.0522,-118.2437,
no,US,The Mercury,Pottstown,,http://www.pottstownmercury.com/,en,daily,3,,,Q7751056,3,40.2497,-75.6403,
no,US,The Post-Standard,Syracuse,,http://www.syracuse.com/poststandard/,en,daily,3,,,Q7757854,3,43.0469,-76.1444,language from country default
no,US,The Ridgefield Press,Ridgefield,,http://theridgefieldpress.com,en,daily,3,,,Q7760717,3,41.3053,-73.5014,
no,US,Riverfront Times,St. Louis,,https://www.riverfronttimes.com/,en,weekly,3,,,Q7761036,3,38.6264,-90.1994,"types: daily, weekly"
no,US,Nevada Appeal,Carson City,,https://www.nevadaappeal.com/,en,daily,3,,,Q7003349,3,39.1608,-119.7539,
no,US,Palm Beach Daily News,Palm Beach,,http://www.palmbeachdailynews.com,en,daily,3,,,Q7127989,3,26.7056,-80.0364,language from country default
no,US,The Texas Tribune,Austin,,https://www.texastribune.org/,en,online,3,,,Q7768599,3,30.3000,-97.7333,"types: daily, online"
no,US,The Trentonian,Trenton,,http://www.trentonian.com/,en,daily,3,,,Q7770122,3,40.2203,-74.7658,language from country default
no,US,Current,,,http://www.current.org/,en,daily,3,,,Q16953299,3,,,no place of publication/headquarters in Wikidata – fill in city
no,US,Fremont Tribune,Fremont,,https://fremonttribune.com/,en,daily,3,,,Q25025301,3,41.4397,-96.4900,
no,US,Glasgow Times,,,http://www.eveningtimes.co.uk,en,daily,3,,,Q5416645,3,,,no place of publication/headquarters in Wikidata – fill in city
no,US,The Daily Courier,Prescott,,http://www.dcourier.com/,en,daily,3,,,Q7728640,3,34.5400,-112.4685,
no,US,Outsports,,,https://www.outsports.com/,en,online,3,,,Q7113031,3,,,no place of publication/headquarters in Wikidata – fill in city; language from country default
no,US,Conservative Review,Houston,,https://www.conservativereview.com/,en,online,3,,,Q19879161,3,29.7628,-95.3831,
no,US,Independent Journal Review,Alexandria,,https://ijr.org/,en,online,3,,,Q22909173,3,38.8047,-77.0472,
no,US,The Marshall Project,,,https://www.themarshallproject.org/,en,online,3,,,Q22909349,3,,,no place of publication/headquarters in Wikidata – fill in city; language from country default
no,US,Occupy Democrats,,,http://occupydemocrats.com,en,online,3,,,Q39058907,3,,,no place of publication/headquarters in Wikidata – fill in city; language from country default
no,US,The Tennessee Star,,,https://tennesseestar.com/,en,online,3,,,Q105753020,3,,,no place of publication/headquarters in Wikidata – fill in city
no,US,MIT News,Cambridge,,https://news.mit.edu/,en,online,3,,,Q109297304,3,42.3750,-71.1061,language from country default
no,US,Indian Country Today,"Washington, D.C.",,https://ictnews.org/,en,online,3,,,Q3150076,3,38.8950,-77.0367,language from country default
no,US,Grist,Seattle,,https://grist.org/,en,magazine,3,,,Q5609664,3,47.6050,-122.3300,language from country default
no,US,The Everett Herald,Everett,,http://www.heraldnet.com/,en,daily,3,,,Q26877,2,47.9633,-122.2006,language from country default
no,US,Pittsburgh Business Times,Pittsburgh,,http://www.pittsburgh.bizjournals.com/,en,daily,3,,,Q3389424,2,40.4417,-80.0000,
no,US,Press-Republican,Plattsburgh,,http://www.pressrepublican.com/,en,daily,3,,,Q3402472,2,44.6953,-73.4583,language from country default
no,US,Rutland Herald,Rutland,,http://rutlandherald.com/,en,daily,3,,,Q3453667,2,43.6089,-72.9797,
no,US,The Advocate,Stamford,,https://www.stamfordadvocate.com/,en,daily,3,,,Q3519722,2,41.0967,-73.5522,
no,US,The Reporter,Fond du Lac,,http://fdlreporter.com/,en,daily,3,,,Q3522482,2,43.7751,-88.4449,
no,US,Saugus Advertiser,Saugus,,http://www.saugusadvertiser.com/,en,daily,3,,,Q3522603,2,42.4647,-71.0106,language from country default
no,US,Washington Square News,New York City,,http://nyunews.com,en,daily,3,,,Q3566522,2,40.7128,-74.0061,
no,US,Windy City Times,Chicago,,http://www.wctimes.com/,en,daily,3,,,Q3569310,2,41.8819,-87.6278,
no,US,AM New York,New York City,,http://www.amny.com/,en,daily,3,,,Q2819281,2,40.7128,-74.0061,
no,US,American Free Press,"Washington, D.C.",,http://americanfreepress.net/,en,daily,3,,,Q2842936,2,38.8950,-77.0367,
no,US,Florida Keys Keynoter,Marathon,,http://www.keysnet.com,en,daily,3,,,Q3074268,2,24.7264,-81.0403,
no,US,La Crosse Tribune,La Crosse,,http://www.lacrossetribune.com/,en,daily,3,,,Q3207983,2,43.8133,-91.2331,
no,US,The Daily Pennsylvanian,Philadelphia,,http://thedp.com/,en,daily,3,,,Q3290101,2,39.9528,-75.1636,
no,US,The Stanford Review,Stanford,,http://www.stanfordreview.org,en,daily,3,,,Q3332289,2,37.4241,-122.1661,language from country default
no,US,Concord Monitor,Concord,,https://www.concordmonitor.com/,en,daily,3,,,Q5158825,2,43.2067,-71.5381,language from country default
no,US,Connecticut Post,Bridgeport,,https://www.ctpost.com/,en,daily,3,,,Q5161578,2,41.1833,-73.2000,
no,US,Cornell Chronicle,Ithaca,,https://news.cornell.edu/,en,daily,3,,,Q5171513,2,42.4433,-76.5000,
no,US,Coshocton Tribune,Coshocton,,http://www.coshoctontribune.com/,en,daily,3,,,Q5173916,2,40.2678,-81.8567,
no,US,Curry Coastal Pilot,Brookings,,http://www.currypilot.com/,en,daily,3,,,Q5195203,2,42.0575,-124.2864,language from country default
no,US,Daily Breeze,Torrance,,http://www.dailybreeze.com/,en,daily,3,,,Q5209227,2,33.8358,-118.3406,
no,US,Daily Hampshire Gazette,Northampton,,http://www.gazettenet.com/,en,daily,3,,,Q5209263,2,42.3181,-72.6319,
no,US,Daily Herald,Provo,,http://www.heraldextra.com/,en,daily,3,,,Q5209268,2,40.2339,-111.6586,
no,US,Daily Journal of Commerce,Portland,,https://djcoregon.com/,en,daily,3,,,Q5209287,2,45.5150,-122.6792,
no,US,Daily Mountain Eagle,Jasper,,https://mountaineagle.com/,en,daily,3,,,Q5209310,2,33.8423,-87.2772,
no,US,Daily Nexus,Storke Tower,,https://DailyNexus.com,en,daily,3,,,Q5209328,2,34.4126,-119.8480,
no,US,Daily Pilot,Costa Mesa,,http://www.dailypilot.com/,en,daily,3,,,Q5209332,2,33.6700,-117.9100,language from country default
no,US,Victorville Daily Press,Victorville,,http://www.vvdailypress.com/,en,daily,3,,,Q5209344,2,34.5361,-117.2883,
no,US,The Daily Record,Baltimore,,http://www.thedailyrecord.com,en,daily,3,,,Q5209352,2,39.2864,-76.6150,
no,US,Daily Record,Parsippany-Troy Hills,,http://dailyrecord.com,en,daily,3,,,Q5209353,2,40.8596,-74.4233,
no,US,Daily Vanguard,Portland,,http://www.psuvanguard.com,en,daily,3,,,Q5209384,2,45.5150,-122.6792,
no,US,Denton Record-Chronicle,Denton,,http://www.dentonrc.com/,en,daily,3,,,Q5259622,2,33.2167,-97.1333,language from country default
no,US,Desert Dispatch,Barstow,,http://www.desertdispatch.com,en,daily,3,,,Q5263910,2,34.8933,-117.0189,language from country default
no,US,Duncan Banner,Duncan,,http://www.duncanbanner.com,en,daily,3,,,Q5314263,2,34.5167,-97.9494,language from country default
no,US,East Bay Express,Oakland,,https://www.eastbayexpress.com/,en,daily,3,,,Q5327815,2,37.8000,-122.2500,
no,US,East Valley Tribune,Phoenix,,http://www.eastvalleytribune.com/,en,daily,3,,,Q5329600,2,33.4483,-112.0739,language from country default
no,US,Atlanta Daily World,Atlanta,,http://www.atlantadailyworld.com,en,daily,3,,,Q4816055,2,33.7544,-84.3897,
no,US,Belgrade News,Belgrade,,https://www.belgrade-news.com/,en,daily,3,,,Q4882642,2,45.7750,-111.1750,language from country default
no,US,Bennington Banner,Bennington,,https://www.benningtonbanner.com/,en,daily,3,,,Q4889872,2,42.8852,-73.2132,
no,US,Boston Business Journal,Boston,,http://www.amcity.com/boston/,en,daily,3,,,Q4947790,2,42.3603,-71.0578,
no,US,Canyon Courier,Evergreen,,https://www.canyoncourier.com/,en,daily,3,,,Q5034182,2,39.6389,-105.3360,language from country default
no,US,Capital City Weekly,Juneau,,http://www.capitalcityweekly.com/,en,daily,3,,,Q5035526,2,58.3019,-134.4197,
no,US,The Asian Reporter,Portland,,http://www.asianreporter.com/,en,daily,3,,,Q7714675,2,45.5150,-122.6792,language from country default
no,US,Primera Hora,Guaynabo,,http://www.primerahora.com,es,daily,3,,,Q4609158,2,18.3667,-66.1000,
no,US,Abilene Reporter-News,Abilene,,http://reporternews.com/,en,daily,3,,,Q4667773,2,32.4464,-99.7456,
no,US,Air Force Times,Springfield,,https://www.airforcetimes.com/,en,daily,3,,,Q4697970,2,38.7886,-77.1794,
no,US,সাপ্তাহিক এখন সময়,নিউ ইয়র্ক সিটি,,http://www.akhonsamoy.com,bn,daily,3,,,Q4700780,2,40.7128,-74.0061,
no,US,Al-Sahafa,Cleveland,,http://www.al-sahafa.us/,en,daily,3,,,Q4703159,2,41.4992,-81.6947,
no,US,Al Día,Dallas,,http://aldiadallas.com,es,daily,3,,,Q4703764,2,32.7792,-96.8089,
no,US,Alamogordo Daily News,Alamogordo,,https://www.alamogordonews.com/,en,daily,3,,,Q4705983,2,32.9046,-105.9418,
no,US,Alaska Journal of Commerce,Anchorage,,http://www.alaskajournal.com,en,daily,3,,,Q4708555,2,61.2167,-149.8936,
no,US,Albany Democrat-Herald,Albany,,https://democratherald.com/,en,online,3,,,Q4709310,2,44.6303,-123.0961,"types: daily, online"
no,US,Albany Student Press,,,http://www.albanystudentpress.org/,en,daily,3,,,Q4709393,2,,,no place of publication/headquarters in Wikidata – fill in city
no,US,Alpine Avalanche,Alpine,,http://www.alpineavalanche.com,en,daily,3,,,Q4735472,2,30.3608,-103.6656,
no,US,Altoona Mirror,Altoona,,http://www.altoonamirror.com/,en,daily,3,,,Q4736950,2,40.5107,-78.3997,
no,US,Atlanta Black Star,Atlanta,,https://atlantablackstar.com/,en,online,3,,,Q90055382,2,33.7544,-84.3897,"language from country default; types: daily, online"
no,US,The Christian Recorder,Nashville,,https://www.thechristianrecorder.com/,en,daily,3,,,Q104843053,2,36.1622,-86.7744,
no,US,The Final Call,Chicago,,http://www.finalcall.com/,en,daily,3,,,Q2030493,2,41.8819,-87.6278,
no,US,African-American News and Issues,Houston,,http://aframnews.com,en,daily,3,,,Q4689634,2,29.7628,-95.3831,language from country default
no,US,Seattle Medium,Seattle,,https://seattlemedium.com/,en,daily,3,,,Q7442135,2,47.6050,-122.3300,language from country default
no,US,The Oakland Post,Oakland,,http://postnewsgroup.com/,en,daily,3,,,Q16873216,2,37.8000,-122.2500,
no,US,Portland Observer,Portland,,https://www.portlandobserver.com/,en,daily,3,,,Q28232782,2,45.5150,-122.6792,language from country default
no,US,Amarillo Globe-News,Amarillo,,http://www.amarillo.com/,en,daily,3,,,Q4740266,2,35.1992,-101.8453,
no,US,Apache Junction News,Apache Junction,,http://www.ajnews.com/,en,daily,3,,,Q4778922,2,33.4150,-111.5461,language from country default
no,US,Appeal-Democrat,Marysville,,https://www.appeal-democrat.com/,en,daily,3,,,Q4780957,2,39.1458,-121.5914,
no,US,Arizona Daily Sun,Flagstaff,,https://azdailysun.com/,en,daily,3,,,Q4791285,2,35.1992,-111.6311,
no,US,Arkansas Democrat-Gazette,Little Rock,,https://www.arkansasonline.com/,en,daily,3,,,Q4791763,2,34.7444,-92.2881,
no,US,Arkansas Times,Little Rock,,https://arktimes.com/,en,daily,3,,,Q4791888,2,34.7444,-92.2881,
no,US,The Aspen Times,Aspen,,http://www.aspentimes.com/,en,daily,3,,,Q4807850,2,39.1922,-106.8244,
no,US,Genius,Brooklyn,,http://www.genius.com,hu,daily,3,,,Q1009217,2,40.6508,-73.9497,
no,US,The Chicago Maroon,,,http://chicagomaroon.com,en,daily,3,,,Q7722394,2,,,no place of publication/headquarters in Wikidata – fill in city
no,US,The Chronicle,St. Helens,,https://www.thechronicleonline.com/,en,daily,3,,,Q7722798,2,45.8594,-122.8169,
no,US,The Clarion-Ledger,Jackson,,http://www.clarionledger.com/,en,daily,3,,,Q7723273,2,32.2989,-90.1847,
no,US,The Cornell Daily Sun,Ithaca,,http://www.cornellsun.com,en,daily,3,,,Q7727621,2,42.4433,-76.5000,
no,US,The Cornell Review,Ithaca,,http://thecornellreview.com,en,daily,3,,,Q7727625,2,42.4433,-76.5000,language from country default
no,US,The Daily Cardinal,Madison,,https://www.dailycardinal.com/,en,daily,3,,,Q7728628,2,43.0747,-89.3842,
no,US,The Cougar,Houston,,http://www.thedailycougar.com/,en,daily,3,,,Q7728636,2,29.7628,-95.3831,
no,US,The Daily Home,Talladega,,http://www.dailyhome.com/,en,daily,3,,,Q7728658,2,33.4347,-86.1013,
no,US,Daily Independent,Ridgecrest,,http://www.ridgecrestca.com,en,daily,3,,,Q7728662,2,35.6225,-117.6708,language from country default
no,US,The Daily News Tribune,,,http://www.dailynewstribune.com/,en,daily,3,,,Q7728692,2,,,no place of publication/headquarters in Wikidata – fill in city
no,US,The Daily Orange,Syracuse,,https://dailyorange.com,en,daily,3,,,Q7728693,2,43.0469,-76.1444,
no,US,The Daily Targum,New Brunswick,,http://www.dailytargum.com,en,daily,3,,,Q7728722,2,40.4867,-74.4444,
no,US,The Daily of the University of Washington,Seattle,,https://dailyuw.com,en,daily,3,,,Q7728739,2,47.6050,-122.3300,
no,US,The Daily Voice,,,https://dailyvoice.com/,en,daily,3,,,Q7728736,2,,,no place of publication/headquarters in Wikidata – fill in city; language from country default
no,US,The Dalles Chronicle,The Dalles,,http://www.gorgenews.com/,en,daily,3,,,Q7728758,2,45.6011,-121.1828,
no,US,The Express-Times,Easton,,http://www.lehighvalleylive.com,en,daily,3,,,Q7732864,2,40.6883,-75.2164,
no,US,The Free Lance–Star,Fredericksburg,,https://fredericksburg.com/,en,daily,3,,,Q7735200,2,38.3018,-77.4708,
no,US,The Gadsden Times,Gadsden,,https://www.gadsdentimes.com/,en,daily,3,,,Q7735596,2,34.0101,-86.0104,language from country default
no,US,Emporia Gazette,Emporia,,http://www.emporiagazette.com/,en,daily,3,,,Q5374401,2,38.4081,-96.1869,language from country default
no,US,Fairbanks Daily News-Miner,Fairbanks,,http://www.newsminer.com/,en,daily,3,,,Q5430011,2,64.8436,-147.7231,
no,US,Farmington Daily Times,Farmington,,https://www.daily-times.com/,en,daily,3,,,Q5435891,2,36.7291,-108.2054,language from country default
no,US,Finance & Commerce,Minneapolis,,http://www.finance-commerce.com,en,daily,3,,,Q5449518,2,44.9819,-93.2692,language from country default
no,US,Financial News & Daily Record,Jacksonville,,https://www.jaxdailyrecord.com/,en,daily,3,,,Q5449625,2,30.3167,-81.6500,
no,US,Florida Sentinel Bulletin,Tampa,,https://flsentinel.com/,en,daily,3,,,Q5461590,2,27.9475,-82.4586,language from country default
no,US,Fort Morgan Times,Fort Morgan,,https://www.fortmorgantimes.com/,en,daily,3,,,Q5471712,2,40.2533,-103.7990,language from country default
no,US,Foster's Daily Democrat,Dover,,http://fosters.com,en,daily,3,,,Q5473558,2,43.1953,-70.8750,
no,US,Fountain Hills Times,Fountain Hills,,http://www.fhtimes.com/,en,daily,3,,,Q5474733,2,33.6047,-111.7286,language from country default
no,US,Gainesville Daily Register,Gainesville,,http://www.gainesvilleregister.com,en,daily,3,,,Q5517248,2,33.6303,-97.1403,language from country default
no,US,Grants Pass Daily Courier,Grants Pass,,http://www.kbdn.com/,en,daily,3,,,Q5596679,2,42.4389,-123.3283,
no,US,Greenbelt News Review,Greenbelt,,https://www.greenbeltnewsreview.com/,en,daily,3,,,Q5603700,2,38.9947,-76.8854,
no,US,Greenwich Time,Greenwich,,http://www.greenwichtime.com,en,daily,3,,,Q5604879,2,41.0265,-73.6285,
no,US,National Guardian,New York City,,http://voices.revealdigital.com/cgi-bin/independentvoices?a=cl&cl=CL1&sp=CCEDDCD&ai=1,en,daily,3,,,Q5614020,2,40.7128,-74.0061,
no,US,Half Moon Bay Review,Half Moon Bay,,http://www.hmbreview.com,en,daily,3,,,Q5641708,2,37.4589,-122.4369,language from country default
no,US,Headlight-Herald,Tillamook,,http://www.tillamookheadlightherald.com/,en,daily,3,,,Q5689730,2,45.4553,-123.8425,language from country default
no,US,Herald & Review,Decatur,,https://herald-review.com/,en,daily,3,,,Q5732600,2,39.8517,-88.9442,
no,US,Cardinal Courier Media,Pittsford,,http://www.cardinalcourieronline.com,en,daily,3,,,Q5038542,2,43.0897,-77.5167,
no,US,Casper Star-Tribune,Casper,,https://trib.com/,en,daily,3,,,Q5049095,2,42.8347,-106.3250,
no,US,Cecil Whig,Elkton,,https://www.cecildaily.com/,en,daily,3,,,Q5056353,2,39.6078,-75.8297,
no,US,Centre Daily Times,State College,,http://www.centredaily.com/,en,daily,3,,,Q5062255,2,40.7914,-77.8586,
no,US,Chico Enterprise-Record,Chico,,http://www.chicoer.com,en,daily,3,,,Q5096417,2,39.7400,-121.8356,
no,US,Chino Champion,Chino,,http://www.ChampionNewspapers.com,en,daily,3,,,Q5101205,2,34.0178,-117.6900,language from country default
no,US,Claremore Daily Progress,Claremore,,http://www.claremoreprogress.com,en,daily,3,,,Q5126348,2,36.3153,-95.6128,
no,US,Coeur d'Alene Press,Coeur d'Alene,,http://www.cdapress.com,en,daily,3,,,Q5140852,2,47.6928,-116.7800,
no,US,Columbia Daily Spectator,New York City,,http://columbiaspectator.com,en,daily,3,,,Q5149682,2,40.7128,-74.0061,
no,US,Commonwealth Journal,Somerset,,http://www.somerset-kentucky.com/,en,daily,3,,,Q5153792,2,37.0831,-84.6094,
no,US,Pittsburgh Jewish Chronicle,Pittsburgh metropolitan area,,https://jewishchronicle.timesofisrael.com/,en,weekly,3,,,Q7743218,2,40.4375,-79.9950,"types: daily, weekly"
no,US,New Haven Register,New Haven,,http://www.nhregister.com/,en,daily,3,,,Q7008550,2,41.3083,-72.9250,
no,US,New Times LA,Los Angeles,,https://lanewtimes.com,en,daily,3,,,Q7012109,2,34.0522,-118.2437,language from country default
no,US,News & Review,Chico,,http://www.newsreview.com/,en,daily,3,,,Q7019295,2,39.7400,-121.8356,language from country default
no,US,Northwest Herald,Crystal Lake,,http://www.nwherald.com/,en,daily,3,,,Q7060059,2,42.2264,-88.3356,language from country default
no,US,Pampa News,Pampa,,http://thepampanews.com/pages/,en,daily,3,,,Q7129382,2,35.5431,-100.9650,language from country default
no,US,The Herald-Times,Bloomington,,http://www.heraldtimesonline.com/,en,daily,3,,,Q7739398,2,39.1667,-86.5347,
no,US,The Herald Mexico,Mexico City,MX,http://www.mexiconews.com.mx/,en,daily,3,exile,,Q7739408,2,19.3538,-99.1359,newsroom abroad (MX) – exile?
no,US,The Huntington News,Boston,,http://www.huntnewsnu.com/,en,daily,3,,,Q7741110,2,42.3603,-71.0578,
no,US,The Hutchinson News,Hutchinson,,https://www.hutchnews.com/,en,daily,3,,,Q7741174,2,38.0656,-97.9236,
no,US,The Independent,Lafayette,,http://theind.com/,en,online,3,,,Q7741793,2,30.2431,-92.0126,"language from country default; types: daily, online"
no,US,The Independent Florida Alligator,Gainesville,,http://www.alligator.org/,en,daily,3,,,Q7741817,2,29.6653,-82.3361,
no,US,The Jewish Exponent,Philadelphia,,http://www.jewishexponent.com/,en,daily,3,,,Q7743213,2,39.9528,-75.1636,
no,US,The Lufkin Daily News,Lufkin,,http://www.lufkindailynews.com/,en,daily,3,,,Q7749170,2,31.3369,-94.7303,
no,US,The Macomb Daily,Mount Clemens,,http://macombdaily.com,en,daily,3,,,Q7749297,2,42.5972,-82.8781,language from country default
no,US,The Madras Pioneer,Madras,,http://www.madraspioneer.com/,en,daily,3,,,Q7749356,2,44.6306,-121.1292,
no,US,The Marion Star,Marion,,http://marionstar.com/,en,daily,3,,,Q7750327,2,40.5886,-83.1289,
no,US,The McDowell News,Marion,,https://mcdowellnews.com/,en,daily,3,,,Q7750763,2,35.6831,-82.0058,
no,US,The Meridian Star,Meridian,,http://www.meridianstar.com,en,daily,3,,,Q7751076,2,32.3643,-88.7037,language from country default
no,US,The Miscellany News,,,http://miscellanynews.org/,en,daily,3,,,Q7751695,2,,,no place of publication/headquarters in Wikidata – fill in city
no,US,The News-Sentinel,Fort Wayne,,http://www.fortwayne.com/mld/newssentinel/,en,daily,3,,,Q7753898,2,41.0804,-85.1392,
no,US,Peninsula Daily News,Port Angeles,,http://www.peninsuladailynews.com,en,daily,3,,,Q7162926,2,48.1131,-123.4410,
no,US,Pharos-Tribune,Logansport,,http://www.pharostribune.com/,en,daily,3,,,Q7180847,2,40.7536,-86.3606,language from country default
no,US,Philadelphia Bulletin,Philadelphia,,https://thephiladelphiabulletin.com,en,daily,3,,,Q7182639,2,39.9528,-75.1636,
no,US,The News Leader,Staunton,,http://newsleader.com,en,daily,3,,,Q7753918,2,38.1581,-79.0764,
no,US,The Observer,La Grande,,http://www.lagrandeobserver.com/,en,daily,3,,,Q7754644,2,45.3272,-118.0933,language from country default
no,US,The Outlook,Gresham,,https://www.theoutlookonline.com/,en,daily,3,,,Q7755679,2,45.5036,-122.4394,language from country default
no,US,The Pacific Index,Forest Grove,,http://www.pacindex.com,en,daily,3,,,Q7755855,2,45.5197,-123.1106,
no,US,Point Reyes Light,Point Reyes Station,,http://ptreyeslight.com/,en,daily,3,,,Q7757601,2,38.0733,-122.8058,
no,US,Tribuna Portuguesa,Modesto,,http://www.portuguesetribune.com,pt,daily,3,,,Q7757827,2,37.6614,-120.9944,
no,US,The Repository,Canton,,http://www.cantonrep.com/,en,daily,3,,,Q7760219,2,40.7986,-81.3750,
no,US,Bainbridge Island Review,Bainbridge Island,,https://www.bainbridgereview.com/,en,daily,3,,,Q7760528,2,47.6553,-122.5350,
no,US,The San Bernardino Sun,San Bernardino,,https://sbsun.com,en,daily,3,,,Q7762191,2,34.1042,-117.2922,
no,US,Skagway News,Skagway,,http://www.skagwaynews.com/,en,daily,3,,,Q7764591,2,59.4686,-135.3058,
no,US,The Star Press,Muncie,,http://www.thestarpress.com,en,daily,3,,,Q7766280,2,40.1933,-85.3881,language from country default
no,US,The Tablet,Brooklyn,,http://thetablet.org/,en,daily,3,,,Q7767878,2,40.6508,-73.9497,
no,US,The Tartan,Pittsburgh,,http://www.thetartan.org,en,daily,3,,,Q7768136,2,40.4417,-80.0000,language from country default
no,US,The Macon Telegraph,Macon,,http://macon.com/,en,daily,3,,,Q7768282,2,32.8407,-83.6324,
no,US,The Telegraph,Alton,,https://www.thetelegraph.com/,en,daily,3,,,Q7768281,2,38.9003,-90.1597,
no,US,Times Leader,Wilkes-Barre,,http://www.timesleader.com,en,daily,3,,,Q7769401,2,41.2444,-75.8781,
no,US,The Triangle,Philadelphia,,http://www.thetriangle.org/,en,daily,3,,,Q7770173,2,39.9528,-75.1636,
no,US,The Tufts Daily,,,http://www.tuftsdaily.com,en,daily,3,,,Q7770696,2,,,no place of publication/headquarters in Wikidata – fill in city
no,US,The Universe,Provo,,https://universe.byu.edu,en,daily,3,,,Q7771599,2,40.2339,-111.6586,
no,US,Tooele Transcript-Bulletin,Tooele,,https://www.tooeleonline.com/,en,daily,3,,,Q7824002,2,40.5306,-112.2986,language from country default
no,US,Tucson Weekly,Tucson,,https://www.tucsonweekly.com/,en,daily,3,,,Q7851177,2,32.2217,-110.9264,
no,US,Tundra Times,Fairbanks,,https://hdl.loc.gov/loc.sgp/chronam.sn84020664,en,daily,3,,,Q7852905,2,64.8436,-147.7231,
no,US,University Daily Kansan,Lawrence,,http://www.kansan.com,en,daily,3,,,Q7894674,2,38.9717,-95.2353,
no,US,El Imparcial,Chicago,,http://www.elimparcial.us/index.php,es,daily,3,,,Q5822157,2,41.8819,-87.6278,
no,US,El Observador (San José),Área de la Bahía de San Francisco,,https://el-observador.com/,es,daily,3,,,Q5822657,2,37.8100,-122.3700,
no,US,北米毎日新聞,サンフランシスコ,,http://www.hokubei.com/,ja,daily,3,,,Q5878255,2,37.7750,-122.4194,
no,US,Homer Tribune,Homer,,http://homertribune.com/,en,daily,3,,,Q5890289,2,59.6431,-151.5260,
no,US,Huron Daily Tribune,Bad Axe,,http://www.michigansthumb.com/,en,daily,3,,,Q5946865,2,43.8019,-83.0008,language from country default
no,US,Inland Valley Daily Bulletin,Ontario,,https://www.dailybulletin.com/,en,daily,3,,,Q6034827,2,34.0528,-117.6278,
no,US,Inside Tucson Business,Tucson,,http://www.insidetucsonbusiness.com,en,daily,3,,,Q6037857,2,32.2217,-110.9264,
no,US,Ironwood Daily Globe,Ironwood,,http://www.yourdailyglobe.com,en,daily,3,,,Q6073344,2,46.4547,-90.1711,language from country default
no,US,Jamestown News,Jamestown,,http://www.jamestownnews.com,en,daily,3,,,Q6146255,2,35.9983,-79.9358,
no,US,Jamestown Sun,Jamestown,,http://www.jamestownsun.com,en,daily,3,,,Q6146264,2,46.9106,-98.7084,language from country default
no,US,Jewish News of Greater Phoenix,Phoenix,,http://www.jewishaz.com/,en,daily,3,,,Q6189902,2,33.4483,-112.0739,
no,US,Jewish Review,Portland,,http://www.jewishreview.org/,en,daily,3,,,Q6189926,2,45.5150,-122.6792,language from country default
no,US,Journal Star,Peoria,,https://www.pjstar.com/,en,daily,3,,,Q6294681,2,40.6925,-89.5900,language from country default
no,US,Keizertimes,Keizer,,http://keizertimes.com,en,daily,3,,,Q6385306,2,45.0006,-123.0219,
no,US,Kenosha News,Kenosha,,https://www.kenoshanews.com/,en,daily,3,,,Q6391314,2,42.5822,-87.8456,
no,US,Key West Citizen,Key West,,http://www.keysnews.com,en,daily,3,,,Q6398112,2,24.5597,-81.7836,
no,US,Kilgore News Herald,Kilgore,,http://www.kilgorenewsherald.com,en,online,3,,,Q6406872,2,32.3856,-94.8686,"types: daily, online"
no,US,Kingman Daily Miner,Kingman,,https://kdminer.com/,en,daily,3,,,Q6412812,2,35.2083,-114.0250,
no,US,Kodiak Daily Mirror,Kodiak,,https://www.kodiakdailymirror.com/,en,daily,3,,,Q6425295,2,57.7931,-152.3942,language from country default
no,US,Lake Powell Chronicle,Page,,https://lakepowellchronicle.com/,en,daily,3,,,Q6477428,2,36.9142,-111.4600,language from country default
no,US,Lamar Ledger,Lamar,,http://lamarledger.com/,en,daily,3,,,Q6480882,2,38.0861,-102.6190,language from country default
no,US,Laredo Morning Times,Laredo,,http://www.lmtonline.com/,en,daily,3,,,Q6488896,2,27.5061,-99.5072,language from country default
no,US,Latin Opinion,Baltimore,,http://latinopinionbaltimore.com/,en,daily,3,,,Q6496449,2,39.2864,-76.6150,language from country default
no,US,Lawrence Journal-World,Lawrence,,https://www.ljworld.com/,en,daily,3,,,Q6504247,2,38.9717,-95.2353,
no,US,Pipe Dream,Vestal,,http://www.bupipedream.com,en,daily,3,,,Q7197218,2,42.0841,-76.0542,language from country default
no,US,Piqua Daily Call,Piqua,,http://www.dailycall.com,en,daily,3,,,Q7197526,2,40.1475,-84.2481,
no,US,Post-Bulletin,Rochester,,https://www.postbulletin.com/,en,daily,3,,,Q7233471,2,44.0234,-92.4630,language from country default
no,US,Press-Telegram,Long Beach,,http://www.presstelegram.com/,en,daily,3,,,Q7241597,2,33.7681,-118.1956,
no,US,Press & Sun-Bulletin,Binghamton,,http://pressconnects.com/,en,daily,3,,,Q7241600,2,42.0989,-75.9108,
no,US,Rapid City Journal,Rapid City,,http://rapidcityjournal.com,en,daily,3,,,Q7294142,2,44.0811,-103.2287,
no,US,Record Herald,Washington Court House,,http://www.recordherald.com/,en,daily,3,,,Q7302833,2,39.5364,-83.4356,
no,US,Riverdale Press,New York City,,http://www.riverdalepress.com,en,daily,3,,,Q7338160,2,40.7128,-74.0061,language from country default
no,US,Rocky Mountain Collegian,,,http://www.collegian.com/,en,daily,3,,,Q7355882,2,,,no place of publication/headquarters in Wikidata – fill in city
no,US,Salt Lake City Weekly,Salt Lake City,,https://www.cityweekly.net/,en,daily,3,,,Q7405881,2,40.7500,-111.8833,
no,US,San Diego Business Journal,San Diego,,http://www.sdbj.com/,en,daily,3,,,Q7413602,2,27.7625,-98.2389,
no,US,San Gabriel Valley Tribune,Monrovia,,https://www.sgvtribune.com/,en,daily,3,,,Q7414217,2,34.1436,-118.0019,
no,US,San Mateo Daily Journal,San Mateo,,http://www.smdailyjournal.com/,en,daily,3,,,Q7414913,2,37.5542,-122.3131,language from country default
no,US,Santa Barbara Independent,Santa Barbara,,http://independent.com/,en,daily,3,,,Q7419228,2,34.4258,-119.7142,
no,US,Santa Fe Reporter,Santa Fe,,http://sfreporter.com/,en,daily,3,,,Q7419556,2,35.6667,-105.9667,
no,US,Smoky Mountain News,Waynesville,,http://www.smokymountainnews.com,en,daily,3,,,Q7546173,2,35.4944,-82.9906,language from country default
no,US,Sonoran News,Cave Creek,,http://sonorannews.com/,en,daily,3,,,Q7562241,2,33.8286,-111.9547,
no,US,Lodi News-Sentinel,Lodi,,http://lodinews.com,en,daily,3,,,Q6666427,2,38.1289,-121.2808,
no,US,Long Island Business News,Lake Ronkonkoma,,http://www.libn.com/,en,daily,3,,,Q6672664,2,40.8297,-73.1131,
no,US,Longview News-Journal,Longview,,http://news-journal.com,en,daily,3,,,Q6674457,2,32.5092,-94.7539,
no,US,Los Angeles Sentinel,Los Angeles,,http://www.lasentinel.net/,en,daily,3,,,Q6682332,2,34.0522,-118.2437,
no,US,Marine Corps Times,Springfield,,http://search.proquest.com/pqcentral/publication/prod.academic_publications_27103?accountid=12084,en,daily,3,,,Q6764121,2,38.7886,-77.1794,
no,US,Mat-Su Valley Frontiersman,Wasilla,,http://frontiersman.com/,en,daily,3,,,Q6785803,2,61.5824,-149.4426,language from country default
no,US,Merced Sun-Star,Merced,,http://www.mercedsunstar.com/,en,daily,3,,,Q6818077,2,37.3022,-120.4831,language from country default
no,US,Metro Silicon Valley,San Jose,,http://www.metroactive.com/,en,daily,3,,,Q6824706,2,37.3042,-121.8728,
no,US,Metro Times,Detroit,,http://metrotimes.com,en,daily,3,,,Q6824732,2,42.3317,-83.0475,
no,US,MinnPost,Minneapolis,,http://www.minnpost.com/,en,daily,3,,,Q6867889,2,44.9819,-93.2692,language from country default
no,US,Minot Daily News,Minot,,https://www.minotdailynews.com/,en,daily,3,,,Q6869342,2,48.2325,-101.2963,
no,US,Mohave Valley Daily News,Bullhead City,,http://www.mohavedailynews.com/,en,daily,3,,,Q6893724,2,35.1156,-114.5886,language from country default
no,US,Molalla Pioneer,Molalla,,http://www.molallapioneer.com,en,daily,3,,,Q6895664,2,45.1494,-122.5792,
no,US,Hyde Park Herald,Chicago,,https://www.hpherald.com/,en,daily,3,,,Q11976288,2,41.8819,-87.6278,language from country default
no,US,Southeast Missourian,Cape Girardeau,,http://www.semissourian.com/,en,daily,3,,,Q7569372,2,37.3092,-89.5464,
no,US,Standard-Examiner,Ogden,,http://www.standard.net,en,daily,3,,,Q7598154,2,41.2278,-111.9611,
no,US,Star–Banner,Ocala,,http://www.ocala.com,en,daily,3,,,Q7600510,2,29.1875,-82.1414,
no,US,Storm Lake Times Pilot,Storm Lake,,http://www.stormlake.com,en,daily,3,,,Q7620144,2,42.6436,-95.2019,language from country default
no,US,Daily Leader,Stuttgart,,https://www.stuttgartdailyleader.com/,en,daily,3,,,Q7629215,2,34.4969,-91.5508,language from country default
no,US,Sun Herald,Biloxi,,http://www.sunherald.com/mld/sunherald/,en,daily,3,,,Q7638323,2,30.3960,-88.8853,language from country default
no,US,Tallahassee Democrat,Tallahassee,,http://tallahassee.com/,en,daily,3,,,Q7680028,2,30.4383,-84.2806,language from country default
no,US,Telluride Daily Planet,Telluride,,https://www.telluridenews.com/,en,daily,3,,,Q7697665,2,37.9392,-107.8163,language from country default
no,US,Temple Daily Telegram,Temple,,http://www.tdtnews.com,en,daily,3,,,Q7698512,2,31.0982,-97.3428,language from country default
no,US,Texarkana Gazette,Texarkana,,http://www.texarkanagazette.com/,en,daily,3,,,Q7707345,2,33.4331,-94.0206,
no,US,The Alliance Review,Alliance,,http://the-review.com/,en,daily,3,,,Q7713173,2,40.9133,-81.1081,
no,US,The American Israelite,Cincinnati,,http://www.americanisraelite.com,en,daily,3,,,Q7713495,2,39.1000,-84.5125,
no,US,Anniston Star,Anniston,,http://www.annistonstar.com,en,daily,3,,,Q7713857,2,33.6630,-85.8267,language from country default
no,US,The Argus,Fremont,,http://www.insidebayarea.com/argus,en,daily,3,,,Q7714232,2,37.5486,-121.9883,language from country default
no,US,The Armenian Reporter,New York City,,https://reporter.am,en,daily,3,,,Q7714288,2,40.7128,-74.0061,
no,US,The Atoka County Times,Atoka,,https://www.atokacountytimes.com/,en,daily,3,,,Q7714826,2,34.3842,-96.1275,
no,US,The Bates Student,Lewiston,,http://www.batesstudent.com/,en,daily,3,,,Q7715796,2,44.1006,-70.2153,
no,US,The Baxter Bulletin,Mountain Home,,http://www.baxterbulletin.com/,en,daily,3,,,Q7715923,2,36.3361,-92.3822,language from country default
no,US,The Bellingham Herald,Bellingham,,http://www.bellinghamherald.com/,en,daily,3,,,Q7716437,2,48.7544,-122.4788,
no,US,The Beverly Hills Courier,Beverly Hills,,https://beverlyhillscourier.com/,en,daily,3,,,Q7717414,2,34.0731,-118.3994,
no,US,The Bowdoin Orient,Brunswick,,http://bowdoinorient.com,en,daily,3,,,Q7719539,2,43.9108,-69.9631,
no,US,The Brown Daily Herald,Providence,,https://www.browndailyherald.com/,en,daily,3,,,Q7720394,2,41.8240,-71.4128,
no,US,The Bulletin,Bend,,http://www.bendbulletin.com/,en,daily,3,,,Q7720574,2,44.0564,-121.3081,
no,US,The Oracle,Tampa,,http://www.usforacle.com/,en,daily,3,,,Q12812184,2,27.9475,-82.4586,language from country default
no,US,New Jersey Herald,Newton,,http://www.njherald.com/,en,daily,3,,,Q13426865,2,41.0527,-74.7548,language from country default
no,US,Arizona Range News,Willcox,,https://www.willcoxrangenews.com/,en,daily,3,,,Q13447061,2,32.2556,-109.8356,language from country default
no,US,Daily Democrat,Woodland,,https://www.dailydemocrat.com/,en,daily,3,,,Q13447162,2,38.6786,-121.7733,
no,US,Times-Standard,Eureka,,http://www.times-standard.com/,en,daily,3,,,Q13447196,2,40.8019,-124.1636,
no,US,Ka Leo O Hawaii,Honolulu,,http://kaleo.org/,sw,daily,3,,,Q13447561,2,21.3047,-157.8572,
no,US,Hawaii Hochi,Honolulu,,http://www.thehawaiihochi.com/,sw,daily,3,,,Q13447565,2,21.3047,-157.8572,
no,US,The Technique,,,http://nique.net/,en,daily,3,,,Q14686864,2,,,no place of publication/headquarters in Wikidata – fill in city
no,US,Metro New York,New York City,,https://www.metro.us/news/local-news/new-york,en,daily,3,,,Q15059314,2,40.7128,-74.0061,
no,US,The Houstonian,Sam Houston State University,,http://www.houstonianonline.com,en,daily,3,,,Q15730146,2,30.7143,-95.5474,
no,US,Box Elder News Journal,Brigham City,,https://www.benewsjournal.com/,en,daily,3,,,Q16845367,2,41.5103,-112.0150,
no,US,Northern Virginia Daily,Strasburg,,http://www.nvdaily.com/,en,daily,3,,,Q16908590,2,38.9906,-78.3586,
no,US,West Linn Tidings,Lake Oswego,,http://www.pamplinmedia.com/west-linn-tidings-news,en,daily,3,,,Q16916433,2,45.4196,-122.6676,language from country default
no,US,The Chetek Alert,Chetek,,https://www.chetekalert.com/,en,daily,3,,,Q16939014,2,45.3186,-91.6544,language from country default
no,US,Garden City Telegram,Garden City,,http://www.gctelegram.com,en,daily,3,,,Q16958261,2,37.9753,-100.8640,
no,US,RedEye,Chicago,,http://www.redeyechicago.com,en,daily,3,,,Q16968435,2,41.8819,-87.6278,language from country default
no,US,Belleville News-Democrat,Belleville,,http://www.bnd.com/,en,daily,3,,,Q16974122,2,38.5217,-89.9953,
no,US,Falls City Journal,Falls City,,https://fcjournal.net/,en,daily,3,,,Q16975655,2,40.0625,-95.6011,
no,US,Hillsboro Free Press,Hillsboro,,http://www.hillsborofreepress.com/,en,daily,3,,,Q16984149,2,38.3514,-97.2025,
no,US,Idaho State Journal,Pocatello,,https://www.idahostatejournal.com,en,daily,3,,,Q16985571,2,42.8622,-112.4506,
no,US,Chicago Jewish Star,Skokie,,http://www.softlineweb.com/softlineweb/ethnic.htm,en,daily,3,,,Q16987009,2,42.0336,-87.7328,
no,US,Elgin Courier,Elgin,,http://www.elgincourier.com,en,daily,3,,,Q16992375,2,30.3486,-97.3725,language from country default
no,US,Eugene Weekly,Eugene,,http://www.eugeneweekly.com/,en,daily,3,,,Q16992775,2,44.0522,-123.0925,language from country default
no,US,Hastings Tribune,Hastings,,http://hastingstribune.com/,en,daily,3,,,Q16994920,2,40.5892,-98.3917,
no,US,The Herald-Dispatch,Huntington,,http://herald-dispatch.com,en,daily,3,,,Q16995214,2,38.4208,-82.4236,language from country default
no,US,Houston Forward Times,Houston,,http://forwardtimes.com,en,daily,3,,,Q16995983,2,29.7628,-95.3831,language from country default
no,US,Indiana Gazette,Indiana,,http://www.indianagazette.com,en,daily,3,,,Q16996869,2,40.6211,-79.1550,language from country default
no,US,Indianapolis Recorder,Indianapolis,,http://indianapolisrecorder.com,en,daily,3,,,Q16996897,2,39.7686,-86.1581,
no,US,New Jersey Jewish News,New Jersey,,http://njjewishnews.com/index.php,en,daily,3,,,Q17012288,2,40.0000,-74.5000,language from country default
no,US,Muskogee Phoenix,Muskogee,,http://www.muskogeephoenix.com,en,daily,3,,,Q17057278,2,35.7466,-95.3680,language from country default
no,US,News Democrat & Leader,Russellville,,http://www.newsdemocratleader.com,en,daily,3,,,Q17071662,2,36.8425,-86.8928,
no,US,Observer-Reporter,Washington,,http://www.observer-reporter.com/,en,daily,3,,,Q17072347,2,40.1750,-80.2506,
no,US,San Diego Reader,San Diego,,https://www.sandiegoreader.com/,en,daily,3,,,Q17079142,2,32.7150,-117.1625,language from country default
no,US,Valencia County News-Bulletin,Belen,,http://www.news-bulletin.com,en,daily,3,,,Q17088400,2,34.6656,-106.7761,
no,US,Scranton Gillette Communications,Arlington Heights,,http://www.scrantongillette.com/content/who-we-are,en,daily,3,,,Q17143065,2,42.0950,-87.9808,language from country default
no,US,Nogales International,Nogales,,http://www.nogalesinternational.com,en,daily,3,,,Q16206107,2,31.3539,-110.9392,language from country default
no,US,Chicago Eagle,Chicago,,https://dds.crl.edu/crldelivery/19132,en,daily,3,,,Q18387226,2,41.8819,-87.6278,
no,US,Atascadero News,Atascadero,,https://atascaderonews.com/,en,daily,3,,,Q19864911,2,35.4842,-120.6725,
no,US,Owasso Reporter,Owasso,,http://www.owassoreporter.com,en,daily,3,,,Q19866020,2,36.2903,-95.8286,language from country default
no,US,Skiatook Journal,Skiatook,,http://www.skiatookjournal.com,en,daily,3,,,Q19867767,2,36.3672,-96.0472,language from country default
no,US,Leader-Telegram,Eau Claire,,http://www.leadertelegram.com,en,daily,3,,,Q19878034,2,44.8147,-91.4928,language from country default
no,US,Dielli,Nju Jork Siti,,http://gazetadielli.com/,sq,daily,3,,,Q22073876,2,40.7128,-74.0061,
no,US,The Marlin Democrat,Marlin,,http://www.marlindemocrat.com/,en,daily,3,,,Q23074316,2,31.3078,-96.8928,language from country default
no,US,The 74,,,http://www.the74million.org,en,online,3,,,Q24589959,2,,,"no place of publication/headquarters in Wikidata – fill in city; types: daily, online"
no,US,Noozhawk,Santa Barbara,,https://www.noozhawk.com/,en,daily,3,,,Q25197549,2,34.4258,-119.7142,
no,US,The Concrete Herald,Concrete,,http://www.concrete-herald.com/,en,daily,3,,,Q28126770,2,48.5392,-121.7470,
no,US,Argus-Courier,Petaluma,,https://www.petaluma360.com/,en,daily,3,,,Q55665642,2,38.2458,-122.6314,
no,US,Vakarai,,,http://www.vakarai.us/,lt,daily,3,,,Q7908968,2,,,no place of publication/headquarters in Wikidata – fill in city
no,US,Vallejo Times Herald,Vallejo,,http://www.timesheraldonline.com,en,daily,3,,,Q7911926,2,38.1041,-122.2566,language from country default
no,US,Verde Independent,Cottonwood,,https://www.verdenews.com/,en,daily,3,,,Q7921036,2,34.7322,-112.0186,language from country default
no,US,Waco Tribune-Herald,Waco,,http://wacotrib.com,en,daily,3,,,Q7958861,2,31.5492,-97.1472,language from country default
no,US,Watertown Daily Times,Watertown,,https://www.nny360.com/,en,daily,3,,,Q7974489,2,43.9756,-75.9064,
no,US,West Hawaii Today,Kailua-Kona,,https://www.westhawaiitoday.com/,en,daily,3,,,Q7985331,2,19.6500,-155.9942,
no,US,West Valley View,Goodyear,,http://www.westvalleyview.com,en,daily,3,,,Q7986770,2,33.4353,-112.3582,language from country default
no,US,Willamette Collegian,Salem,,https://www.willamettecollegian.com/,en,daily,3,,,Q8003285,2,44.9400,-123.0389,
no,US,Winona Daily News,Winona,,http://winonadailynews.com/,en,daily,3,,,Q8025883,2,44.0479,-91.6404,
no,US,Word on the Street,Baltimore,,http://wordonthestreetbaltimore.org,en,daily,3,,,Q8034364,2,39.2864,-76.6150,language from country default
no,US,Folio Weekly,Jacksonville,,http://folioweekly.com/,en,daily,3,,,Q8564206,2,30.3167,-81.6500,
no,US,Homer News,Homer,,http://homernews.com/,en,daily,3,,,Q9004606,2,59.6431,-151.5260,
no,US,Harvard Law Record,Cambridge,,http://www.hlrecord.org/,en,daily,3,,,Q9286657,2,42.3750,-71.1061,
no,US,The Pitt News,Pittsburgh,,http://www.pittnews.com/,en,daily,3,,,Q10381699,2,40.4417,-80.0000,
no,US,Darien Times,Darien,,https://www.darientimes.com,en,daily,3,,,Q55665887,2,41.0787,-73.4693,language from country default
no,US,Santa Maria Times,Santa Maria,,https://santamariatimes.com/,en,daily,3,,,Q50605854,2,34.9514,-120.4333,
no,US,Chinook Observer,Long Beach,,https://chinookobserver.com,en,daily,3,,,Q55607461,2,46.3508,-124.0536,
no,US,Alexander City Outlook,Alexander City,,http://alexcityoutlook.com/,en,daily,3,,,Q55639146,2,32.9332,-85.9360,
no,US,The Weekly Packet,Blue Hill,,http://www.weeklypacket.com/,en,weekly,3,,,Q55642344,2,44.4044,-68.5661,"types: daily, weekly"
no,US,Wrangell Sentinel,Wrangell,,https://www.wrangellsentinel.com,en,daily,3,,,Q55665232,2,56.4708,-132.3767,language from country default
no,US,Atmore Advance,Atmore,,https://www.atmoreadvance.com/,en,daily,3,,,Q55665239,2,31.0232,-87.4921,language from country default
no,US,Brewton Standard,Brewton,,https://www.brewtonstandard.com/,en,daily,3,,,Q55665245,2,31.1177,-87.0712,language from country default
no,US,Demopolis Times,Demopolis,,https://www.demopolistimes.com/,en,daily,3,,,Q55665259,2,32.5094,-87.8372,language from country default
no,US,Carmel Pine Cone,Carmel-by-the-Sea,,http://www.carmelpinecone.com/,en,daily,3,,,Q55665481,2,36.5553,-121.9233,language from country default
no,US,Grand Forks Herald,Grand Forks,,https://www.grandforksherald.com/,en,daily,3,,,Q55667960,2,47.9253,-97.0325,
no,US,The Journal-News,Hillsboro,,https://www.thejournal-news.net/,en,daily,3,,,Q30611666,2,39.1650,-89.4844,language from country default
no,US,The Sidney Herald,Sidney,,https://www.sidneyherald.com/,en,daily,3,,,Q39046443,2,47.7125,-104.1614,
no,US,Madera Tribune,Madera,,http://www.maderatribune.com/,en,daily,3,,,Q43401295,2,36.9614,-120.0608,
no,US,Spirit of Jefferson and Farmer's Advocate,Charles Town,,https://www.spiritofjefferson.com/,en,daily,3,,,Q48972075,2,39.2842,-77.8561,language from country default
no,US,VTDigger,Montpelier,,https://vtdigger.org/,en,online,3,,,Q57983508,2,44.2659,-72.5717,"language from country default; types: daily, online"
no,US,The Spectrum,St. George,,https://www.thespectrum.com/,en,daily,3,,,Q60775447,2,37.0953,-113.5781,language from country default
no,US,The Appeal,Saint Paul,,http://chroniclingamerica.loc.gov/lccn/sn83016810/issues/,en,daily,3,,,Q100294214,2,44.9442,-93.0936,
no,US,Ka Wai Ola,Honolulu,,https://kawaiola.news/,en,daily,3,,,Q106628893,2,21.3047,-157.8572,
no,US,Daily Bruin,,,http://www.dailybruin.com,en,daily,3,,,Q5209228,2,,,no place of publication/headquarters in Wikidata – fill in city
no,US,San Francisco Foghorn,,,http://sffoghorn.org,en,daily,3,,,Q7414035,2,,,no place of publication/headquarters in Wikidata – fill in city
no,US,The Beacon,,,http://www.upbeacon.net/,en,daily,3,,,Q7715983,2,,,no place of publication/headquarters in Wikidata – fill in city; language from country default
no,US,San Francisco Daily,Palo Alto,,http://sfdaily.net/,en,daily,3,,,Q2800922,2,37.4444,-122.1600,language from country default
no,US,Pittsburgh Courier,Pittsburgh,,http://proquest.umi.com/,en,daily,3,,,Q3339001,2,40.4417,-80.0000,
no,US,The Daily Evergreen,Pullman,,https://dailyevergreen.com/,en,daily,3,,,Q7728648,2,46.7333,-117.1667,
no,US,The Emory Wheel,Atlanta,,http://www.emorywheel.com/,en,daily,3,,,Q7731903,2,33.7544,-84.3897,
no,US,The Georgetown Voice,Georgetown University,,http://www.georgetownvoice.com/,en,magazine,3,,,Q7736196,2,38.9072,-77.0728,"language from country default; types: daily, magazine"
no,US,The Oberlin Review,Oberlin,,https://oberlinreview.org/,en,daily,3,,,Q7754623,2,41.2883,-82.2167,language from country default
no,US,The Student Life,Claremont Colleges,,https://tsl.news,en,weekly,3,,,Q7767104,2,34.1025,-117.7125,"types: daily, weekly"
no,US,The Spartan Daily,,,https://sjsunews.com/publication/spartan-daily,en,daily,3,,,Q94654659,2,,,no place of publication/headquarters in Wikidata – fill in city
no,US,The Yellow Journal,Charlottesville,,http://www.yjuva.com,en,daily,3,,,Q16983840,2,38.0299,-78.4790,
no,US,Dato,København,DK,http://graphlab.com,da,daily,3,exile,,Q5227693,2,55.6761,12.5689,newsroom abroad (DK) – exile?
no,US,Marianas Variety,Saipan,,http://www.mvariety.com/,en,daily,3,,,Q5392199,2,15.1833,145.7500,language from country default
no,US,Diario Las Américas,Miami,,http://www.diariolasamericas.com/,es,daily,3,,,Q5805311,2,25.7742,-80.1936,
no,US,Redding Record Searchlight,Redding,,http://redding.com/,en,daily,3,,,Q7305624,2,40.5864,-122.3917,
no,US,The Cullman Times,Cullman,,http://www.cullmantimes.com/,en,daily,3,,,Q7728375,2,34.1775,-86.8447,language from country default
no,US,The Daily News,Menlo Park,,http://www.paloaltodailynews.com/,en,daily,3,,,Q7728685,2,37.4542,-122.1786,language from country default
no,US,Outbreak News Today,Austin,,https://outbreaknewstoday.com/,en,online,3,,,Q139731585,2,30.3000,-97.7333,
no,US,The Gainesville Sun,Gainesville,,https://www.gainesville.com/,en,daily,3,,,Q7735604,2,29.6653,-82.3361,
no,US,The Houma Courier,,,http://houmatoday.com/,en,daily,3,,,Q7740455,2,,,no place of publication/headquarters in Wikidata – fill in city
no,US,The Times-Picayune | The New Orleans Advocate,New Orleans,,https://www.nola.com/,en,daily,3,,,Q116886708,2,29.9761,-90.0783,
no,US,military.com,San Francisco,,http://www.military.com,en,online,3,,,Q6851947,2,37.7750,-122.4194,language from country default
no,US,DNAinfo,New York City,,http://dnainfo.com,en,online,3,,,Q21189308,2,40.7128,-74.0061,language from country default
no,US,The Western Journal,Phoenix,,https://www.westernjournal.com,en,online,3,,,Q29096488,2,33.4483,-112.0739,
no,US,明鏡新聞,纽约州,,https://news.mingjingnews.com/,zh,online,3,,,Q77690241,2,43.0000,-75.0000,
no,US,Rest of World,New York City,,https://restofworld.org/,en,online,3,,,Q99674412,2,40.7128,-74.0061,
no,US,The Palestine Chronicle,Mountlake Terrace,,https://www.palestinechronicle.com/,en,online,3,,,Q109873519,2,47.7908,-122.3067,
no,US,Philadelphia Gay News,Philadelphia,,http://epgn.com,en,daily,3,,,Q7182702,2,39.9528,-75.1636,language from country default
no,US,San Francisco Sentinel,San Francisco,,http://www.sanfranciscosentinel.com/,en,daily,3,,,Q7414109,2,37.7750,-122.4194,
no,US,Seattle Gay News,,,http://sgn.org,en,daily,3,,,Q7442102,2,,,no place of publication/headquarters in Wikidata – fill in city; language from country default
no,US,La Voz (Arizona),Phoenix,,http://lavozarizona.com,es,daily,3,,,Q6465899,2,33.4483,-112.0739,
no,US,Brenham Banner Press,Brenham,,http://brenhambanner.com,de,daily,3,,,Q4961211,2,30.1619,-96.3969,
no,US,Brevard Business News,,,http://www.brevardbusinessnews.com/,en,daily,3,,,Q4962512,2,,,no place of publication/headquarters in Wikidata – fill in city
no,US,Journal & Courier,Lafayette,,http://www.jconline.com/,en,daily,3,,,Q972959,2,40.4172,-86.8786,
no,US,Federal Times,Tysons,,http://www.federaltimes.com/,en,daily,3,,,Q5440460,2,38.9186,-77.2297,
no,US,The Grand Island Independent,Grand Island,,https://theindependent.com/,en,daily,3,,,Q5594685,2,40.9243,-98.3387,
no,US,Haitian Times,Brooklyn,,http://haitiantimes.com/,en,daily,3,,,Q5639733,2,40.6508,-73.9497,
no,US,Record-Courier,Stow,,http://www.recordpub.com,en,daily,3,,,Q7302813,2,41.1594,-81.4403,language from country default
no,US,Republican-Herald,,,http://republicanherald.com/,en,daily,3,,,Q7314567,2,,,no place of publication/headquarters in Wikidata – fill in city
no,US,Santa Monica Daily Press,Santa Monica,,http://www.smdp.com,en,daily,3,,,Q7419792,2,34.0219,-118.4814,
no,US,Shepherd Express,Milwaukee,,http://www.expressmilwaukee.com/,en,daily,3,,,Q7494471,2,43.0500,-87.9500,language from country default
no,US,Cushing Citizen,,,http://www.cushingcitizen.com,en,daily,3,,,Q5196185,2,,,no place of publication/headquarters in Wikidata – fill in city
no,US,Cañon City Daily Record,Cañon City,,http://www.canoncitydailyrecord.com/,en,daily,3,,,Q5055590,2,38.4467,-105.2280,language from country default
no,US,The Brownsville Herald,Brownsville,,http://www.brownsvilleherald.com/,en,daily,3,,,Q7720412,2,25.9303,-97.4844,
no,US,The Brunswick News,Brunswick,,http://thebrunswicknews.com/,en,daily,3,,,Q7720427,2,31.1589,-81.4892,
no,US,The Bulletin,Norwich,,https://www.norwichbulletin.com/,en,daily,3,,,Q7720576,2,41.5503,-72.0875,
no,US,The Daily Advertiser,Lafayette,,http://www.theadvertiser.com/,en,daily,3,,,Q7728613,2,30.2431,-92.0126,language from country default
no,US,The Daily Gazette,Schenectady,,http://dailygazette.com,en,daily,3,,,Q7728652,2,42.8042,-73.9292,
no,US,Lebanon Daily News,Lebanon,,http://www.ldnews.com/,en,daily,3,,,Q6511078,2,40.3417,-76.4208,
no,US,Lebanon Democrat,Lebanon,,http://lebanondemocrat.com,en,daily,3,,,Q6511079,2,36.2081,-86.3264,language from country default
no,US,Missoulian,Missoula,,https://missoulian.com/,en,daily,3,,,Q6879431,2,46.8625,-114.0117,
no,US,Supply Chain Management Review,Framingham,,https://www.scmr.com/,en,daily,3,,,Q7644511,2,42.2792,-71.4167,
no,US,Daily Local News,West Chester,,http://www.dailylocal.com/,en,daily,3,,,Q5209292,2,39.9586,-75.6050,language from country default
no,US,Daily News,Red Bluff,,https://www.redbluffdailynews.com/,en,daily,3,,,Q5209320,2,40.1767,-122.2381,
no,US,Daily Star,Hammond,,https://www.hammondstar.com/,en,daily,3,,,Q5209370,2,30.5044,-90.4656,
no,US,Design News,Santa Monica,,http://www.designnews.com,en,daily,3,,,Q5264290,2,34.0219,-118.4814,
no,US,Douglas County News,Sutherlin,,http://www.douglascountynews.info/,en,daily,3,,,Q5301373,2,43.3903,-123.3114,language from country default
no,US,EDN,Garden City,,http://edn.com,en,daily,3,,,Q5322858,2,40.7269,-73.6497,
no,US,Edmond Sun,,,http://www.edmondsun.com,en,daily,3,,,Q5338921,2,,,no place of publication/headquarters in Wikidata – fill in city
no,US,Independent Tribune,Concord,,https://independenttribune.com/,en,daily,3,,,Q6017335,2,35.4044,-80.6006,language from country default
no,US,Jacksonville Free Press,,,https://jacksonvillefreepress.com/,en,daily,3,,,Q6117965,2,,,no place of publication/headquarters in Wikidata – fill in city; language from country default
no,US,Jewish Standard,Teaneck,,https://jewishstandard.timesofisrael.com/,en,daily,3,,,Q6189954,2,40.8975,-74.0161,
no,US,The Daily Star,Oneonta,,https://www.thedailystar.com/,en,daily,3,,,Q7728721,2,42.4558,-75.0622,language from country default
no,US,The Dispatch / The Rock Island Argus,Rock Island,,https://qconline.com/,en,daily,3,,,Q7730351,2,41.4892,-90.5731,language from country default
no,US,The Eagle-Tribune,Lawrence,,https://eagletribune.com/,en,daily,3,,,Q7731326,2,42.7069,-71.1633,
no,US,The Enterprise,Brockton,,http://www.enterprisenews.com,en,daily,3,,,Q7732281,2,42.0833,-71.0189,
no,US,The Independent,Massillon,,https://www.indeonline.com/,en,daily,3,,,Q7741802,2,40.7950,-81.5228,
no,US,The Irish Echo,New York City,,http://www.irishecho.com/,en,daily,3,,,Q7742538,2,40.7128,-74.0061,
no,US,The Joplin Globe,Joplin,,https://www.joplinglobe.com/,en,daily,3,,,Q7743518,2,37.0842,-94.5131,
no,US,The Leaf-Chronicle,Clarksville,,http://theleafchronicle.com/,en,daily,3,,,Q7746507,2,36.5297,-87.3594,
no,US,The Louisiana Weekly,New Orleans,,http://www.louisianaweekly.com/,en,daily,3,,,Q7748851,2,29.9761,-90.0783,
no,US,The Monitor,McAllen,,https://www.themonitor.com/,en,daily,3,,,Q7752023,2,26.2164,-98.2364,
no,US,The Monterey County Herald,Monterey,,http://www.montereyherald.com/,en,daily,3,,,Q7752110,2,36.6002,-121.8947,language from country default
no,US,The News Journal,Wilmington,,http://www.delawareonline.com/,en,daily,3,,,Q7753915,2,39.7483,-75.5514,
no,US,The Oakland Press,Pontiac,,http://www.theoaklandpress.com/,en,daily,3,,,Q7754579,2,42.6461,-83.2925,language from country default
no,US,The Patriot Ledger,Quincy,,http://www.patriotledger.com/,en,daily,3,,,Q7756356,2,42.2500,-71.0000,
no,US,The Robesonian,Lumberton,,https://www.robesonian.com/,en,daily,3,,,Q7761213,2,34.6272,-79.0119,language from country default
no,US,The Salem News,Salem,,http://www.salemnews.com,en,daily,3,,,Q7762110,2,42.5168,-70.8985,
no,US,News & Record,Greensboro,,https://greensboro.com/,en,daily,3,,,Q7019293,2,36.0725,-79.7903,
no,US,News From Indian Country,,,http://www.indiancountrynews.com,en,daily,3,,,Q7019367,2,,,no place of publication/headquarters in Wikidata – fill in city
no,US,Nordstjernan,New York City,,http://www.nordstjernan.com,en,daily,3,,,Q7050880,2,40.7128,-74.0061,
no,US,The Standard-Times,New Bedford,,https://www.southcoasttoday.com/,en,daily,3,,,Q7766217,2,41.6361,-70.9347,
no,US,The Tidings,Los Angeles,,http://www.the-tidings.com,en,daily,3,,,Q7769226,2,34.0522,-118.2437,
no,US,The Westerly Sun,,,http://www.thewesterlysun.com/,en,daily,3,,,Q7774297,2,,,no place of publication/headquarters in Wikidata – fill in city
no,US,Times Union,Albany,,https://www.timesunion.com/,en,daily,3,,,Q7806570,2,42.6500,-73.7667,
no,US,VideoAge International,New York City,,http://www.videoageinternational.com,en,daily,3,,,Q7927776,2,40.7128,-74.0061,language from country default
no,US,Washington Daily News,,,http://www.thewashingtondailynews.com/,en,daily,3,,,Q7971834,2,,,no place of publication/headquarters in Wikidata – fill in city
no,US,Williamsport Sun-Gazette,Williamsport,,http://sungazette.com/,en,daily,3,,,Q8021278,2,41.2444,-77.0186,
no,US,Xenia Daily Gazette,Xenia,,http://www.xeniagazette.com/,en,daily,3,,,Q8043482,2,39.6836,-83.9381,
no,US,Harvard Gazette,,,http://news.harvard.edu/gazette/,en,online,3,,,Q16888363,2,,,"no place of publication/headquarters in Wikidata – fill in city; types: daily, online"
no,US,The Bastrop Advertiser,Bastrop,,https://bastropadvertiser.com/,en,daily,3,,,Q16944420,2,30.1119,-97.3169,language from country default
no,US,Hudson Reporter,Hudson County,,http://www.hudsonreporter.com/,en,daily,3,,,Q16996076,2,40.7300,-74.0800,language from country default
no,US,Indianapolis Business Journal,,,http://www.ibj.com/,en,daily,3,,,Q16996883,2,,,no place of publication/headquarters in Wikidata – fill in city
no,US,Heresies: A Feminist Publication on Art and Politics,New York City,,http://heresiesfilmproject.org,en,daily,3,,,Q17022558,2,40.7128,-74.0061,
no,US,The Review,East Liverpool,,http://www.reviewonline.com,en,daily,3,,,Q17078335,2,40.6286,-80.5692,
no,US,Sarasota Observer,,,http://yourobserver.com/sarasota,en,daily,3,,,Q17079280,2,,,no place of publication/headquarters in Wikidata – fill in city; language from country default
no,US,The Tribune News,Junction City,,http://tctrib.com/,en,daily,3,,,Q17086040,2,44.2206,-123.2042,language from country default
no,US,The Wayne Independent,Honesdale,,http://www.wayneindependent.com/,en,daily,3,,,Q17089326,2,41.5742,-75.2558,
no,US,Prairie Farmer,St. Charles,,http://farmprogress.com/prairie-farmer,en,daily,3,,,Q18389423,2,41.9192,-88.3110,
no,US,Gwiazda Polarna,Stevens Point,,http://gwiazdapolarna.com/,pl,daily,3,,,Q18425090,2,44.5230,-89.5603,
no,US,Agriculture Week,Atlanta,,http://www.verticalnews.com/premium_newsletters/Agriculture-Week.html,en,daily,3,,,Q16158372,2,33.7544,-84.3897,
no,US,Revere Journal,Revere,,https://reverejournal.com/,en,daily,3,,,Q55075232,2,42.4083,-71.0125,language from country default
no,US,Allen American,Allen,,https://starlocalmedia.com/allenamerican/,en,daily,3,,,Q55315797,2,33.0997,-96.6631,language from country default
no,US,Manhattan Times,,,https://www.manhattantimesnews.com/,en,daily,3,,,Q20617708,2,,,no place of publication/headquarters in Wikidata – fill in city; language from country default
no,US,Our Time Press,,,https://ourtimepress.com/,en,daily,3,,,Q24204438,2,,,no place of publication/headquarters in Wikidata – fill in city; language from country default
no,US,Tennessee Tribune,Nashville,,https://tntribune.com/,en,daily,3,,,Q28126643,2,36.1622,-86.7744,
no,US,Tahoe Daily Tribune,South Lake Tahoe,,https://www.tahoedailytribune.com/,en,daily,3,,,Q28659436,2,38.9400,-119.9772,language from country default
no,US,侨报,,,http://www.uschinapress.com,zh,daily,3,,,Q30588388,2,,,no place of publication/headquarters in Wikidata – fill in city
no,US,Daily Sun,Beatrice,,https://beatricedailysun.com/,en,daily,3,,,Q56236804,2,40.2683,-96.7431,language from country default
no,US,Heppner Gazette-Times,Heppner,,http://bibpurl.oclc.org/web/98310,en,daily,3,,,Q59227438,2,45.3561,-119.5528,
no,US,Richmond Planet,Richmond,,http://www.virginiachronicle.com/,en,daily,3,,,Q60790308,2,37.5408,-77.4367,
no,US,Colorado Sun,,,https://coloradosun.com/,en,daily,3,,,Q65117524,2,,,no place of publication/headquarters in Wikidata – fill in city
no,US,The Town Talk,Alexandria,,https://www.thetowntalk.com,en,daily,3,,,Q100285264,2,31.3113,-92.4452,
no,US,Hoy,Chicago,,http://www.vivelohoy.com,es,daily,3,,,Q3141641,2,41.8819,-87.6278,
no,US,Long Islander News,Huntington,,https://www.longislandernews.com/,en,weekly,3,,,Q6672746,2,40.8681,-73.4261,language from country default
no,US,Alexandria Times,Alexandria,,https://alextimes.com/,en,weekly,3,,,Q56027627,2,38.8047,-77.0472,language from country default
no,US,Pittsburgh City Paper,,,https://www.pghcitypaper.com/,en,daily,3,,,Q7199252,2,,,no place of publication/headquarters in Wikidata – fill in city
no,US,Zeteo,,,https://zeteonews.com,en,online,3,,,Q124695497,2,,,no place of publication/headquarters in Wikidata – fill in city
no,US,LGBTQ Nation,,,https://www.lgbtqnation.com/,en,online,3,,,Q85775305,2,,,no place of publication/headquarters in Wikidata – fill in city; language from country default
no,US,Web News Observer,Austin,,https://webnewsobserver.com,en,online,3,,,Q105593881,2,30.3000,-97.7333,language from country default
no,US,Bankrate,North Palm Beach,,https://www.bankrate.com/,en,online,3,,,Q4856439,2,26.8183,-80.0636,language from country default
no,US,El Vocero Hispano (Míchigan),Grand Rapids,,http://elvocerous.com,es,online,3,,,Q5823702,2,42.9633,-85.6678,
no,US,WXIX-TV,Newport,,https://www.fox19.com/,en,online,3,,,Q7957651,2,39.0886,-84.4903,language from country default
no,US,NowThis News,New York City,,https://nowthisnews.com/,en,online,3,,,Q16927746,2,40.7128,-74.0061,language from country default
no,US,The Shade Room,,,https://theshaderoom.com/,en,online,3,,,Q28228221,2,,,no place of publication/headquarters in Wikidata – fill in city; language from country default
no,US,I24 News,Jaffa Port,IL,http://www.i24news.tv/en/news/international/americas/,en,online,3,exile,,Q30598802,2,32.0536,34.7494,newsroom abroad (IL) – exile?
no,US,Can I Play That?,,,https://caniplaythat.com,en,online,3,,,Q107750969,2,,,no place of publication/headquarters in Wikidata – fill in city
no,US,Cinemassacre Productions,,,https://cinemassacre.com,en,online,3,,,Q15994983,2,,,no place of publication/headquarters in Wikidata – fill in city; language from country default
no,US,LatinUS,,,https://latinus.us/,es,online,3,,,Q112157557,2,,,no place of publication/headquarters in Wikidata – fill in city
no,US,Hell Gate,New York City,,https://hellgatenyc.com/,en,online,3,,,Q116864814,2,40.7128,-74.0061,language from country default
no,US,The National News Desk,,,https://thenationaldesk.com/,en,online,3,,,Q105638444,2,,,no place of publication/headquarters in Wikidata – fill in city; language from country default
no,US,Flayrah,,,https://www.flayrah.com,en,online,3,,,Q126365418,2,,,no place of publication/headquarters in Wikidata – fill in city
no,US,Policy Review,,,http://www.policyreview.org,en,magazine,3,,,Q7209684,2,,,no place of publication/headquarters in Wikidata – fill in city
no,US,The Daily News Journal,Murfreesboro,,https://www.dnj.com,en,daily,3,,,Q4051033,1,35.8461,-86.3919,
no,US,Concordiensis,,,http://www.concordiensis.com,en,daily,3,,,Q5159013,1,,,no place of publication/headquarters in Wikidata – fill in city
no,US,Cordele Dispatch,Cordele,,http://www.cordeledispatch.com/,en,daily,3,,,Q5169917,1,31.9642,-83.7772,language from country default
no,US,Corsicana Daily Sun,Corsicana,,http://www.corsicanadailysun.com,en,daily,3,,,Q5173173,1,32.0925,-96.4694,
no,US,Corvallis Gazette-Times,Corvallis,,https://www.gazettetimes.com/,en,daily,3,,,Q5173430,1,44.5708,-123.2760,
no,US,Cottage Grove Sentinel,Cottage Grove,,http://www.cgsentinel.com/,en,daily,3,,,Q5175514,1,43.7947,-123.0525,language from country default
no,US,Courier-Post,Cherry Hill,,http://www.courierpostonline.com,en,daily,3,,,Q5178129,1,39.9348,-75.0307,
no,US,Coyote Chronicle,,,http://coyotechronicle.net/,en,daily,3,,,Q5180043,1,,,no place of publication/headquarters in Wikidata – fill in city
no,US,Crain's Chicago Business,Chicago,,http://www.chicagobusiness.com/,en,weekly,3,,,Q5181783,1,41.8819,-87.6278,"types: daily, weekly"
no,US,Creative Loafing,Atlanta,,https://creativeloafing.com/,en,daily,3,,,Q5183524,1,33.7544,-84.3897,
no,US,Crookston Daily Times,Crookston,,http://www.crookstontimes.com,en,daily,3,,,Q5187916,1,47.7742,-96.6081,
no,US,Cumberland Times-News,Cumberland,,http://www.times-news.com/,en,daily,3,,,Q5193970,1,39.6528,-78.7625,language from country default
no,US,Custom Builder,Chicago,,http://www.housingzone.com/custombuilder,en,daily,3,,,Q5196369,1,41.8819,-87.6278,
no,US,Daily Camera,Boulder,,http://dailycamera.com/,en,daily,3,,,Q5209232,1,40.0194,-105.2928,
no,US,Daily Commercial,Leesburg,,https://www.dailycommercial.com/,en,daily,3,,,Q5209238,1,28.8106,-81.8833,
no,US,Daily Freeman,Kingston,,http://www.dailyfreeman.com,en,daily,3,,,Q5209257,1,41.9250,-74.0000,language from country default
no,US,Daily Journal,Franklin,,http://www.dailyjournal.net/,en,daily,3,,,Q5209284,1,39.4897,-86.0567,
no,US,Daily Press,Hampton,,http://dailypress.com,en,daily,3,,,Q5209347,1,37.0264,-76.3444,
no,US,Daily Record,Ellensburg,,http://dailyrecordnews.com,en,daily,3,,,Q5209354,1,46.9971,-120.5451,
no,US,Daily Reporter,Greenfield,,https://www.greenfieldreporter.com/,en,daily,3,,,Q5209355,1,39.7914,-85.7714,
no,US,Daily Review Atlas,Monmouth,,http://www.reviewatlas.com,en,daily,3,,,Q5209358,1,40.9141,-90.6423,
no,US,Daily Republic,Fairfield,,http://www.dailyrepublic.com,en,daily,3,,,Q5209356,1,38.2578,-122.0542,language from country default
no,US,Woburn Daily Times Chronicle,Woburn,,http://www.homenewshere.com/,en,daily,3,,,Q5209380,1,42.4792,-71.1528,
no,US,Daily Trojan,,,http://www.dailytrojan.com/,en,daily,3,,,Q5209381,1,,,no place of publication/headquarters in Wikidata – fill in city
no,US,Daily World,Opelousas,,https://dailyworld.com,en,daily,3,,,Q5209389,1,30.5335,-92.0815,language from country default
no,US,Deming Headlight,Deming,,https://www.demingheadlight.com/,en,daily,3,,,Q5255368,1,32.2611,-107.7558,language from country default
no,US,Devils Lake Journal,Devils Lake,,http://www.devilslakejournal.com,en,daily,3,,,Q5267430,1,48.1167,-98.8667,
no,US,Diario de América,Los Ángeles,,http://www.diariodeamerica.com,es,daily,3,,,Q5271867,1,34.0522,-118.2437,
no,US,Dodge City Daily Globe,Dodge City,,http://www.dodgeglobe.com/,en,daily,3,,,Q5287844,1,37.7597,-100.0183,
no,US,Donaldsonville Chief,Donaldsonville,,http://www.donaldsonvillechief.com,en,daily,3,,,Q5295374,1,30.1000,-90.9942,
no,US,Dothan Eagle,Dothan,,https://dothaneagle.com/,en,daily,3,,,Q5299433,1,31.2272,-85.4072,
no,US,Dover Post,Dover,,http://www.doverpost.com/,en,daily,3,,,Q5302512,1,39.1617,-75.5257,language from country default
no,US,Du Quoin Evening Call,Du Quoin,,http://www.duquoin.com,en,daily,3,,,Q5310073,1,38.0000,-89.2333,language from country default
no,US,Duluth Budgeteer News,Duluth,,http://www.duluthbudgeteer.com,en,daily,3,,,Q5313497,1,46.7844,-92.1053,language from country default
no,US,Duluth News Tribune,Duluth,,http://www.duluthnewstribune.com/,en,daily,3,,,Q5313518,1,46.7844,-92.1053,
no,US,Eastern Echo,Ypsilanti,,http://www.easternecho.com/,en,daily,3,,,Q5330122,1,42.2428,-83.6183,language from country default
no,US,Easy Reader,Hermosa Beach,,http://www.easyreadernews.com/,en,daily,3,,,Q5331152,1,33.8664,-118.3997,
no,US,Education Week,Bethesda,,http://www.edweek.org/,en,daily,3,,,Q5340932,1,38.9848,-77.0946,
no,US,Edwardsville Intelligencer,Edwardsville,,http://www.goedwardsville.com/,en,daily,3,,,Q5346160,1,38.7923,-89.9878,
no,US,Effingham Daily News,Effingham,,http://www.effinghamdailynews.com/,en,daily,3,,,Q5347491,1,39.1208,-88.5458,language from country default
no,US,El Conquistador,,,http://www.elconquistadornews.com/,en,daily,3,,,Q5351061,1,,,no place of publication/headquarters in Wikidata – fill in city; language from country default
no,US,Syracuse University News,,,https://news.syr.edu/,en,online,3,,,Q120780733,1,,,"no place of publication/headquarters in Wikidata – fill in city; types: daily, online"
no,US,The Dartmouth Review,Hanover (NH),,http://www.dartreview.com/,en,daily,3,,,Q7729074,1,43.7000,-72.2833,language from country default
no,US,Miami Valley Today,Troy,,http://www.tdn-net.com,en,daily,3,,,Q7846805,1,40.0417,-84.2086,
no,US,Athens Banner-Herald,Athens,,http://onlineathens.com,en,daily,3,,,Q4813468,1,33.9553,-83.3831,
no,US,Athens Daily Review,Athens,,https://www.athensreview.com/,en,daily,3,,,Q4813479,1,32.2028,-95.8492,
no,US,Athol Daily News,Athol,,https://www.atholdailynews.com,en,online,3,,,Q4815623,1,42.5958,-72.2272,"types: daily, online"
no,US,Auburn Journal,Auburn,,http://www.auburnjournal.com,en,daily,3,,,Q4819274,1,38.8986,-121.0744,
no,US,Sentinel Colorado,Aurora,,http://www.sentinelcolorado.com/,en,daily,3,,,Q4822604,1,39.7108,-104.8125,
no,US,Austin Daily Herald,Austin,,https://www.austindailyherald.com/,en,daily,3,,,Q4823052,1,43.6666,-92.9749,
no,US,Baker City Herald,Baker City,,http://www.bakercityherald.com/,en,daily,3,,,Q4849129,1,44.7750,-117.8344,language from country default
no,US,Baldwin City Signal,Baldwin City,,http://signal.baldwincity.com/,en,daily,3,,,Q4850531,1,38.7775,-95.1875,language from country default
no,US,Ballard News-Tribune,Ballard,,http://www.ballardnewstribune.com,en,daily,3,,,Q4851512,1,47.6770,-122.3850,
no,US,Baltimore Chronicle,Baltimore,,http://baltimorechronicle.com/,en,daily,3,,,Q4852804,1,39.2864,-76.6150,language from country default
no,US,Baltimore City Paper,Baltimore,,http://citypaper.com/,en,daily,3,,,Q4852816,1,39.2864,-76.6150,
no,US,Bangor Daily News,Bangor,,http://www.bangordailynews.com/,en,daily,3,,,Q4855555,1,44.8031,-68.7675,
no,US,Baptist Messenger,Oklahoma City,,http://baptistmessenger.com/,en,daily,3,,,Q4857659,1,35.4822,-97.5353,
no,US,Barre Montpelier Times Argus,Barre,,http://www.timesargus.com/,en,daily,3,,,Q4863287,1,44.1858,-72.4818,
no,US,Barry County Advertiser,Cassville,,http://www.4bcaonline.com/,en,daily,3,,,Q4864126,1,36.6800,-93.8694,language from country default
no,US,Bartlesville Examiner-Enterprise,Bartlesville,,http://www.examiner-enterprise.com,en,daily,3,,,Q4865362,1,36.7472,-95.9594,
no,US,Bastrop Daily Enterprise,Bastrop,,http://www.bastropenterprise.com,en,daily,3,,,Q4868374,1,32.7778,-91.9150,language from country default
no,US,Baytown Sun,Baytown,,http://baytownsun.com/,en,daily,3,,,Q4874968,1,29.7439,-94.9658,
no,US,Beauregard Daily News,DeRidder,,http://www.beauregarddailynews.net,en,daily,3,,,Q4877619,1,30.8514,-93.2903,language from country default
no,US,Beaverton Valley Times,Beaverton,,http://www.beavertonvalleytimes.com/,en,daily,3,,,Q4878274,1,45.4869,-122.8036,
no,US,Beeville Bee-Picayune,Beeville,,http://www.mysoutex.com/pages/home_bee,en,daily,3,,,Q4880225,1,28.4053,-97.7506,language from country default
no,US,Beloit Daily News,Beloit,,https://www.beloitdailynews.com/,en,daily,3,,,Q4884493,1,42.5083,-89.0317,
no,US,Benton Spirit,Benton Harbor,,http://www.bentonspiritnews.com,en,daily,3,,,Q4890602,1,42.1167,-86.4542,language from country default
no,US,Berkeley Daily Planet,Berkeley,,http://berkeleydailyplanet.com/,en,daily,3,,,Q4892007,1,37.8703,-122.2681,language from country default
no,US,Beverly Hills Weekly,Beverly Hills,,http://bhweekly.com/,en,daily,3,,,Q4899566,1,34.0731,-118.3994,language from country default
no,US,Big Spring Herald,Big Spring,,http://www.bigspringherald.com,en,daily,3,,,Q4906426,1,32.2433,-101.4750,
no,US,Billings Gazette,Billings,,https://billingsgazette.com/,en,daily,3,,,Q4911948,1,45.7867,-108.5372,
no,US,Birmingham Business Journal,Birmingham,,http://www.birmingham.bizjournals.com/,en,daily,3,,,Q4916630,1,33.5175,-86.8094,language from country default
no,US,Black Mountain News,Black Mountain,,http://www.blackmountainnews.com,en,daily,3,,,Q4921344,1,35.6192,-82.3256,language from country default
no,US,Bluefield Daily Telegraph,Bluefield,,https://www.bdtonline.com,en,daily,3,,,Q4930298,1,37.2622,-81.2186,language from country default
no,US,Bluffton Today,Bluffton,,http://www.blufftontoday.com/,en,daily,3,,,Q4930701,1,32.2371,-80.8604,language from country default
no,US,Boise Weekly,Boise,,http://boiseweekly.com,en,daily,3,,,Q4938472,1,43.6136,-116.2378,language from country default
no,US,Bonner County Daily Bee,Sandpoint,,http://www.bonnercountydailybee.com/,en,daily,3,,,Q4942184,1,48.2766,-116.5532,
no,US,Borger News-Herald,Borger,,http://www.borgerherald.com,en,daily,3,,,Q4945036,1,35.6628,-101.4017,language from country default
no,US,Boulder Weekly,Boulder,,http://boulderweekly.com/,en,daily,3,,,Q4949603,1,40.0194,-105.2928,
no,US,Bozeman Daily Chronicle,Bozeman,,https://www.bozemandailychronicle.com/,en,daily,3,,,Q4952821,1,45.6794,-111.0372,
no,US,Brainerd Dispatch,,,https://www.brainerddispatch.com/,en,daily,3,,,Q4955878,1,,,no place of publication/headquarters in Wikidata – fill in city; language from country default
no,US,Branson Tri-Lakes News,Branson,,https://www.bransontrilakesnews.com/,en,daily,3,,,Q4957563,1,36.6378,-93.2550,language from country default
no,US,Brattleboro Reformer,Brattleboro,,http://www.reformer.com/,en,daily,3,,,Q4958122,1,42.8619,-72.6144,language from country default
no,US,Broadside,Fairfax,,http://www.BroadsideOnline.com,en,daily,3,,,Q4972296,1,38.8526,-77.3044,
no,US,Bronx News,New York City,,https://sites.google.com/site/bronxnews/,en,daily,3,,,Q4974192,1,40.7128,-74.0061,language from country default
no,US,Broomfield Enterprise,Broomfield,,http://broomfieldenterprise.com,en,daily,3,,,Q4975299,1,39.9333,-105.0500,language from country default
no,US,Brownwood Bulletin,Brownwood,,http://brownwoodtx.com/,en,daily,3,,,Q4976833,1,31.7081,-98.9825,
no,US,Brunswick Beacon,Shallotte,,http://www.brunswickbeacon.com/,en,daily,3,,,Q4979486,1,33.9732,-78.3858,
no,US,Brush News-Tribune,Brush,,http://brushnewstribune.com,en,daily,3,,,Q4979690,1,40.2578,-103.6280,language from country default
no,US,Burlington County Times,Willingboro,,http://www.burlingtoncountytimes.com/,en,daily,3,,,Q4999230,1,40.0280,-74.8870,language from country default
no,US,Burlington Record,Burlington,,http://burlington-record.com/,en,daily,3,,,Q4999276,1,39.3042,-102.2690,language from country default
no,US,Burns Times-Herald,Burns,,http://burnstimesherald.info/,en,daily,3,,,Q5000090,1,43.5863,-119.0541,
no,US,CD Housing Register,Silver Spring,,http://www.housinganddevelopment.com/,en,daily,3,,,Q5010082,1,39.0024,-77.0208,language from country default
no,US,Canby Herald,Canby,,http://www.canbyherald.com/,en,daily,3,,,Q5031303,1,45.2661,-122.6906,language from country default
no,US,Canyon News,Beverly Hills,,http://canyon-news.com,en,daily,3,,,Q5034228,1,34.0731,-118.3994,
no,US,Cape Cod Times,Hyannis,,http://www.capecodonline.com/,en,daily,3,,,Q5034709,1,41.6528,-70.2833,
no,US,Capital Press,Salem,,http://www.capitalpress.com/,en,daily,3,,,Q5035635,1,44.9400,-123.0389,language from country default
no,US,Berkeley High Jacket,,,http://www.bhsjacket.com/,en,daily,3,,,Q4892028,1,,,no place of publication/headquarters in Wikidata – fill in city; language from country default
no,US,International Examiner,Seattle,,https://iexaminer.org/,en,daily,3,,,Q6050327,1,47.6050,-122.3300,
no,US,The Diamondback,College Park,,http://www.diamondbackonline.com/,en,daily,3,,,Q7730092,1,38.9967,-76.9275,
no,US,Accion Newspaper,Atlanta,,http://www.accionnewspaper.com/,es,daily,3,,,Q4672636,1,33.7544,-84.3897,
no,US,Acento Latino,Fayetteville,,http://www.acentolatino.com/,en,daily,3,,,Q4673084,1,35.0667,-78.9175,language from country default
no,US,Ada Evening News,Ada,,http://www.theadanews.com/,en,daily,3,,,Q4678249,1,34.7636,-96.6683,
no,US,Addison County Independent,Middlebury,,https://www.addisonindependent.com/,en,daily,3,,,Q4681246,1,44.0043,-73.1224,language from country default
no,US,Advertiser News,Spring Hill,,http://cdh.columbiadailyherald.com/affiliate/advertisernews/,en,daily,3,,,Q4686733,1,35.7525,-86.9139,language from country default
no,US,Ahwatukee Foothills News,Phoenix,,http://ahwatukee.com,en,daily,3,,,Q4696447,1,33.4483,-112.0739,language from country default
no,US,Aiken Standard,Aiken,,http://www.aikenstandard.com/,en,daily,3,,,Q4696943,1,33.5494,-81.7206,language from country default
no,US,Ajo Copper News,Ajo,,http://www.cunews.info,en,daily,3,,,Q4699925,1,32.3814,-112.8694,
no,US,Akron News-Reporter,Akron,,https://www.akronnewsreporter.com/,en,daily,3,,,Q4701684,1,40.1614,-103.2117,
no,US,Alice Echo-News Journal,Alice,,http://www.aliceechonews.com,en,daily,3,,,Q4725836,1,27.7506,-98.0703,
no,US,The Alpena News,Alpena,,http://thealpenanews.com,en,daily,3,,,Q4734802,1,45.0617,-83.4328,
no,US,Black Lens,Spokane,,http://blacklensnews.com,en,daily,3,,,Q100269249,1,47.6572,-117.4235,
no,US,The Triibe,Chicago,,https://thetriibe.com/,en,online,3,,,Q104165955,1,41.8819,-87.6278,"language from country default; types: daily, online"
no,US,New England Informer,Dracut,,http://www.neinformer.net,en,daily,3,,,Q104834462,1,42.6667,-71.3000,
no,US,Metro Herald (Virginia),,,https://themetroherald.com,en,daily,3,,,Q104835625,1,,,no place of publication/headquarters in Wikidata – fill in city; language from country default
no,US,Black Star News,New York City,,https://www.blackstarnews.com,en,daily,3,,,Q105576469,1,40.7128,-74.0061,language from country default
no,US,Columbus Post,Columbus,,http://columbuspost.com/,en,daily,3,,,Q5150094,1,39.9622,-83.0006,language from country default
no,US,Jackson Advocate,Jackson,,https://jacksonadvocateonline.com/,en,daily,3,,,Q6116941,1,32.2989,-90.1847,
no,US,St. Louis American,St. Louis,,https://www.stlamerican.com,en,daily,3,,,Q7589557,1,38.6264,-90.1994,
no,US,The Cincinnati Herald,Cincinnati,,http://thecincinnatiherald.com/,en,weekly,3,,,Q28126763,1,39.1000,-84.5125,"types: daily, weekly"
no,US,The Orlando Times,Orlando,,http://orlando-times.com/,en,daily,3,,,Q28368928,1,28.5336,-81.3867,language from country default
no,US,Birmingham Times,Birmingham,,http://www.birminghamtimes.com,en,daily,3,,,Q55665242,1,33.5175,-86.8094,language from country default
no,US,Atlanta Voice,Atlanta,,https://theatlantavoice.com,en,daily,3,,,Q55666090,1,33.7544,-84.3897,language from country default
no,US,Baltimore Times,Baltimore,,https://baltimoretimes-online.com/,en,daily,3,,,Q56236631,1,39.2864,-76.6150,language from country default
no,US,Altus Times,Altus,,http://www.altustimes.com,en,daily,3,,,Q4737047,1,34.6439,-99.3267,language from country default
no,US,Alva Review-Courier,Alva,,http://www.alvareviewcourier.com,en,daily,3,,,Q4737628,1,36.8058,-98.6678,language from country default
no,US,Anchorage Press,Anchorage,,http://anchoragepress.com,en,daily,3,,,Q4752731,1,61.2167,-149.8936,language from country default
no,US,Anderson Valley Advertiser,Bodega Bay,,http://theava.com/,en,daily,3,,,Q4754218,1,38.3244,-123.0386,
no,US,AnnArbor.com,Ann Arbor,,http://www.annarbor.com/,en,daily,3,,,Q4766197,1,42.2814,-83.7483,language from country default
no,US,Antelope Valley Press,Palmdale,,http://avpress.com/,en,daily,3,,,Q4771204,1,34.5794,-118.1167,
no,US,Argus Observer,Ontario,,http://www.argusobserver.com/,en,daily,3,,,Q4789792,1,44.0269,-116.9686,
no,US,Arizona Capitol Times,Phoenix,,http://www.azcapitoltimes.com,en,daily,3,,,Q4791257,1,33.4483,-112.0739,language from country default
no,US,Arizona Daily Wildcat,Tucson,,http://wildcat.arizona.edu,en,daily,3,,,Q4791286,1,32.2217,-110.9264,language from country default
no,US,Arvada Press,Arvada,,http://www.milehighnews.com/,en,daily,3,,,Q4802349,1,39.8028,-105.0875,language from country default
no,US,Ashland Daily Tidings,Ashland,,http://www.dailytidings.com/,en,daily,3,,,Q4805242,1,42.1914,-122.7008,
no,US,Aspen Daily News,Aspen,,http://www.aspendailynews.com,en,daily,3,,,Q4807807,1,39.1922,-106.8244,
no,US,The Cavalier Daily,Charlottesville,,http://www.cavalierdaily.com/,en,daily,3,,,Q7721768,1,38.0299,-78.4790,language from country default
no,US,The Charlotte Post,Charlotte,,http://www.thecharlottepost.com,en,daily,3,,,Q7722194,1,35.2269,-80.8433,language from country default
no,US,The Chronicle,Barton,,https://bartonchronicle.com/,en,daily,3,,,Q7722792,1,44.7481,-72.1762,language from country default
no,US,The Citizen,Laconia,,http://citizen.com,en,daily,3,,,Q7723135,1,43.5275,-71.4703,language from country default
no,US,The Citizen,Auburn,,https://auburnpub.com/,en,daily,3,,,Q7723133,1,42.9317,-76.5648,
no,US,Claxton Enterprise,Claxton,,http://www.claxtonenterprise.com,en,daily,3,,,Q7723324,1,32.1608,-81.9086,
no,US,The Collegian,,,http://www.hillsdalecollegian.com/,en,daily,3,,,Q7726783,1,,,no place of publication/headquarters in Wikidata – fill in city
no,US,The Collegian,Richmond,,http://www.thecollegianur.com,en,daily,3,,,Q7726787,1,37.5408,-77.4367,
no,US,The Collegian,Houston,,https://www.hbucollegian.com/,en,daily,3,,,Q7726784,1,29.7628,-95.3831,language from country default
no,US,The Collegian,Philadelphia,,http://clubs.lasalle.edu/collegian/,en,daily,3,,,Q7726785,1,39.9528,-75.1636,language from country default
no,US,The Commonwealth Times,Richmond,,http://www.commonwealthtimes.org/,en,daily,3,,,Q7727028,1,37.5408,-77.4367,
no,US,The Communicator,Fort Wayne,,http://www.ipfwcommunicator.org,en,daily,3,,,Q7727032,1,41.0804,-85.1392,language from country default
no,US,The Cornell Progressive,,,http://www.cornellprogressive.com,en,daily,3,,,Q7727624,1,,,no place of publication/headquarters in Wikidata – fill in city; language from country default
no,US,The Crimson White,,,http://www.cw.ua.edu/,en,daily,3,,,Q7728099,1,,,no place of publication/headquarters in Wikidata – fill in city
no,US,The Crucible,Greeley,,http://www.unco.edu,en,daily,3,,,Q7728243,1,40.4167,-104.7000,language from country default
no,US,The Current,,,https://thecurrent-online.com/,en,daily,3,,,Q7728443,1,,,no place of publication/headquarters in Wikidata – fill in city
no,US,Daily Astorian,Astoria,,http://www.dailyastorian.com/,en,daily,3,,,Q7728619,1,46.1833,-123.8347,
no,US,The Daily Advocate,Greenville,,http://www.dailyadvocate.com/,en,daily,3,,,Q7728616,1,40.1025,-84.6281,
no,US,The Daily Barometer,Corvallis,,http://www.dailybarometer.com/,en,daily,3,,,Q7728620,1,44.5708,-123.2760,
no,US,The Daily Campus,,,http://dailycampus.com,en,daily,3,,,Q7728626,1,,,no place of publication/headquarters in Wikidata – fill in city
no,US,The Daily Guide,Waynesville,,http://www.waynesvilledailyguide.com,en,daily,3,,,Q7728655,1,37.8203,-92.2136,language from country default
no,US,The Daily Iowan,Iowa City,,http://daily-iowan.com/,en,daily,3,,,Q7728663,1,41.6558,-91.5250,
no,US,The Daily Ledger,Canton,,http://www.cantondailyledger.com,en,daily,3,,,Q7728672,1,40.5578,-90.0342,
no,US,The Daily Mining Gazette,Houghton,,http://www.mininggazette.com/,en,daily,3,,,Q7728676,1,47.1211,-88.5694,
no,US,The Daily Mississippian,,,http://www.thedmonline.com/,en,daily,3,,,Q7728677,1,,,no place of publication/headquarters in Wikidata – fill in city
no,US,The Daily News,Longview,,https://tdn.com/,en,daily,3,,,Q7728682,1,46.1400,-122.9375,
no,US,The Daily Northwestern,Evanston,,http://www.dailynorthwestern.com/,en,daily,3,,,Q7728691,1,42.0472,-87.6850,
no,US,Daily Register,Harrisburg,,http://www.dailyregister.com,en,daily,3,,,Q7728699,1,37.7339,-88.5458,language from country default
no,US,The Daily Reveille,Baton Rouge,,http://www.lsureveille.com/,en,daily,3,,,Q7728702,1,30.4475,-91.1786,
no,US,The Daily Republican,Marion,,http://www.dailyrepublicannews.com,en,daily,3,,,Q7728701,1,37.7303,-88.9300,language from country default
no,US,The Daily Siftings Herald,Arkadelphia,,http://siftingsherald.com,en,daily,3,,,Q7728715,1,34.1217,-93.0661,language from country default
no,US,The Daily Star-Journal,Warrensburg,,http://dailystarjournal.com/,en,daily,3,,,Q7728720,1,38.7631,-93.7350,
no,US,The Daily Texan,Austin,,http://www.dailytexanonline.com/,en,daily,3,,,Q7728725,1,30.3000,-97.7333,
no,US,The Daily Titan,Fullerton,,https://www.dailytitan.com,en,daily,3,,,Q7728729,1,33.8800,-117.9286,
no,US,The Daily Triplicate,Crescent City,,https://www.triplicate.com/,en,daily,3,,,Q7728732,1,41.7561,-124.2017,language from country default
no,US,The Dartmouth,Hanover (NH),,http://www.thedartmouth.com/,en,daily,3,,,Q7729068,1,43.7000,-72.2833,
no,US,The Davie County Enterprise-Record,Mocksville,,http://www.ourdavie.com,en,daily,3,,,Q7729119,1,35.8964,-80.5619,language from country default
no,US,The Day,New London,,http://www.theday.com/,en,daily,3,,,Q7729145,1,41.3541,-72.1010,
no,US,Decatur Daily,Decatur,,http://www.decaturdaily.com/,en,daily,3,,,Q7729492,1,34.5810,-86.9834,
no,US,The Delaware Gazette,Delaware,,https://www.delgazette.com/,en,daily,3,,,Q7729643,1,40.2989,-83.0719,
no,US,Delta Discovery,Bethel,,http://www.deltadiscovery.com,en,daily,3,,,Q7729682,1,60.7922,-161.7558,
no,US,The Dickinsonian,Carlisle,,http://www.dickinson.edu/dickinsonian,en,daily,3,,,Q7730131,1,40.2025,-77.1950,
no,US,The Diplomatic Courier,,,https://www.diplomaticourier.com/,en,daily,3,,,Q7730238,1,,,no place of publication/headquarters in Wikidata – fill in city
no,US,The Dispatch,Lexington,,https://www.the-dispatch.com/,en,daily,3,,,Q7730352,1,35.8167,-80.2586,
no,US,The Durango Herald,Durango,,http://www.durangoherald.com/,en,daily,3,,,Q7731242,1,37.2753,-107.8800,language from country default
no,US,The Duquesne Duke,Pittsburgh,,http://www.theduquesneduke.com/,en,daily,3,,,Q7731244,1,40.4417,-80.0000,language from country default
no,US,The East Carolinian,Greenville,,http://www.theeastcarolinian.com/,en,daily,3,,,Q7731445,1,35.6017,-77.3725,
no,US,The East Hampton Star,East Hampton,,http://easthamptonstar.com,en,daily,3,,,Q7731448,1,40.9634,-72.1848,
no,US,The Elkhart Truth,Elkhart,,http://www.elkharttruth.com,en,online,3,,,Q7731812,1,41.6831,-85.9689,"types: daily, online"
no,US,The Ester Republic,Ester,,http://www.esterrepublic.com/Republicwelcome.html,en,daily,3,,,Q7732536,1,64.8557,-147.9784,
no,US,Hornell Evening Tribune,Hornell,,http://www.eveningtribune.com,en,daily,3,,,Q7732651,1,42.3167,-77.6667,
no,US,The Examiner,Independence,,http://www.examiner.net,en,daily,3,,,Q7732736,1,39.0925,-94.4139,
no,US,The Exponent,Bozeman,,http://www.msuexponent.com,en,daily,3,,,Q7732859,1,45.6794,-111.0372,
no,US,The Flat Hat,Williamsburg,,http://www.flathatnews.com,en,daily,3,,,Q7734384,1,37.2708,-76.7069,
no,US,The Floyd County Times,Prestonsburg,,http://www.floydcountytimes.com,en,daily,3,,,Q7734545,1,37.6678,-82.7589,
no,US,The Free Press,,,http://www.usmfreepress.org,en,daily,3,,,Q7735207,1,,,no place of publication/headquarters in Wikidata – fill in city; language from country default
no,US,The GW Hatchet,,,http://www.gwhatchet.com/,en,daily,3,,,Q7735574,1,,,no place of publication/headquarters in Wikidata – fill in city
no,US,The George-Anne,,,http://www.thegeorgeanne.com/,en,daily,3,,,Q7736163,1,,,no place of publication/headquarters in Wikidata – fill in city
no,US,The Goldsboro News-Argus,Goldsboro,,http://www.newsargus.com,en,daily,3,,,Q7737134,1,35.3839,-77.9950,
no,US,Weekly Citizen,Gonzales,,http://www.weeklycitizen.com,en,daily,3,,,Q7737156,1,30.2385,-90.9201,
no,US,The Grand Views,Des Moines,,http://www.viewfindergv.com,en,daily,3,,,Q7737505,1,41.5908,-93.6208,language from country default
no,US,The Greeneville Sun,Greeneville,,https://www.greenevillesun.com/,en,daily,3,,,Q7738227,1,36.1686,-82.8133,
no,US,The Greenville News,Greenville,,https://www.greenvilleonline.com/,en,daily,3,,,Q7738248,1,34.8444,-82.3856,
no,US,El Tiempo Latino,Washington D. C.,,http://eltiempolatino.com/,es,daily,3,,,Q5352251,1,38.8950,-77.0367,
no,US,The Daily Advance,Elizabeth City,,http://www.dailyadvance.com,en,daily,3,,,Q5362583,1,36.2956,-76.2250,
no,US,Enid News & Eagle,Enid,,http://www.enidnews.com,en,daily,3,,,Q5378885,1,36.3967,-97.8791,language from country default
no,US,FSView & Florida Flambeau,,,http://www.fsunews.com/,en,daily,3,,,Q5427165,1,,,no place of publication/headquarters in Wikidata – fill in city; language from country default
no,US,Fairborn Daily Herald,Fairborn,,https://www.fairborndailyherald.com/,en,daily,3,,,Q5430031,1,39.8078,-84.0219,
no,US,Fairfax Times,Reston,,http://www.fairfaxtimes.com,en,daily,3,,,Q5430202,1,38.9589,-77.3586,language from country default
no,US,Falls Church News-Press,Falls Church,,http://www.fcnp.com/,en,daily,3,,,Q5432464,1,38.8822,-77.1711,
no,US,Flagpole Magazine,Athens,,https://flagpole.com/,en,daily,3,,,Q5456958,1,33.9553,-83.3831,
no,US,Flyer News,,,http://www.flyernews.com/,en,daily,3,,,Q5463303,1,,,no place of publication/headquarters in Wikidata – fill in city; language from country default
no,US,Fort Bend Sun,Sugar Land,,http://www.fortbendsouthwestsun.com/,en,daily,3,,,Q5470805,1,29.5994,-95.6142,language from country default
no,US,Coloradoan,Fort Collins,,http://www.coloradoan.com,en,daily,3,,,Q5470953,1,40.5667,-105.0833,
no,US,Fort Scott Tribune,Fort Scott,,http://www.fstribune.com/,en,daily,3,,,Q5472004,1,37.8353,-94.7019,language from country default
no,US,Fort Worth Weekly,Fort Worth,,http://fwweekly.com,en,daily,3,,,Q5472413,1,32.7564,-97.3325,
no,US,Franklin Banner-Tribune,Franklin,,http://www.banner-tribune.com,en,daily,3,,,Q5491295,1,29.7917,-91.5083,language from country default
no,US,Frederick News-Post,Frederick,,http://www.fredericknewspost.com,en,daily,3,,,Q5498461,1,39.4264,-77.4203,
no,US,Fulton County Daily Report,Atlanta,,http://www.dailyreportonline.com,en,daily,3,,,Q5508418,1,33.7544,-84.3897,
no,US,Galion Inquirer,Galion,,https://www.galioninquirer.com/,en,daily,3,,,Q5518718,1,40.7331,-82.7886,language from country default
no,US,Gallup Independent,Gallup,,http://gallupindependent.com,en,daily,3,,,Q5519234,1,35.5236,-108.7342,language from country default
no,US,Gambit Weekly,New Orleans,,http://bestofneworleans.com/,en,daily,3,,,Q5519643,1,29.9761,-90.0783,language from country default
no,US,Generation Magazine,,,http://ubgeneration.com/,en,daily,3,,,Q5532576,1,,,no place of publication/headquarters in Wikidata – fill in city; language from country default
no,US,Glasgow Daily Times,Glasgow,,https://www.glasgowdailytimes.com/,en,daily,3,,,Q5566795,1,37.0003,-85.9203,language from country default
no,US,Globe Gazette,Mason City,,https://globegazette.com/,en,daily,3,,,Q5570978,1,43.1486,-93.2019,
no,US,Gloucester Daily Times,Gloucester,,http://www.gloucestertimes.com/,en,daily,3,,,Q5572043,1,42.6167,-70.6667,
no,US,Golden Transcript,Golden,,http://www.goldentranscript.net,en,daily,3,,,Q5579886,1,39.7469,-105.2108,language from country default
no,US,Good Times,Santa Cruz,,http://www.gtweekly.com/,en,daily,3,,,Q5583019,1,36.9721,-122.0263,
no,US,Graham Star,Robbinsville,,http://www.grahamstar.com/,en,daily,3,,,Q5593272,1,35.3228,-83.8078,language from country default
no,US,Grand Valley Lanthorn,Allendale Charter Township,,http://www.lanthorn.com/,en,daily,3,,,Q5595222,1,42.9778,-85.9586,
no,US,Granville Sentinel,Granville,,http://www.granvillesentinel.com/,en,daily,3,,,Q5596943,1,40.0675,-82.5122,
no,US,Greensburg Daily News,Greensburg,,https://www.greensburgdailynews.com/,en,daily,3,,,Q5604494,1,39.3403,-85.4836,language from country default
no,US,Hammonton Gazette,Hammonton,,http://www.hammontongazette.com,en,daily,3,,,Q5645887,1,39.6550,-74.7722,language from country default
no,US,Hannibal Courier-Post,Hannibal,,http://www.hannibal.net,en,daily,3,,,Q5649159,1,39.7042,-91.3775,language from country default
no,US,Harbor Country News,New Buffalo,,http://www.harborcountry-news.com,en,daily,3,,,Q5654587,1,41.7939,-86.7439,language from country default
no,US,Hattiesburg American,Hattiesburg,,http://www.hattiesburgamerican.com/,en,daily,3,,,Q5682086,1,31.3158,-89.3086,language from country default
no,US,Havelock News,Havelock,,http://www.havenews.com/,en,daily,3,,,Q5683585,1,34.8828,-76.9092,language from country default
no,US,Havre Daily News,Havre,,https://www.havredailynews.com/,en,daily,3,,,Q5684065,1,48.5453,-109.6775,
no,US,Hays Daily News,Hays,,http://www.hdnews.net/,en,daily,3,,,Q5687187,1,38.8794,-99.3222,
no,US,Hendricks County Flyer,Plainfield,,http://www.flyergroup.com,en,daily,3,,,Q5713762,1,39.7042,-86.3994,language from country default
no,US,Herald and News,Klamath Falls,,http://www.heraldandnews.com/,en,daily,3,,,Q5732664,1,42.2233,-121.7775,
no,US,Hickory Daily Record,Hickory,,https://hickoryrecord.com/,en,daily,3,,,Q5751139,1,35.7378,-81.3283,
no,US,High Country News,Paonia,,http://www.hcn.org,en,daily,3,,,Q5755188,1,38.8675,-107.5920,
no,US,High Country Press,Boone,,http://www.highcountrypress.com,en,daily,3,,,Q5755192,1,36.2168,-81.6745,language from country default
no,US,High Plains Journal,Dodge City,,https://hpj.com/,en,daily,3,,,Q5756138,1,37.7597,-100.0183,language from country default
no,US,Hillsboro Banner,Hillsboro,,https://www.hillsborobanner.com/,en,daily,3,,,Q5763527,1,47.4039,-97.0620,language from country default
no,US,Hillsboro Tribune,Hillsboro,,http://hillsborotribune.com,en,daily,3,,,Q5763609,1,45.5228,-122.9897,language from country default
no,US,Carlsbad Current-Argus,Carlsbad,,http://www.currentargus.com/,en,daily,3,,,Q5042868,1,32.4258,-104.2376,
no,US,Carroll County Times,Westminster,,http://carrollcountytimes.com/,en,daily,3,,,Q5046549,1,39.5767,-77.0000,
no,US,Carroll Daily Times Herald,Carroll,,https://www.carrollspaper.com/,en,daily,3,,,Q5046554,1,42.0694,-94.8664,
no,US,Casa Grande Dispatch,Casa Grande,,https://www.pinalcentral.com/,en,daily,3,,,Q5047824,1,32.8858,-111.7439,language from country default
no,US,Catholic Sentinel,Portland,,http://www.catholicsentinel.org/,en,daily,3,,,Q5053236,1,45.5150,-122.6792,
no,US,Cayuga Collegian,Auburn,,http://www.cayuga-cc.edu/,en,daily,3,,,Q5055459,1,42.9317,-76.5648,language from country default
no,US,Centinel of the Northwest Territory,Cincinnati,,http://www.chillicothegazette.com,en,daily,3,,,Q5060149,1,39.1000,-84.5125,
no,US,Central Florida Future,Orlando,,http://www.centralfloridafuture.com,en,daily,3,,,Q5061089,1,28.5336,-81.3867,
no,US,Central Oregonian,Prineville,,http://www.centraloregonian.com/,en,daily,3,,,Q5061564,1,44.3039,-120.8461,language from country default
no,US,Charleston City Paper,Charleston,,https://charlestoncitypaper.com/,en,daily,3,,,Q5084113,1,32.7833,-79.9319,language from country default
no,US,Charleston Gazette-Mail,Charleston,,http://wvgazette.com/,en,daily,3,,,Q5084133,1,38.3472,-81.6333,
no,US,Cheboygan Daily Tribune,Cheboygan,,http://www.CheboyganNews.com,en,daily,3,,,Q5088992,1,45.6469,-84.4744,
no,US,Cherokee Scout,Murphy,,http://www.cherokeescout.com/,en,daily,3,,,Q5092199,1,35.0897,-84.0300,
no,US,Chilkat Valley News,Haines,,http://chilkatvalleynews.com/,en,daily,3,,,Q5098976,1,59.2339,-135.4469,
no,US,Cincinnati CityBeat,Cincinnati,,http://citybeat.com,en,daily,3,,,Q5120235,1,39.1000,-84.5125,language from country default
no,US,CITY,Rochester,,https://www.rochestercitynewspaper.com/,en,daily,3,,,Q5123327,1,43.1656,-77.6114,
no,US,The Clackamas Print,Oregon City,,http://www.theclackamasprint.com,en,daily,3,,,Q5124878,1,45.3569,-122.6067,language from country default
no,US,Cleburne Times-Review,Cleburne,,http://www.cleburnetimesreview.com,en,daily,3,,,Q5131030,1,32.3517,-97.3925,language from country default
no,US,Cleveland Advocate,Cleveland,,http://www.clevelandadvocate.com,en,daily,3,,,Q5132051,1,30.3450,-95.0836,
no,US,Clinton Herald,Clinton,,https://www.clintonherald.com/,en,daily,3,,,Q5134134,1,41.8469,-90.2072,
no,US,Clovis News Journal,Clovis,,http://www.cnjonline.com/,en,daily,3,,,Q5135996,1,34.4055,-103.2051,language from country default
no,US,College Heights Herald,,,http://wkuherald.com,en,daily,3,,,Q5146413,1,,,no place of publication/headquarters in Wikidata – fill in city
no,US,Collegiate Times,Blacksburg,,http://www.collegiatetimes.com,en,daily,3,,,Q5146982,1,37.2300,-80.4178,language from country default
no,US,Colorado Daily,Boulder,,http://coloradodaily.com/,en,daily,3,,,Q5148780,1,40.0194,-105.2928,language from country default
no,US,Columbia Basin Herald,Moses Lake,,http://www.columbiabasinherald.com/,en,daily,3,,,Q5149617,1,47.1211,-119.2880,
no,US,Columbia Record,Columbia,,http://www.columbiarecords.com/,en,daily,3,,,Q5149809,1,34.0006,-81.0442,
no,US,Columbus Messenger,Columbus,,http://columbusmessenger.com,en,daily,3,,,Q5150076,1,39.9622,-83.0006,language from country default
no,US,Columbus Telegram,Columbus,,https://columbustelegram.com/,en,daily,3,,,Q5150134,1,41.4293,-97.3581,
no,US,The Alabama Baptist,Birmingham,,http://www.thealabamabaptist.org,en,daily,3,,,Q7712959,1,33.5175,-86.8094,
no,US,Morning Sentinel,Waterville,,http://www.onlinesentinel.com/,en,daily,3,,,Q6912862,1,44.5519,-69.6458,language from country default
no,US,Moscow-Pullman Daily News,Moscow,,http://www.dnews.com/,en,daily,3,,,Q6915449,1,46.7317,-116.9972,
no,US,Mound City News,Mound City,,http://www.moundcitynews.com/,en,daily,3,,,Q6919112,1,40.1347,-95.2308,
no,US,Mount Olive Tribune,Mount Olive,,https://www.mountolivetribune.com/,en,daily,3,,,Q6922550,1,35.1950,-78.0675,
no,US,Mount Pleasant Daily Tribune,Mount Pleasant,,http://www.dailytribune.net/,en,daily,3,,,Q6922906,1,33.1578,-94.9700,language from country default
no,US,Mountain Xpress,Asheville,,http://mountainx.com,en,daily,3,,,Q6925441,1,35.5956,-82.5519,language from country default
no,US,Muscatine Journal,Muscatine,,https://muscatinejournal.com/,en,daily,3,,,Q6940243,1,41.4244,-91.0433,
no,US,NUVO,Indianapolis,,http://www.nuvo.net/,en,daily,3,,,Q6955668,1,39.7686,-86.1581,language from country default
no,US,Naples Daily News,Naples,,https://www.naplesnews.com/,en,daily,3,,,Q6964970,1,26.1531,-81.7986,language from country default
no,US,Nashville Scene,Nashville,,http://www.nashvillescene.com,en,daily,3,,,Q6966997,1,36.1622,-86.7744,language from country default
no,US,National Mortgage News,,,https://www.nationalmortgagenews.com/,en,daily,3,,,Q6974392,1,,,no place of publication/headquarters in Wikidata – fill in city; language from country default
no,US,National Sports Journalism Center,Bloomington,,http://www.sportsjournalism.org/,en,daily,3,,,Q6978650,1,39.1667,-86.5347,language from country default
no,US,Navajo Hopi Observer,Flagstaff,,https://www.nhonews.com/,en,daily,3,,,Q6981630,1,35.1992,-111.6311,
no,US,Neon Tommy,,,http://www.neontommy.com/,en,daily,3,,,Q6993448,1,,,no place of publication/headquarters in Wikidata – fill in city; language from country default
no,US,New Castle News,New Castle,,http://www.ncnewsonline.com,en,daily,3,,,Q7006435,1,40.9972,-80.3444,
no,US,New Times Broward,Palm Beach,,http://www.browardpalmbeach.com,en,daily,3,,,Q7012108,1,26.7056,-80.0364,language from country default
no,US,Newark Post,Newark,,https://www.newarkpostonline.com/,en,daily,3,,,Q7016729,1,39.6833,-75.7500,
no,US,News-Register,McMinnville,,http://www.newsregister.com/,en,daily,3,,,Q7019170,1,45.2117,-123.1972,
no,US,News-Times,Newport,,https://newportnewstimes.com/,en,daily,3,,,Q7019179,1,44.6367,-124.0533,language from country default
no,US,NewsPress,Stillwater,,http://www.stwnewspress.com,en,daily,3,,,Q7019243,1,36.1134,-97.0586,language from country default
no,US,News Chief,Winter Haven,,http://www.newschief.com,en,daily,3,,,Q7019352,1,28.0333,-81.7167,
no,US,"News Journal, National Library Service for the Blind and Physically Handicapped","Washington, D.C.",,https://purl.fdlp.gov/GPO/LPS3139,en,daily,3,,,Q7019391,1,38.8950,-77.0367,
no,US,News Journal,Corbin,,http://www.thenewsjournal.net/,en,daily,3,,,Q7019394,1,36.9417,-84.0956,language from country default
no,US,Newsbreak Magazine,Knoxville,,http://newsbreak.net,en,daily,3,,,Q7019615,1,35.9617,-83.9233,language from country default
no,US,Niagara Falls Reporter,Niagara Falls,,http://www.niagarafallsreporter.com/,en,daily,3,,,Q7023684,1,43.0939,-79.0169,
no,US,Norfolk Daily News,Norfolk,,http://www.norfolkdailynews.com,en,daily,3,,,Q7051030,1,42.0283,-97.4170,language from country default
no,US,North Adams Transcript,North Adams,,http://www.thetranscript.com/,en,daily,3,,,Q7053659,1,42.7008,-73.1092,
no,US,North Bay Bohemian,Santa Rosa,,http://www.bohemian.com/,en,daily,3,,,Q7054092,1,38.4486,-122.7047,
no,US,North Coast Journal,Arcata,,http://www.northcoastjournal.com/,en,daily,3,,,Q7054861,1,40.8664,-124.0828,
no,US,Northern Star,,,http://northernstar.info,en,daily,3,,,Q7058984,1,,,no place of publication/headquarters in Wikidata – fill in city
no,US,Northwest Florida Daily News,Fort Walton Beach,,http://www.nwfdailynews.com/,en,daily,3,,,Q7060039,1,30.4203,-86.6167,language from country default
no,US,Novato Advance,Novato,,https://marinlocalnews.com/category/local-news/novato/,en,daily,3,,,Q7064490,1,38.1075,-122.5697,language from country default
no,US,The Nugget Newspaper,Sisters,,http://www.nuggetnews.com/,en,daily,3,,,Q7068756,1,44.2908,-121.5489,language from country default
no,US,OBU Signal,,,http://obusignal.com,en,daily,3,,,Q7072335,1,,,no place of publication/headquarters in Wikidata – fill in city
no,US,Odessa American,Odessa,,http://www.oaoa.com/,en,daily,3,,,Q7077700,1,31.8633,-102.3656,
no,US,Ojai Valley News,Ojai,,https://www.ojaivalleynews.com/,en,daily,3,,,Q7081586,1,34.4483,-119.2466,language from country default
no,US,Oklahoma Gazette,Oklahoma City,,http://okgazette.com,en,daily,3,,,Q7082232,1,35.4822,-97.5353,language from country default
no,US,Old Gold & Black,Winston-Salem,,http://oldgoldandblack.com/,en,daily,3,,,Q7084105,1,36.1025,-80.2606,
no,US,Olney Daily Mail,Olney,,http://www.olneydailymail.com,en,daily,3,,,Q7088449,1,38.7284,-88.0839,language from country default
no,US,Orange County Business Journal,Irvine,,http://www.ocbj.com/,en,daily,3,,,Q7099550,1,33.6842,-117.7925,language from country default
no,US,Orange County Review,Orange,,http://www.orangenews.com,en,daily,3,,,Q7099582,1,38.2458,-78.1097,language from country default
no,US,Oroville Mercury-Register,Oroville,,http://www.orovillemr.com,en,daily,3,,,Q7103901,1,39.5136,-121.5567,language from country default
no,US,Ottawa Herald,Ottawa,,http://www.ottawaherald.com/,en,daily,3,,,Q7109184,1,38.6119,-95.2664,
no,US,Ottumwa Courier,Ottumwa,,http://www.ottumwacourier.com/,en,daily,3,,,Q7110020,1,41.0131,-92.4147,language from country default
no,US,Our Neighborhood Times,Chicago,,http://www.ontnews.com/,en,daily,3,,,Q7111113,1,41.8819,-87.6278,
no,US,Ouray County Plaindealer,Ouray,,https://www.ouraynews.com/,en,daily,3,,,Q7111269,1,38.0233,-107.6720,
no,US,Out & About Newspaper,Nashville,,http://www.outandaboutnewspaper.com/,en,daily,3,,,Q7111418,1,36.1622,-86.7744,language from country default
no,US,Pacific Citizen,Los Angeles,,http://www.pacificcitizen.org/,en,daily,3,,,Q7122346,1,34.0522,-118.2437,
no,US,Pacific Sun,San Rafael,,https://pacificsun.com/,en,daily,3,,,Q7122713,1,37.9733,-122.5308,language from country default
no,US,Palatka Daily News,Palatka,,http://www.PalatkaDailyNews.com/,en,daily,3,,,Q7126831,1,29.6478,-81.6514,
no,US,Palestine Herald-Press,Palestine,,http://www.palestineherald.com,en,daily,3,,,Q7127299,1,31.7581,-95.6386,
no,US,Palisadian-Post,Pacific Palisades,,https://www.palipost.com/,en,daily,3,,,Q7127616,1,34.0481,-118.5269,language from country default
no,US,Palladium-Item,Richmond,,https://www.pal-item.com/,en,daily,3,,,Q7127708,1,39.8303,-84.8906,
no,US,Palo Alto Weekly,Palo Alto,,http://www.paloaltoonline.com,en,daily,3,,,Q7128513,1,37.4444,-122.1600,language from country default
no,US,Paradise Post,Paradise,,https://www.paradisepost.com/,en,daily,3,,,Q7134342,1,39.7597,-121.6214,
no,US,Park Record,Park City,,http://www.parkrecord.com/,en,daily,3,,,Q7137956,1,40.6594,-111.4997,
no,US,Pekin Daily Times,Pekin,,http://www.pekintimes.com,en,daily,3,,,Q7161039,1,40.5681,-89.6264,language from country default
no,US,The Harlan Daily Enterprise,Harlan,,http://harlandaily.com,en,daily,3,,,Q7738903,1,36.8414,-83.3200,
no,US,The Hawk,,,http://www.hawkhillnews.com/,en,daily,3,,,Q7739063,1,,,no place of publication/headquarters in Wikidata – fill in city; language from country default
no,US,The Hawk Eye,Burlington,,http://www.thehawkeye.com/,en,daily,3,,,Q7739068,1,40.8106,-91.1014,
no,US,The Hazard Herald,Hazard,,http://www.hazard-herald.com/,en,daily,3,,,Q7739093,1,37.2486,-83.1950,language from country default
no,US,The Heights,,,http://www.bcheights.com/,en,daily,3,,,Q7739306,1,,,no place of publication/headquarters in Wikidata – fill in city
no,US,The Herald-Press,Harvey,,http://www.heraldpressnd.com,en,daily,3,,,Q7739391,1,47.7700,-99.9311,language from country default
no,US,Rock Hill Herald,,,http://www.heraldonline.com,en,daily,3,,,Q7739402,1,,,no place of publication/headquarters in Wikidata – fill in city; language from country default
no,US,The Herald,Sharon,,http://www.sharonherald.com,en,daily,3,,,Q7739403,1,41.2333,-80.5000,language from country default
no,US,The Herald Democrat,Sherman,,http://www.heralddemocrat.com/,en,daily,3,,,Q7739407,1,33.6411,-96.6100,
no,US,The Hermiston Herald,Hermiston,,http://www.hermistonherald.com/,en,daily,3,,,Q7739463,1,45.8411,-119.2917,language from country default
no,US,The Hilltop,,,http://www.thehilltoponline.com/,en,daily,3,,,Q7739713,1,,,no place of publication/headquarters in Wikidata – fill in city
no,US,The Hoover Gazette,Hoover,,https://hoovergazette.com,en,daily,3,,,Q7740236,1,33.3861,-86.8056,language from country default
no,US,The Hour,Norwalk,,http://www.thehour.com,en,daily,3,,,Q7740476,1,41.0939,-73.4197,
no,US,The Huntsville Item,Huntsville,,http://www.itemonline.com,en,daily,3,,,Q7741120,1,30.7233,-95.5510,
no,US,The Independent,Ashland,,https://www.dailyindependent.com/,en,daily,3,,,Q7741794,1,38.4639,-82.6417,language from country default
no,US,The Independent Collegian,,,http://www.independentcollegian.com/,en,daily,3,,,Q7741812,1,,,no place of publication/headquarters in Wikidata – fill in city; language from country default
no,US,The Indypendent,Brooklyn,,https://indypendent.org,en,daily,3,,,Q7741916,1,40.6508,-73.9497,language from country default
no,US,The Insider,Pittsburgh,,http://www.insiderpa.com/,en,daily,3,,,Q7742152,1,40.4417,-80.0000,language from country default
no,US,The Intelligencer & Wheeling News Register,Wheeling,,http://theintelligencer.net,en,daily,3,,,Q7742245,1,40.0703,-80.6986,language from country default
no,US,The Inter-Mountain,Elkins,,http://www.theintermountain.com/,en,daily,3,,,Q7742256,1,38.9214,-79.8508,language from country default
no,US,The Island Packet,Hilton Head Island,,http://www.islandpacket.com,en,daily,3,,,Q7742679,1,32.1789,-80.7431,
no,US,The Johns Hopkins News-Letter,Baltimore,,https://jhunewsletter.com,en,daily,3,,,Q7743409,1,39.2864,-76.6150,
no,US,The Journal,Martinsburg,,https://www.journal-news.net/,en,daily,3,,,Q7743536,1,39.4564,-77.9678,
no,US,The Kent Island Bay Times,Stevensville,,http://www.kibaytimes.com,en,daily,3,,,Q7744114,1,38.9811,-76.3189,language from country default
no,US,The Kentucky Kernel,,,http://kykernel.com,en,daily,3,,,Q7744125,1,,,no place of publication/headquarters in Wikidata – fill in city
no,US,The Lawrentian,Appleton,,http://www.lawrentian.com,en,daily,3,,,Q7746447,1,44.2822,-88.4183,language from country default
no,US,The Leader,Corning,,http://www.the-leader.com,en,daily,3,,,Q7746496,1,42.1481,-77.0569,
no,US,The Lebanon Reporter,Lebanon,,http://www.reporter.net/,en,daily,3,,,Q7746590,1,40.0522,-86.4717,language from country default
no,US,The Lewis Flyer,Romeoville,,http://TheLewisFlyer.com,en,daily,3,,,Q7747032,1,41.6406,-88.1028,
no,US,The Lima News,Lima,,https://www.limaohio.com/,en,daily,3,,,Q7747362,1,40.7400,-84.1050,
no,US,The Linfield Review,McMinnville,,http://www.linfield.edu/linfield-review/,en,daily,3,,,Q7747420,1,45.2117,-123.1972,
no,US,The Madison Press,London,,http://www.madison-press.com,en,daily,3,,,Q7749343,1,39.8875,-83.4450,
no,US,The Maine Campus,,,http://mainecampus.com/,en,daily,3,,,Q7749664,1,,,no place of publication/headquarters in Wikidata – fill in city
no,US,The Malibu Times,Malibu,,http://www.malibutimes.com,en,daily,3,,,Q7749748,1,34.0350,-118.6950,
no,US,The Meadville Tribune,Meadville,,http://www.meadvilletribune.com,en,daily,3,,,Q7750801,1,41.6419,-80.1472,
no,US,The Mercer Cluster,,,http://www.mercercluster.com,en,daily,3,,,Q7751034,1,,,no place of publication/headquarters in Wikidata – fill in city
no,US,The Merciad,,,http://merciad.mercyhurst.edu/,en,daily,3,,,Q7751052,1,,,no place of publication/headquarters in Wikidata – fill in city
no,US,The Messenger,Fort Dodge,,https://www.dailymessenger.net/,en,daily,3,,,Q7751149,1,42.5067,-94.1803,
no,US,The Miami Hurricane,Coral Gables,,http://www.themiamihurricane.com,en,daily,3,,,Q7751224,1,25.7500,-80.2711,
no,US,The Michigan Every Three Weekly,Ann Arbor,,http://www.everythreeweekly.com/,en,daily,3,,,Q7751251,1,42.2814,-83.7483,language from country default
no,US,The Michigan Times,Flint,,http://www.themichigantimes.com/,en,daily,3,,,Q7751255,1,43.0189,-83.6933,
no,US,The Michigan Review,Ann Arbor,,http://www.michiganreview.com/,en,daily,3,,,Q7751253,1,42.2814,-83.7483,
no,US,The Mirror,,,http://www.uncmirror.com/,en,daily,3,,,Q7751668,1,,,no place of publication/headquarters in Wikidata – fill in city
no,US,The Montana Standard,Butte,,https://mtstandard.com/,en,daily,3,,,Q7752103,1,46.0064,-112.5297,
no,US,The Morning Sun,Pittsburg,,http://www.morningsun.net/,en,daily,3,,,Q7752303,1,37.4103,-94.6997,language from country default
no,US,The Neighbor,Attica,,http://www.fountaincountyneighbor.com,en,daily,3,,,Q7753378,1,40.2903,-87.2469,
no,US,The Neosho Daily News,Neosho,,http://www.neoshodailynews.com,en,daily,3,,,Q7753407,1,36.8556,-94.3764,language from country default
no,US,The Nevada Sagebrush,Reno,,http://www.nevadasagebrush.com/,en,daily,3,,,Q7753459,1,39.5261,-119.8125,
no,US,The New Hampshire,,,https://tnhdigital.com/,en,daily,3,,,Q7753622,1,,,no place of publication/headquarters in Wikidata – fill in city
no,US,The Newark Targum,,,http://www.newarktargum.com,en,daily,3,,,Q7753860,1,,,no place of publication/headquarters in Wikidata – fill in city; language from country default
no,US,The Newberg Graphic,Newberg,,http://www.newberggraphic.com/,en,daily,3,,,Q7753861,1,45.3050,-122.9672,
no,US,La Porte County Herald-Dispatch,Michigan City,,https://thenewsdispatch.com/,en,daily,3,,,Q7753889,1,41.7128,-86.8931,language from country default
no,US,The News-Herald,Southgate,,http://www.thenewsherald.com/,en,daily,3,,,Q7753894,1,42.2053,-83.1981,
no,US,The News-Herald,Willoughby,,http://www.news-herald.com/,en,daily,3,,,Q7753892,1,41.6458,-81.4097,language from country default
no,US,The News & Advance,Lynchburg,,https://newsadvance.com/,en,daily,3,,,Q7753903,1,37.4037,-79.1702,
no,US,The News-Times,Danbury,,http://www.newstimes.com,en,daily,3,,,Q7753901,1,41.4022,-73.4711,
no,US,Peru Tribune,Peru,,http://www.perutribune.com,en,daily,3,,,Q7170980,1,40.7578,-86.0678,language from country default
no,US,Newton Kansan,Newton,,http://www.thekansan.com,en,daily,3,,,Q7753941,1,38.0442,-97.3475,
no,US,The Norman Transcript,Norman,,http://www.normantranscript.com,en,daily,3,,,Q7754323,1,35.2208,-97.4436,language from country default
no,US,The North Jefferson News,Gardendale,,http://www.njeffersonnews.com/,en,daily,3,,,Q7754344,1,33.6605,-86.8116,language from country default
no,US,The Oak Ridger,Oak Ridge,,https://www.oakridger.com/,en,daily,3,,,Q7754571,1,36.0133,-84.2625,
no,US,The Oakland Post,Rochester,,http://www.oaklandpostonline.com/,en,daily,3,,,Q7754577,1,42.6806,-83.1339,
no,US,The Olympian,Olympia,,http://www.theolympian.com/,en,daily,3,,,Q7754974,1,47.0425,-122.8931,
no,US,The Orange Leader,Orange,,http://www.orangeleader.com,en,daily,3,,,Q7755254,1,30.1092,-93.7592,language from country default
no,US,The Oswegonian,,,https://www.oswegonian.com/,en,daily,3,,,Q7755454,1,,,no place of publication/headquarters in Wikidata – fill in city; language from country default
no,US,The Pacific Northwest Inlander,Spokane,,http://www.inlander.com/,en,daily,3,,,Q7755856,1,47.6572,-117.4235,language from country default
no,US,The Paducah Sun,Paducah,,https://www.paducahsun.com/,en,daily,3,,,Q7755879,1,37.0722,-88.6275,
no,US,The Paisano,San Antonio,,http://www.paisano-online.com,en,daily,3,,,Q7755921,1,29.4250,-98.4939,
no,US,The Palm Beach Times,Tallahassee,,http://www.thepalmbeachtimes.com,en,daily,3,,,Q7755961,1,30.4383,-84.2806,language from country default
no,US,The Pantagraph,Bloomington,,https://www.pantagraph.com/,en,daily,3,,,Q7756002,1,40.4842,-88.9936,
no,US,The Parkersburg News and Sentinel,Parkersburg,,http://www.newsandsentinel.com/,en,daily,3,,,Q7756159,1,39.2661,-81.5422,language from country default
no,US,The Patriot-News,,,http://www.pennlive.com/,en,daily,3,,,Q7756349,1,,,no place of publication/headquarters in Wikidata – fill in city; language from country default
no,US,The People,New York City,,http://www.slp.org/,en,daily,3,,,Q7756629,1,40.7128,-74.0061,
no,US,The Pilot,Braintree,,http://www.thebostonpilot.com/,en,daily,3,,,Q7757141,1,42.2060,-71.0050,
no,US,The Pitch,Kansas City,,https://www.thepitchkc.com/,en,daily,3,,,Q7757295,1,39.0500,-94.5833,
no,US,The Port Arthur News,Port Arthur,,http://www.panews.com,en,daily,3,,,Q7757799,1,29.8850,-93.9400,language from country default
no,US,The Post-Crescent,Appleton,,http://postcrescent.com/,en,daily,3,,,Q7757849,1,44.2822,-88.4183,
no,US,The Post-Star,Glens Falls,,https://poststar.com/,en,daily,3,,,Q7757852,1,43.3122,-73.6483,
no,US,The Post,Athens,,http://thepostathens.com/,en,daily,3,,,Q7757856,1,39.3292,-82.1011,
no,US,The Pratt Tribune,Pratt,,http://www.pratttribune.com,en,daily,3,,,Q7758014,1,37.6503,-98.7381,
no,US,The Progress-Index,Petersburg,,https://www.progress-index.com/,en,daily,3,,,Q7758501,1,37.2129,-77.4004,
no,US,The Purchase Independent,,,http://issuu.com/the_indy,en,daily,3,,,Q7758782,1,,,no place of publication/headquarters in Wikidata – fill in city; language from country default
no,US,The Rancho Cordova Grapevine,Rancho Cordova,,http://www.RanchoCordovaIndependent.com/,en,daily,3,,,Q7759399,1,38.5892,-121.3028,language from country default
no,US,The Record-Courier,Baker City,,http://therconline.com/,en,daily,3,,,Q7759802,1,44.7750,-117.8344,
no,US,The Record,Stockton,,http://recordnet.com,en,daily,3,,,Q7759804,1,37.9575,-121.2925,
no,US,The Recorder,Greenfield,,http://www.recorder.com/,en,daily,3,,,Q7759813,1,42.5875,-72.6000,
no,US,The Red and Black,,,http://redandblack.com/,en,daily,3,,,Q7759965,1,,,no place of publication/headquarters in Wikidata – fill in city
no,US,The Redmond Spokesman,Redmond,,http://www.redmondspokesmanonline.com,en,daily,3,,,Q7759986,1,44.2689,-121.1836,
no,US,The Register-Mail,Galesburg,,http://www.galesburg.com,en,daily,3,,,Q7760064,1,40.9522,-90.3686,language from country default
no,US,The Reidsville Review,Reidsville,,http://rockinghamnow.com,en,daily,3,,,Q7760077,1,36.3547,-79.6644,
no,US,The Reporter,Lansdale,,http://www.thereporteronline.com,en,daily,3,,,Q7760210,1,40.2419,-75.2842,
no,US,The Reporter,Palos Heights,,http://www.thereporteronline.net,en,daily,3,,,Q7760215,1,41.6637,-87.7958,
no,US,The Reporter,Vacaville,,http://www.thereporter.com,en,daily,3,,,Q7760212,1,38.3539,-121.9728,
no,US,The Richfield Reaper,Richfield,,http://www.richfieldreaper.com,en,daily,3,,,Q7760662,1,38.7658,-112.0875,
no,US,The Rider News,,,http://www.theridernews.com/,en,daily,3,,,Q7760709,1,,,no place of publication/headquarters in Wikidata – fill in city
no,US,The Roanoke Times,Roanoke,,http://www.roanoke.com/,en,daily,3,,,Q7761169,1,37.2706,-79.9425,
no,US,The Rolla Daily News,Rolla,,http://www.therolladailynews.com,en,daily,3,,,Q7761358,1,37.9489,-91.7631,language from country default
no,US,The Sacramento Observer,Sacramento,,https://sacobserver.com/,en,daily,3,,,Q7761960,1,38.5753,-121.4861,
no,US,The Salina Journal,Salina,,http://www.saljournal.com,en,daily,3,,,Q7762112,1,38.8242,-97.6072,
no,US,The Salinas Californian,Salinas,,https://www.thecalifornian.com/,en,daily,3,,,Q7762113,1,36.6778,-121.6556,
no,US,Sanford Herald,Sanford,,http://www.sanfordherald.com/,en,daily,3,,,Q7762251,1,35.4758,-79.1756,language from country default
no,US,The Santa Clara,,,http://www.thesantaclara.org/,en,daily,3,,,Q7762255,1,,,no place of publication/headquarters in Wikidata – fill in city; language from country default
no,US,The Saratogian,Saratoga Springs,,https://www.saratogian.com/,en,daily,3,,,Q7762277,1,43.0753,-73.7825,
no,US,The Sentinel,Kennesaw,,http://www.ksusentinel.com/,en,daily,3,,,Q7763318,1,34.0233,-84.6153,
no,US,The Seward Journal,Seward,,http://www.thesewardjournal.com,en,daily,3,,,Q7763499,1,60.1042,-149.4422,language from country default
no,US,The Shawnee News-Star,Shawnee,,http://www.news-star.com,en,daily,3,,,Q7763720,1,35.3425,-96.9339,
no,US,The Shorthorn,Arlington,,http://www.theshorthorn.com,en,daily,3,,,Q7763985,1,32.7050,-97.1228,
no,US,The South Texan,,,http://www.tamuk.edu/southtexan/,en,daily,3,,,Q7765558,1,,,no place of publication/headquarters in Wikidata – fill in city
no,US,The Southern Accent,,,http://accent.southern.edu,en,daily,3,,,Q7765561,1,,,no place of publication/headquarters in Wikidata – fill in city
no,US,The Spectator,Stuyvesant High School,,http://stuyspec.com/,en,daily,3,,,Q7765769,1,40.7180,-74.0139,
no,US,The Spinnaker,,,http://www.unfspinnaker.com/,en,daily,3,,,Q7765875,1,,,no place of publication/headquarters in Wikidata – fill in city
no,US,The St. Augustine Record,St. Augustine,,http://staugustine.com,en,daily,3,,,Q7766142,1,29.8947,-81.3144,
no,US,The Stanly News and Press,Albemarle,,http://www.thesnaponline.com,en,daily,3,,,Q7766241,1,35.3583,-80.1953,
no,US,The State News,East Lansing,,http://www.statenews.com/,en,daily,3,,,Q7766371,1,42.7348,-84.4808,
no,US,The Stillman Exchange,,,http://www.stillmanexchange.com/,en,daily,3,,,Q7766531,1,,,no place of publication/headquarters in Wikidata – fill in city; language from country default
no,US,The Stony Brook Statesman,,,http://www.sbstatesman.com/,en,daily,3,,,Q7766656,1,,,no place of publication/headquarters in Wikidata – fill in city
no,US,The Suffolk Journal,,,http://www.suffolkjournal.net/,en,daily,3,,,Q7767186,1,,,no place of publication/headquarters in Wikidata – fill in city; language from country default
no,US,The Sun Chronicle,Attleboro,,http://www.thesunchronicle.com,en,daily,3,,,Q7767331,1,41.9444,-71.2861,language from country default
no,US,The Sun News,Myrtle Beach,,http://www.thesunnews.com/,en,daily,3,,,Q7767349,1,33.7100,-78.8836,language from country default
no,US,Herald and Ruralite,Sylva,,http://www.thesylvaherald.com,en,daily,3,,,Q7767799,1,35.3742,-83.2178,
no,US,The Telegram,Herkimer,,http://www.herkimertelegram.com,en,daily,3,,,Q7768279,1,43.0261,-74.9903,language from country default
no,US,The Thomaston Times,Thomaston,,http://www.thomastontimes.com,en,daily,3,,,Q7768881,1,32.9000,-84.3333,
no,US,The Tiger,Clemson,,http://www.thetigernews.com/,en,daily,3,,,Q7769249,1,34.6850,-82.8147,
no,US,The Times-Reporter,New Philadelphia,,https://www.timesreporter.com/,en,daily,3,,,Q7769382,1,40.4894,-81.4472,
no,US,The Times-Tribune,Scranton,,http://www.thetimes-tribune.com/,en,daily,3,,,Q7769386,1,41.4090,-75.6624,
no,US,The Tombstone Epitaph,Tombstone,,http://www.tombstoneepitaph.com,en,daily,3,,,Q7769548,1,31.7158,-110.0647,
no,US,The Topeka Capital-Journal,Topeka,,https://www.cjonline.com/,en,daily,3,,,Q7769605,1,39.0483,-95.6780,
no,US,The Tribune,San Luis Obispo,,https://www.sanluisobispo.com/,en,daily,3,,,Q7770195,1,35.2742,-120.6631,
no,US,The Tribune-Democrat,La Junta,,http://www.lajuntatribunedemocrat.com,en,daily,3,,,Q7770192,1,37.9814,-103.5480,
no,US,The Tribune,Seymour,,https://tribtown.com/,en,daily,3,,,Q7770196,1,38.9564,-85.8900,
no,US,The Trinity Tripod,Hartford,,http://commons.trincoll.edu/tripod/,en,daily,3,,,Q7770235,1,41.7633,-72.6850,language from country default
no,US,The Union Democrat,Sonora,,https://www.uniondemocrat.com/,en,daily,3,,,Q7771552,1,37.9844,-120.3817,language from country default
no,US,The University Register,,,http://www.universityregister.net/,en,daily,3,,,Q7771611,1,,,no place of publication/headquarters in Wikidata – fill in city; language from country default
no,US,The Valley Beat,Allentown,,http://www.lehighvalleymagazine.com/Valley-Beat/,en,daily,3,,,Q7771939,1,40.6000,-75.4833,
no,US,The Vancouver Voice,Vancouver,,http://www.vanvoice.com,en,daily,3,,,Q7772015,1,45.6311,-122.6717,language from country default
no,US,The Villanovan,,,http://www.thevillanovan.com,en,daily,3,,,Q7772686,1,,,no place of publication/headquarters in Wikidata – fill in city; language from country default
no,US,The Vindicator,Youngstown,,http://www.vindy.com/,en,daily,3,,,Q7772699,1,41.0964,-80.6492,
no,US,The Virgin Islands Daily News,Saint Thomas,,http://www.virginislandsdailynews.com,en,daily,3,,,Q7772787,1,18.3333,-64.9167,language from country default
no,US,The Virginia Informer,Williamsburg,,http://www.virginia-informer.com,en,daily,3,,,Q7772821,1,37.2708,-76.7069,
no,US,The Virginian-Pilot,Norfolk,,http://hamptonroads.com/pilotonline/,en,daily,3,,,Q7772825,1,36.8469,-76.2853,
no,US,The Waterloo-Cedar Falls Courier,Waterloo,,http://wcfcourier.com/,en,daily,3,,,Q7773735,1,42.4924,-92.3462,
no,US,The Wenatchee World,Wenatchee,,https://www.wenatcheeworld.com,en,daily,3,,,Q7774235,1,47.4233,-120.3253,
no,US,The Western News,Libby,,http://www.thewesternnews.com,en,daily,3,,,Q7774313,1,48.3883,-115.5560,
no,US,The Yadkin Ripple,Yadkinville,,http://www.yadkinripple.com,en,daily,3,,,Q7776477,1,36.1328,-80.6608,
no,US,Thomasville Times,Thomasville,,http://www.tvilletimes.com/,en,daily,3,,,Q7795628,1,31.9208,-87.7401,
no,US,Tidewater News,Courtland,,http://www.tidewaternews.com/,en,daily,3,,,Q7800880,1,36.7158,-77.0661,
no,US,Times-Independent,Moab,,http://www.moabtimes.com,en,daily,3,,,Q7806503,1,38.5725,-109.5497,language from country default
no,US,Times-News,Hendersonville,,https://www.blueridgenow.com/,en,daily,3,,,Q7806508,1,35.3206,-82.4617,
no,US,Times Journal of Cobleskill,Cobleskill,,http://www.timesjournalonline.com/index.asp,en,daily,3,,,Q7806535,1,42.6792,-74.4856,
no,US,Times West Virginian,Fairmont,,http://timeswv.com,en,daily,3,,,Q7806571,1,39.4814,-80.1433,language from country default
no,US,Times of Northeast Benton County,Pea Ridge,,http://tnebc.nwaonline.com,en,daily,3,,,Q7806577,1,36.4478,-94.1167,language from country default
no,US,Pender-Topsail Post & Voice,Burgaw,,https://www.postvoiceonline.com,en,daily,3,,,Q7825150,1,34.5521,-77.9261,language from country default
no,US,Town Topics,Princeton,,http://www.towntopics.com,en,daily,3,,,Q7830023,1,40.3522,-74.6569,
no,US,Tracy Press,Tracy,,http://www.tracypress.com,en,daily,3,,,Q7831822,1,37.7381,-121.4339,
no,US,Traer Star-Clipper,Traer,,http://www.traerstarclipper.com,en,daily,3,,,Q7832392,1,42.1914,-92.4644,language from country default
no,US,Traverse City Record-Eagle,Traverse City,,https://www.record-eagle.com/,en,daily,3,,,Q7836155,1,44.7681,-85.6222,
no,US,Tri-City Herald,Kennewick,,https://www.tri-cityherald.com/,en,daily,3,,,Q7839676,1,46.2035,-119.1593,
no,US,Tri-County News,Osseo,,http://www.iwantthenews.com,en,daily,3,,,Q7839704,1,44.5783,-91.2183,language from country default
no,US,Tribune-Star,Terre Haute,,http://www.tribstar.com/,en,daily,3,,,Q7840486,1,39.4696,-87.3898,
no,US,Truman State University Index,,,http://www.trumanindex.com/,en,daily,3,,,Q7847735,1,,,no place of publication/headquarters in Wikidata – fill in city
no,US,Tryon Daily Bulletin,Tryon,,http://www.tryondailybulletin.com,en,daily,3,,,Q7848554,1,35.2089,-82.2389,language from country default
no,US,Tulane Hullabaloo,,,http://www.tulanehullabaloo.com/,en,daily,3,,,Q7851928,1,,,no place of publication/headquarters in Wikidata – fill in city
no,US,Turlock Journal,Turlock,,https://www.turlockjournal.com/,en,daily,3,,,Q7855586,1,37.5058,-120.8489,language from country default
no,US,Tyler Morning Telegraph,Tyler,,http://www.tylerpaper.com/,en,daily,3,,,Q7860092,1,32.3508,-95.3006,language from country default
no,US,UCSD Guardian,La Jolla,,http://www.ucsdguardian.org,en,daily,3,,,Q7864119,1,32.8400,-117.2769,
no,US,UVU Review,Orem,,http://www.uvureview.com,en,daily,3,,,Q7876094,1,40.2988,-111.6965,
no,US,UWM Post,,,http://www.uwmpost.com/,en,daily,3,,,Q7876138,1,,,no place of publication/headquarters in Wikidata – fill in city; language from country default
no,US,UWeekly,Columbus,,http://uweekly.com,en,daily,3,,,Q7876163,1,39.9622,-83.0006,language from country default
no,US,University Star,San Marcos,,http://star.txstate.edu,en,daily,3,,,Q7894943,1,29.8794,-97.9389,
no,US,University of Tulsa Collegian,,,http://tucollegian.org,en,daily,3,,,Q7896505,1,,,no place of publication/headquarters in Wikidata – fill in city
no,US,Hmong Today,Saint Paul,,http://www.hmongtoday.com,en,daily,3,,,Q5873649,1,44.9442,-93.0936,language from country default
no,US,Hometown Journal,Struthers,,http://www.hometownjournal.biz,en,daily,3,,,Q5890620,1,41.0522,-80.5936,
no,US,Honolulu Weekly,Honolulu,,http://www.honoluluweekly.com,en,daily,3,,,Q5896721,1,21.3047,-157.8572,language from country default
no,US,Hood River News,Hood River,,http://www.hoodrivernews.com/,en,daily,3,,,Q5897515,1,45.7067,-121.5217,
no,US,Hope Star,Hope,,http://www.hopestar.com,en,daily,3,,,Q5899492,1,33.6678,-93.5922,language from country default
no,US,Idaho Statesman,Boise,,http://idahostatesman.com/,en,daily,3,,,Q5987470,1,43.6136,-116.2378,
no,US,Illinois Times,Springfield,,http://www.illinoistimes.com/,en,daily,3,,,Q5999809,1,39.7975,-89.6450,language from country default
no,US,Imperial Valley Press,El Centro,,http://www.ivpressonline.com/,en,daily,3,,,Q6006929,1,32.7920,-115.5631,
no,US,Ionia Sentinel-Standard,Ionia,,http://www.sentinel-standard.com,en,daily,3,,,Q6063624,1,42.9819,-85.0667,
no,US,Iowa State Daily,Ames,,http://www.iowastatedaily.com,en,daily,3,,,Q6064635,1,42.0273,-93.6316,
no,US,Ironton Tribune,Ironton,,http://www.irontontribune.com,en,daily,3,,,Q6073303,1,38.5308,-82.6783,
no,US,Island Gazette,Carolina Beach,,http://www.islandgazette.net,en,daily,3,,,Q6083138,1,34.0367,-77.8969,language from country default
no,US,Isthmus,Madison,,https://isthmus.com/,en,daily,3,,,Q6088868,1,43.0747,-89.3842,language from country default
no,US,J.,San Francisco,,http://www.jweekly.com/,en,daily,3,,,Q6103861,1,37.7750,-122.4194,
no,US,Jackson Free Press,Jackson,,http://jacksonfreepress.com,en,daily,3,,,Q6117106,1,32.2989,-90.1847,language from country default
no,US,Jacksonville Daily News,Jacksonville,,http://www.jdnews.com/,en,daily,3,,,Q6117946,1,34.7597,-77.4097,language from country default
no,US,Jacksonville Daily Progress,Jacksonville,,http://www.jacksonvilleprogress.com,en,daily,3,,,Q6117948,1,31.9636,-95.2686,language from country default
no,US,Jersey County Journal,Jerseyville,,http://www.jerseycountyjournal.com/,en,daily,3,,,Q6184823,1,39.1208,-90.3275,language from country default
no,US,Journal Inquirer,Manchester,,http://www.journalinquirer.com,en,daily,3,,,Q6294663,1,41.7753,-72.5242,language from country default
no,US,Kane County Chronicle,St. Charles,,http://www.kcchronicle.com/,en,daily,3,,,Q6361784,1,41.9192,-88.3110,
no,US,Kansas State Collegian,Kansas State University,,http://www.kstatecollegian.com,en,daily,3,,,Q6365065,1,39.1917,-96.5808,
no,US,Kearney Hub,Kearney,,https://kearneyhub.com/,en,daily,3,,,Q6382196,1,40.7000,-99.0833,language from country default
no,US,Kentucky New Era,Hopkinsville,,http://www.kentuckynewera.com,en,daily,3,,,Q6392318,1,36.8544,-87.4886,
no,US,Kerrville Daily Times,Kerrville,,http://dailytimes.com/,en,daily,3,,,Q6394431,1,30.0464,-99.1406,
no,US,Ketchikan Daily News,Ketchikan,,http://www.ketchikandailynews.com/,en,daily,3,,,Q6395343,1,55.3431,-131.6467,language from country default
no,US,Killeen Daily Herald,Killeen,,http://www.kdhnews.com/,en,daily,3,,,Q6407403,1,31.1056,-97.7267,language from country default
no,US,Kitsap Sun,Bremerton,,http://www.kitsapsun.com,en,daily,3,,,Q6418320,1,47.5654,-122.6247,language from country default
no,US,LaGrange Daily News,LaGrange,,http://www.lagrangenews.com/,en,daily,3,,,Q6460746,1,33.0393,-85.0313,language from country default
no,US,Lagniappe,Mobile,,http://lagniappemobile.com,en,daily,3,,,Q6472166,1,30.7277,-88.0527,language from country default
no,US,Lake County Examiner,Lakeview,,http://www.lakecountyexam.com/,en,daily,3,,,Q6475499,1,42.1889,-120.3458,
no,US,Lake County Record-Bee,Lakeport,,https://www.record-bee.com/,en,daily,3,,,Q6475510,1,39.0431,-122.9158,
no,US,Laramie Boomerang,Laramie,,https://www.wyomingnews.com/laramieboomerang/,en,daily,3,,,Q6488656,1,41.3111,-105.5936,
no,US,Larchmont Chronicle,Los Angeles,,http://www.larchmontchronicle.com,en,daily,3,,,Q6488799,1,34.0522,-118.2437,
no,US,Las Cruces Bulletin,Las Cruces,,http://lascrucesbulletin.com,en,daily,3,,,Q6492158,1,32.3140,-106.7798,language from country default
no,US,Las Cruces Sun-News,Las Cruces,,https://www.lcsun-news.com/,en,daily,3,,,Q6492172,1,32.3140,-106.7798,
no,US,Laurinburg Exchange,Laurinburg,,http://www.laurinburgexchange.com,en,daily,3,,,Q6501830,1,34.7647,-79.4703,
no,US,Lawton Constitution,Lawton,,http://swoknews.com,en,daily,3,,,Q6505050,1,34.6087,-98.3903,
no,US,Leavenworth Times,Leavenworth,,https://www.leavenworthtimes.com/,en,daily,3,,,Q6510673,1,39.3111,-94.9225,
no,US,Picayune Item,Picayune,,http://www.picayuneitem.com,en,daily,3,,,Q7190545,1,30.5281,-89.6803,language from country default
no,US,Pine City Pioneer,Pine City,,https://www.pinecitymn.com/,en,daily,3,,,Q7195091,1,45.8261,-92.9686,language from country default
no,US,Plainview Daily Herald,Plainview,,http://www.myplainview.com/,en,daily,3,,,Q7200771,1,34.1911,-101.7190,language from country default
no,US,Polk County Itemizer-Observer,Dallas,,http://www.polkio.com/,en,daily,3,,,Q7225457,1,44.9211,-123.3164,language from country default
no,US,Post Register,Idaho Falls,,http://www.postregister.com/,en,daily,3,,,Q7233711,1,43.4917,-112.0325,
no,US,Princeton Daily Clarion,Princeton,,http://www.tristate-media.com/pdclarion/,en,daily,3,,,Q7244955,1,38.3536,-87.5706,language from country default
no,US,Princeton Packet,Princeton,,http://www.centraljersey.com/news/the_princeton_packet,en,daily,3,,,Q7244987,1,40.3522,-74.6569,
no,US,Providence Business News,Providence,,http://www.pbn.com/,en,daily,3,,,Q7252393,1,41.8240,-71.4128,
no,US,Quad-City Times,Davenport,,http://www.qctimes.com/,en,daily,3,,,Q7268246,1,41.5431,-90.5908,
no,US,Qué Pasa,Raleigh,,https://quepasamedia.com/,es,online,3,,,Q7269704,1,35.7800,-78.6400,"types: daily, online"
no,US,Queens Chronicle,New York City,,http://www.queenschronicle.com,en,daily,3,,,Q7270737,1,40.7128,-74.0061,language from country default
no,US,Queens Tribune,Fresh Meadows,,http://www.queenstribune.com/,en,daily,3,,,Q7270826,1,40.7335,-73.7801,
no,US,Red & Black,Washington,,http://www.washjeff.edu/red-black,en,daily,3,,,Q7303576,1,40.1750,-80.2506,language from country default
no,US,Red Streak,Chicago,,http://www.chicagoredstreak.com,en,daily,3,,,Q7305128,1,41.8819,-87.6278,language from country default
no,US,Reflector,,,http://www.reflector-online.com/,en,daily,3,,,Q7307338,1,,,no place of publication/headquarters in Wikidata – fill in city
no,US,Rhino Times,Greensboro,,https://www.rhinotimes.com/,en,daily,3,,,Q7320617,1,36.0725,-79.7903,language from country default
no,US,Richmond Register,Richmond,,https://www.richmondregister.com/,de,daily,3,,,Q7330958,1,37.7447,-84.2936,
no,US,River Cities' Reader,Davenport,,http://www.rcreader.com/,en,daily,3,,,Q7337234,1,41.5431,-90.5908,language from country default
no,US,Roanoke-Chowan News-Herald,Ahoskie,,http://www.roanoke-chowannewsherald.com,en,daily,3,,,Q7339765,1,36.2864,-76.9864,language from country default
no,US,Rockford Register Star,Rockford,,http://www.rrstar.com/,en,daily,3,,,Q7355257,1,42.2711,-89.0940,language from country default
no,US,Rocky Mount Telegram,Rocky Mount,,http://www.rockymounttelegram.com,en,daily,3,,,Q7355860,1,35.9541,-77.8056,language from country default
no,US,Rome News-Tribune,Rome,,http://www.romenews-tribune.com,en,daily,3,,,Q7362996,1,34.2600,-85.1850,language from country default
no,US,Rushville Republican,Rushville,,http://www.rushvillerepublican.com/,en,daily,3,,,Q7380883,1,39.6144,-85.4486,
no,US,Sabato's Crystal Ball,Charlottesville,,http://www.centerforpolitics.org/crystalball,en,daily,3,,,Q7395961,1,38.0299,-78.4790,
no,US,Salamanca Press,Salamanca,,http://www.salamancapress.com,en,daily,3,,,Q7403542,1,42.1586,-78.7158,language from country default
no,US,Salem Weekly,Salem,,http://willamettelive.com/,en,daily,3,,,Q7404237,1,44.9400,-123.0389,language from country default
no,US,Salisbury Post,Salisbury,,http://www.salisburypost.com,en,daily,3,,,Q7404799,1,35.6683,-80.4786,
no,US,San Antonio Current,San Antonio,,http://www.sacurrent.com/,en,daily,3,,,Q7413322,1,29.4250,-98.4939,language from country default
no,US,San Francisco Bay Area Independent Media Center,San Francisco,,https://www.indybay.org/,en,daily,3,,,Q7413929,1,37.7750,-122.4194,
no,US,San Marcos Daily Record,San Marcos,,http://www.sanmarcosrecord.com,en,daily,3,,,Q7414805,1,29.8794,-97.9389,language from country default
no,US,San Mateo County Times,San Mateo,,https://sanmateotimes.com/,en,daily,3,,,Q7414906,1,37.5542,-122.3131,language from country default
no,US,Sandusky Register,Sandusky,,http://sanduskyregister.com,en,daily,3,,,Q7417015,1,41.4467,-82.7092,language from country default
no,US,Santa Barbara News Press,Santa Barbara,,http://www.newspress.com/,en,daily,3,,,Q7419235,1,34.4258,-119.7142,language from country default
no,US,Santa Monica College Corsair,,,http://www.thecorsaironline.com,en,daily,3,,,Q7419790,1,,,no place of publication/headquarters in Wikidata – fill in city; language from country default
no,US,Santa Monica Mirror,Santa Monica,,http://www.smmirror.com/,en,daily,3,,,Q7419797,1,34.0219,-118.4814,
no,US,Savannah Tribune,Savannah,,http://www.savannahtribune.com/,en,daily,3,,,Q7427893,1,32.0508,-81.1039,language from country default
no,US,Sedalia Democrat,Sedalia,,http://www.sedaliademocrat.com/,en,daily,3,,,Q7445109,1,38.7098,-93.2296,
no,US,Sedona Red Rock News,Sedona,,http://www.redrocknews.com,en,daily,3,,,Q7445372,1,34.8600,-111.7892,
no,US,Selma Times-Journal,Selma,,http://www.selmatimesjournal.com/,en,daily,3,,,Q7448735,1,32.4164,-87.0247,
no,US,Sentinel & Enterprise,Fitchburg,,http://www.sentinelandenterprise.com/,en,daily,3,,,Q7451297,1,42.5833,-71.8028,
no,US,Seven Days,Burlington,,http://7dvt.com/,en,daily,3,,,Q7457226,1,44.4761,-73.2131,language from country default
no,US,Shoshone News Press,Shoshone,,https://shoshonenewspress.com/,en,daily,3,,,Q7502363,1,42.9367,-114.4080,
no,US,Sidney Daily News,Sidney,,http://www.sidneydailynews.com,en,daily,3,,,Q7509015,1,40.2897,-84.1611,
no,US,Sierra Vista Herald,Sierra Vista,,http://svherald.com/,en,daily,3,,,Q7511612,1,31.5456,-110.2756,
no,US,Silver City Daily Press,Silver City,,http://scdailypress.com,en,daily,3,,,Q7515908,1,32.7725,-108.2794,
no,US,Siskiyou Daily News,Yreka,,http://www.siskiyoudaily.com,en,daily,3,,,Q7530867,1,41.7267,-122.6375,language from country default
no,US,Siuslaw News,Florence,,http://www.thesiuslawnews.com/,en,daily,3,,,Q7532240,1,43.9750,-124.1025,language from country default
no,US,Skidmore News,Saratoga Springs,,http://skidmorenews.com,en,daily,3,,,Q7535079,1,43.0753,-73.7825,language from country default
no,US,Smoky Mountain Times,Bryson City,,http://www.thesmokymountaintimes.com/,en,daily,3,,,Q7546180,1,35.4269,-83.4478,language from country default
no,US,South Bend Tribune,South Bend,,http://southbendtribune.com/,en,daily,3,,,Q7566311,1,41.6764,-86.2503,
no,US,Legislative Gazette,Albany,,http://www.legislativegazette.com/,en,daily,3,,,Q6518255,1,42.6500,-73.7667,language from country default
no,US,Lemko,Itasca,,http://Lemko.com,en,daily,3,,,Q6521174,1,41.9747,-88.0186,language from country default
no,US,Lincoln Courier,Lincoln,,http://www.lincolncourier.com,en,daily,3,,,Q6550639,1,40.1478,-89.3636,
no,US,Livingston County Daily Press & Argus,Howell,,http://www.livingstondaily.com/,en,daily,3,,,Q6659641,1,42.6072,-83.9294,
no,US,Lockport Union-Sun & Journal,Lockport,,http://www.lockportjournal.com,en,daily,3,,,Q6665763,1,43.1697,-78.6911,language from country default
no,US,Log Cabin Democrat,Conway,,http://thecabin.net/,en,daily,3,,,Q6666797,1,35.0872,-92.4533,language from country default
no,US,Logan Banner,Logan,,https://www.loganbanner.com/,en,daily,3,,,Q6666937,1,37.8483,-81.9878,language from country default
no,US,Lompoc Record,Lompoc,,http://www.lompocrecord.com,en,daily,3,,,Q6669550,1,34.6461,-120.4603,language from country default
no,US,Los Angeles Business Journal,Los Angeles,,http://www.labusinessjournal.com,en,daily,3,,,Q6681990,1,34.0522,-118.2437,
no,US,Los Angeles Downtown News,Los Angeles,,http://downtownnews.com/,en,daily,3,,,Q6682126,1,34.0522,-118.2437,language from country default
no,US,Louisville Eccentric Observer,Louisville,,https://www.leoweekly.com/,en,daily,3,,,Q6689473,1,38.2561,-85.7514,
no,US,Lubbock Avalanche-Journal,Lubbock,,https://www.lubbockonline.com/,en,daily,3,,,Q6695114,1,33.5850,-101.8450,
no,US,Macon Chronicle-Herald,Macon,,http://www.maconch.com,en,daily,3,,,Q6724845,1,39.7406,-92.4706,
no,US,Mansfield News Journal,Mansfield,,https://www.mansfieldnewsjournal.com,en,daily,3,,,Q6751666,1,40.7549,-82.5229,
no,US,Manteca Bulletin,Manteca,,http://www.mantecabulletin.com/,en,daily,3,,,Q6752005,1,37.8028,-121.2208,
no,US,Marietta Daily Journal,Marietta,,https://www.mdjonline.com/,en,daily,3,,,Q6763225,1,33.9533,-84.5406,language from country default
no,US,Marin Independent Journal,Novato,,http://www.marinij.com/,en,daily,3,,,Q6763726,1,38.1075,-122.5697,
no,US,Marshall Democrat-News,Marshall,,http://www.marshallnews.com/,en,daily,3,,,Q6773546,1,39.1161,-93.1978,
no,US,Marysville Globe,Marysville,,https://www.marysvilleglobe.com/,en,daily,3,,,Q6781759,1,48.0628,-122.1633,
no,US,The Maryville Forum,Maryville,,http://www.maryvilledailyforum.com/,en,daily,3,,,Q6781804,1,40.3453,-94.8711,language from country default
no,US,Maui Time Weekly,Wailuku,,http://www.mauitime.com/,en,daily,3,,,Q6792391,1,20.8917,-156.5019,language from country default
no,US,McCook Daily Gazette,McCook,,http://www.mccookgazette.com/,en,daily,3,,,Q6800522,1,40.2053,-100.6261,
no,US,McKenzie County Farmer,Watford City,,http://www.watfordcitynd.com,en,daily,3,,,Q6801826,1,47.8025,-103.2806,language from country default
no,US,Mebane Enterprise,Mebane,,http://mebaneenterprise.com,en,daily,3,,,Q6804348,1,36.0958,-79.2708,language from country default
no,US,Memphis Flyer,Memphis,,http://memphisflyer.com,en,daily,3,,,Q6815826,1,35.1461,-90.0519,language from country default
no,US,Mendocino Beacon,Mendocino,,https://www.mendocinobeacon.com/,en,daily,3,,,Q6816677,1,39.3081,-123.7961,language from country default
no,US,Messenger-Inquirer,Owensboro,,http://www.messenger-inquirer.com/,en,daily,3,,,Q6821874,1,37.7577,-87.1184,language from country default
no,US,Miami Today,Miami,,https://www.miamitodaynews.com/,en,daily,3,,,Q6827429,1,25.7742,-80.1936,language from country default
no,US,Michigan Chronicle,Detroit,,http://www.michronicleonline.com/,en,daily,3,,,Q6837482,1,42.3317,-83.0475,language from country default
no,US,Midland Daily News,Midland,,http://www.ourmidland.com/,en,daily,3,,,Q6842334,1,43.6156,-84.2472,language from country default
no,US,Midland Reporter-Telegram,Midland,,http://www.mrt.com/,en,daily,3,,,Q6842437,1,32.0050,-102.0992,language from country default
no,US,Daily News-Tribune,Keyser,,http://www.newstribune.info,en,daily,3,,,Q6864281,1,39.4389,-78.9828,
no,US,Mississippi Business Journal,Jackson,,http://www.msbusiness.com/,en,daily,3,,,Q6879077,1,32.2989,-90.1847,language from country default
no,US,Moberly Monitor-Index,Moberly,,http://www.moberlymonitor.com,en,daily,3,,,Q6886677,1,39.4203,-92.4389,
no,US,Monett Times,Monett,,http://www.monett-times.com/,en,daily,3,,,Q6899033,1,36.9236,-93.9222,
no,US,Montana Kaimin,Missoula,,http://www.montanakaimin.com/,en,daily,3,,,Q6904275,1,46.8625,-114.0117,language from country default
no,US,Monterey County Weekly,Monterey,,http://www.montereycountyweekly.com/,en,online,3,,,Q6905305,1,36.6002,-121.8947,"language from country default; types: daily, online"
no,US,The Montgomery County Sentinel,Gaithersburg,,http://www.mont.thesentinel.com,en,daily,3,,,Q6905786,1,39.1319,-77.2264,
no,US,The Campbell Times,,,http://www.campbell.edu/sl/media.html,en,daily,3,,,Q7721112,1,,,no place of publication/headquarters in Wikidata – fill in city
no,US,Carmi Times,Carmi,,http://www.carmitimes.com,en,daily,3,,,Q7721387,1,38.0883,-88.1681,language from country default
no,US,Carthage Press,Carthage,,http://www.carthagepress.com,en,daily,3,,,Q7721456,1,37.1678,-94.3150,
no,US,Southbridge Evening News,Southbridge,,http://www.stonebridgepress.com,en,daily,3,,,Q7569227,1,42.0750,-72.0339,
no,US,Southern Standard,McMinnville,,http://www.southernstandard.com,en,daily,3,,,Q7570483,1,35.6867,-85.7792,language from country default
no,US,Spotlight Newspapers,Albany,,http://www.spotlightnews.com/,en,daily,3,,,Q7580075,1,42.6500,-73.7667,
no,US,Springfield News-Sun,Springfield,,http://www.springfieldnewssun.com/,en,daily,3,,,Q7581014,1,39.9269,-83.8042,
no,US,St. Albans Messenger,St. Albans,,http://www.samessenger.com,en,daily,3,,,Q7586748,1,44.8103,-73.1522,language from country default
no,US,St. Joseph News-Press,St. Joseph,,https://www.newspressnow.com/,en,daily,3,,,Q7589343,1,39.7686,-94.8466,
no,US,St. Louis Jewish Light,St. Louis,,http://www.stljewishlight.com/,en,daily,3,,,Q7589648,1,38.6264,-90.1994,
no,US,Star-News,Wilmington,,http://www.starnewsonline.com,en,daily,3,,,Q7600514,1,34.2233,-77.9122,
no,US,Star Courier,Kewanee,,http://www.starcourier.com,en,daily,3,,,Q7600687,1,41.2456,-89.9247,language from country default
no,US,Statesville Record & Landmark,Statesville,,http://www.statesville.com,en,daily,3,,,Q7604060,1,35.7867,-80.8786,language from country default
no,US,Steamboat Pilot & Today,Steamboat Springs,,http://www.steamboatpilot.com/,en,daily,3,,,Q7605407,1,40.4764,-106.8267,
no,US,Stony Brook Independent,Stony Brook,,http://www.sbindependent.org,en,daily,3,,,Q7619502,1,40.9064,-73.1283,language from country default
no,US,Sturgis Journal,Sturgis,,https://www.sturgisjournal.com/,en,daily,3,,,Q7629051,1,41.7992,-85.4192,language from country default
no,US,Suburban Journals,St. Louis,,http://suburbanjournals.stltoday.com,en,daily,3,,,Q7632342,1,38.6264,-90.1994,language from country default
no,US,Sun Journal,Lewiston,,http://www.sunjournal.com,en,daily,3,,,Q7638356,1,44.1006,-70.2153,
no,US,Sun Star,,,http://www.uafsunstar.com,en,daily,3,,,Q7638514,1,,,no place of publication/headquarters in Wikidata – fill in city; language from country default
no,US,Sweetwater Reporter,Sweetwater,,http://www.sweetwaterreporter.com,en,daily,3,,,Q7655812,1,32.4681,-100.4070,language from country default
no,US,Tacoma Weekly,Tacoma,,http://www.tacomaweekly.com/,en,daily,3,,,Q7674026,1,47.2525,-122.4475,language from country default
no,US,Tahlequah Daily Press,Tahlequah,,http://www.tahlequahdailypress.com,en,daily,3,,,Q7675570,1,35.9128,-94.9714,language from country default
no,US,Taunton Daily Gazette,Taunton,,http://www.tauntongazette.com/,en,daily,3,,,Q7688784,1,41.9000,-71.0903,language from country default
no,US,Taylor Daily Press,Taylor,,http://www.taylordailypress.net/,en,daily,3,,,Q7689939,1,30.5724,-97.4165,
no,US,Taylorsville Times,Taylorsville,,http://www.taylorsvilletimes.com,en,daily,3,,,Q7690271,1,35.9178,-81.1744,
no,US,Tehachapi News,Tehachapi,,https://www.tehachapinews.com/,en,daily,3,,,Q7694820,1,35.1322,-118.4489,language from country default
no,US,The Advertiser Democrat,Norway,,http://advertiserdemocrat.com.com,en,daily,3,,,Q7712710,1,44.2117,-70.5383,
no,US,The Advocate,San Pablo,,http://www.cccadvocate.com/,en,daily,3,,,Q7712723,1,37.9622,-122.3456,
no,US,The Advocate-Messenger,Danville,,http://www.amnews.com/,en,daily,3,,,Q7712720,1,37.6458,-84.7725,
no,US,The Advocate,Newark,,http://www.newarkadvocate.com/,en,daily,3,,,Q7712727,1,40.0630,-82.4168,
no,US,The American News,Aberdeen,,http://www.aberdeennews.com/,en,daily,3,,,Q7713524,1,45.4647,-98.4864,
no,US,The Anchor,,,http://anchorweb.org,en,daily,3,,,Q7713664,1,,,no place of publication/headquarters in Wikidata – fill in city; language from country default
no,US,The Anderson Independent-Mail,Anderson,,http://www.independentmail.com,en,daily,3,,,Q7713693,1,34.5033,-82.6503,language from country default
no,US,The Architect's Newspaper,New York City,,https://www.archpaper.com,en,daily,3,,,Q7714192,1,40.7128,-74.0061,
no,US,The Avion,,,https://campusgroups.erau.edu/avion/home/,en,daily,3,,,Q7715046,1,,,no place of publication/headquarters in Wikidata – fill in city; language from country default
no,US,The Badger Herald,Madison,,http://badgerherald.com/,en,daily,3,,,Q7715317,1,43.0747,-89.3842,
no,US,The Bakersfield Californian,Bakersfield,,http://www.bakersfield.com/,en,daily,3,,,Q7715364,1,35.3733,-119.0189,
no,US,The Ball State Daily News,Muncie,,http://www.ballstatedaily.com,en,daily,3,,,Q7715391,1,40.1933,-85.3881,
no,US,The Barbour Democrat,Philippi,,http://www.barbourdemocratwv.com/,en,daily,3,,,Q7715613,1,39.1517,-80.0433,language from country default
no,US,The Barnstable Patriot,Hyannis,,https://barnstablepatriot.com,en,daily,3,,,Q7715666,1,41.6528,-70.2833,
no,US,The Battalion,College Station,,http://www.thebatt.com,en,daily,3,,,Q7715812,1,30.6014,-96.3144,language from country default
no,US,The Baylor Lariat,Waco,,http://baylorlariat.com,en,daily,3,,,Q7715940,1,31.5492,-97.1472,
no,US,The Beacon,Miami,,http://www.fiusm.com/,en,daily,3,,,Q7715981,1,25.7742,-80.1936,
no,US,The Berkshire Eagle,Pittsfield,,http://www.berkshireeagle.com/,en,daily,3,,,Q7716555,1,42.4500,-73.2500,
no,US,The Berlin Daily Sun,Berlin,,http://www.berlindailysun.com,en,daily,3,,,Q7716562,1,44.4686,-71.1839,
no,US,The Bona Venture,St. Bonaventure,,https://www.thebvnewspaper.com/,en,daily,3,,,Q7719084,1,42.0803,-78.4750,language from country default
no,US,The Brooklyn Paper,New York City,,https://www.brooklynpaper.com/,en,daily,3,,,Q7720329,1,40.7128,-74.0061,
no,US,The Bulletin,Montgomery County,,http://thebulletin.com/,en,daily,3,,,Q7720579,1,30.3000,-95.5000,language from country default
no,US,The Cadet,Lexington,,http://www.cadetpublications.com,en,daily,3,,,Q7720906,1,37.7840,-79.4428,language from country default
no,US,The Caledonian-Record,St. Johnsbury,,http://www.caledonianrecord.com,en,daily,3,,,Q7720961,1,44.4552,-72.0115,
no,US,The California Aggie,Davis,,http://theaggie.org/,en,daily,3,,,Q7720971,1,38.5539,-121.7381,
no,US,Long Island Press,Garden City,,https://www.longislandpress.com/,en,daily,3,,,Q13436367,1,40.7269,-73.6497,language from country default
no,US,New York Sports Express,New York City,,https://nysx.co,en,daily,3,,,Q13436611,1,40.7128,-74.0061,language from country default
no,US,The Arkansas Traveler,,,http://www.uatrav.com,en,daily,3,,,Q13447086,1,,,no place of publication/headquarters in Wikidata – fill in city; language from country default
no,US,Armenian Observer,Hollywood,,http://thearmenianobserver.com/,en,daily,3,,,Q13447099,1,34.0983,-118.3267,language from country default
no,US,Mission Times Courier,San Diego,,http://www.missiontimescourier.com,en,daily,3,,,Q13447146,1,32.7150,-117.1625,language from country default
no,US,Register-Pajaronian,Watsonville,,http://www.register-pajaronian.com/,en,daily,3,,,Q13447212,1,36.9200,-121.7636,
no,US,Estes Park Trail-Gazette,Estes Park,,https://www.eptrail.com/,en,daily,3,,,Q13447289,1,40.3728,-105.5192,
no,US,Julesburg Advocate,Julesburg,,http://www.julesburgadvocate.com/,en,daily,3,,,Q13447293,1,40.9883,-102.2644,language from country default
no,US,Longmont Times-Call,Longmont,,https://www.timescall.com/,en,daily,3,,,Q13447302,1,40.1717,-105.1092,language from country default
no,US,Newnan Times-Herald,Newnan,,http://times-herald.com,en,daily,3,,,Q14686749,1,33.3764,-84.7886,
no,US,The Post-Journal,Jamestown,,http://www.post-journal.com,en,daily,3,,,Q15059326,1,42.0956,-79.2386,
no,US,Poughkeepsie Journal,Poughkeepsie,,http://poughkeepsiejournal.com/,en,daily,3,,,Q15059327,1,41.7053,-73.9306,language from country default
no,US,The Leader Herald,Gloversville,,http://www.leaderherald.com,en,daily,3,,,Q15059331,1,43.0500,-74.3500,
no,US,Studies in Medieval and Renaissance Teaching,,,http://www.wichita.edu/smart/,en,daily,3,,,Q15757490,1,,,no place of publication/headquarters in Wikidata – fill in city
no,US,Plant Engineering,Downers Grove,,http://www.plantengineering.com,en,daily,3,,,Q15862151,1,41.7947,-88.0169,
no,US,Indy Week,Durham,,http://www.indyweek.com,en,daily,3,,,Q15862160,1,35.9942,-78.8986,
no,US,Atchison Daily Globe,Atchison,,http://www.atchisondailyglobe.com/,en,daily,3,,,Q16834965,1,39.5625,-95.1283,language from country default
no,US,Battle Creek Enquirer,Battle Creek,,http://www.battlecreekenquirer.com,en,daily,3,,,Q16839004,1,42.3122,-85.2042,
no,US,Bay City Tribune,Bay City,,http://www.baycitytribune.com,en,daily,3,,,Q16839239,1,28.9808,-95.9644,
no,US,Cadillac News,Cadillac,,http://www.cadillacnews.com,en,daily,3,,,Q16850226,1,44.2500,-85.4000,
no,US,Kingsport Times-News,Kingsport,,http://timesnews.net/,en,daily,3,,,Q16852516,1,36.5502,-82.5594,
no,US,New Braunfels Herald-Zeitung,New Braunfels,,http://herald-zeitung.com/,de,daily,3,,,Q16895790,1,29.7000,-98.1167,
no,US,Miami News Record,Miami,,http://www.miamiok.com,en,daily,3,,,Q16932523,1,36.8836,-94.8761,language from country default
no,US,The Daily Jeffersonian,Cambridge,,http://daily-jeff.com/,en,daily,3,,,Q16934581,1,40.0250,-81.5867,language from country default
no,US,Walla Walla Union-Bulletin,Walla Walla,,http://union-bulletin.com/,en,daily,3,,,Q16938917,1,46.0650,-118.3303,
no,US,Toledo City Paper,Toledo,,http://toledocitypaper.com/,en,daily,3,,,Q16947445,1,41.6528,-83.5378,language from country default
no,US,Colby Free Press,Colby,,http://www.nwkansas.com/,en,daily,3,,,Q16949787,1,39.3922,-101.0480,language from country default
no,US,Blackwell Journal-Tribune,Blackwell,,http://www.blackwelljournaltribune.net,en,daily,3,,,Q16952161,1,36.8017,-97.2897,language from country default
no,US,The Archway,,,http://www.bryantarchway.com/,en,daily,3,,,Q16953571,1,,,no place of publication/headquarters in Wikidata – fill in city; language from country default
no,US,The Philadelphia Independent,Philadelphia,,http://www.philadelphiaindependent.net,en,daily,3,,,Q16955314,1,39.9528,-75.1636,language from country default
no,US,Mount Vernon News,Mount Vernon,,http://www.mountvernonnews.com/,en,daily,3,,,Q16966127,1,40.3928,-82.4811,language from country default
no,US,Merced County Times,Merced,,https://mercedcountytimes.com/,en,daily,3,,,Q16969440,1,37.3022,-120.4831,language from country default
no,US,The Colby Echo,,,https://medium.com/colby-echo,en,daily,3,,,Q16971474,1,,,no place of publication/headquarters in Wikidata – fill in city; language from country default
no,US,The Daily Free Press,,,http://www.dfpress.com,en,daily,3,,,Q16971547,1,,,no place of publication/headquarters in Wikidata – fill in city
no,US,The Miami Student,,,http://www.miamistudent.net,en,daily,3,,,Q16974057,1,,,no place of publication/headquarters in Wikidata – fill in city; language from country default
no,US,The Omak-Okanogan County Chronicle,Omak,,http://www.omakchronicle.com/,en,daily,3,,,Q16977076,1,48.4125,-119.5370,
no,US,Pacer Times,,,http://www.pacertimesonline.com/,en,daily,3,,,Q16979603,1,,,no place of publication/headquarters in Wikidata – fill in city; language from country default
no,US,The Signal,Atlanta,,http://www.georgiastatesignal.com/,en,daily,3,,,Q16980908,1,33.7544,-84.3897,
no,US,State Press,,,http://www.statepress.com,en,daily,3,,,Q16981428,1,,,no place of publication/headquarters in Wikidata – fill in city; language from country default
no,US,Hillsboro Star-Journal,Hillsboro,,http://www.starj.com,en,daily,3,,,Q16984153,1,38.3514,-97.2025,language from country default
no,US,Hood County News,Granbury,,https://www.hcnews.com/,en,daily,3,,,Q16984792,1,32.4419,-97.7814,language from country default
no,US,Independent Record,Helena,,https://helenair.com/,en,daily,3,,,Q16985935,1,46.5928,-112.0350,
no,US,The Dailyer Nebraskan,,,http://thedailyer.com/,en,daily,3,,,Q16989016,1,,,no place of publication/headquarters in Wikidata – fill in city; language from country default
no,US,El Planeta,Boston,,http://elplaneta.com/,es,daily,3,,,Q16992309,1,42.3603,-71.0578,
no,US,Fort Bend Star,Ballinger,,https://www.fortbendstar.com/,en,daily,3,,,Q16993678,1,31.7333,-99.9500,language from country default
no,US,Gilroy Dispatch,Gilroy,,http://www.gilroydispatch.com,en,daily,3,,,Q16994129,1,37.0119,-121.5800,
no,US,Gwinnett Daily Post,Lawrenceville,,https://www.gwinnettdailypost.com/,en,daily,3,,,Q16994647,1,33.9531,-83.9925,
no,US,Henderson Daily News,Henderson,,https://www.thehendersonnews.com/,en,daily,3,,,Q16995167,1,32.1539,-94.8028,language from country default
no,US,Herald-Star,Steubenville,,http://www.hsconnect.com,en,daily,3,,,Q16995218,1,40.3653,-80.6311,language from country default
no,US,The Herald-News,Joliet,,http://www.theherald-news.com/,en,daily,3,,,Q16995216,1,41.5252,-88.0834,
no,US,High Plains Reader,Fargo,,http://www.hpr1.com/,en,daily,3,,,Q16995374,1,46.8772,-96.7894,language from country default
no,US,The High Point Enterprise,High Point,,http://www.hpenews.com,en,daily,3,,,Q16995375,1,35.9706,-79.9975,
no,US,Newton Daily News,Newton,,http://www.newtondailynews.com,en,daily,3,,,Q16999307,1,41.6986,-93.0469,
no,US,Pocono Record,Stroudsburg,,http://www.poconorecord.com,en,daily,3,,,Q17022163,1,40.9858,-75.1953,language from country default
no,US,Union Jack,San Diego,,http://www.ujnews.com/,en,daily,3,,,Q17037935,1,32.7150,-117.1625,language from country default
no,US,Montgomery County Chronicle,Caney,,http://taylornews.org,en,daily,3,,,Q17046584,1,37.0136,-95.9336,language from country default
no,US,The Catalyst,,,http://www.catalystnewspaper.com/,en,daily,3,,,Q17060162,1,,,no place of publication/headquarters in Wikidata – fill in city; language from country default
no,US,The Lantern,Columbus,,https://www.thelantern.com/,en,daily,3,,,Q17063998,1,39.9622,-83.0006,
no,US,The Maine Edge,Bangor,,http://www.themaineedge.com,en,daily,3,,,Q17068169,1,44.8031,-68.7675,language from country default
no,US,Malden Evening News,Malden,,http://maldennews.com,en,daily,3,,,Q17068263,1,42.4250,-71.0667,language from country default
no,US,McPherson Sentinel,McPherson,,http://www.mcphersonsentinel.com,en,daily,3,,,Q17068636,1,38.3717,-97.6619,
no,US,Molokai Advertiser-News,Kaunakakai,,http://www.MolokaiAdvertiserNews.com/,en,daily,3,,,Q17069658,1,21.0889,-157.0125,language from country default
no,US,New Hampshire Business Review,Manchester,,http://search.ebscohost.com/login.aspx?direct=true&db=bwh&jid=NHV&site=ehost-live,en,daily,3,,,Q17071457,1,42.9908,-71.4636,
no,US,Newcity,Chicago,,http://newcity.com/,en,daily,3,,,Q17071608,1,41.8819,-87.6278,language from country default
no,US,NJToday.net,Rahway,,http://www.njtoday.net/,en,daily,3,,,Q17071875,1,40.6072,-74.2811,
no,US,Opelika-Auburn News,Opelika,,https://oanow.com/,en,daily,3,,,Q17072806,1,32.6472,-85.3894,
no,US,Owatonna People's Press,Owatonna,,http://www.owatonna.com,en,daily,3,,,Q17073638,1,44.0843,-93.2260,language from country default
no,US,Pontiac Daily Leader,Pontiac,,http://www.pontiacdailyleader.com/,en,daily,3,,,Q17075605,1,40.8800,-88.6303,language from country default
no,US,Riverside & Brookfield Suburban Life,Riverside,,http://www.mysuburbanlife.com/riverside,en,daily,3,,,Q17078642,1,41.8308,-87.8161,language from country default
no,US,Seguin Gazette,Seguin,,http://seguingazette.com/,en,daily,3,,,Q17079903,1,29.5744,-97.9653,language from country default
no,US,The Paris News,Paris,,http://theparisnews.com/,en,daily,3,,,Q17085814,1,33.6625,-95.5477,
no,US,The Quoddy Tides,Eastport,,http://www.quoddytides.com,en,daily,3,,,Q17085863,1,44.9136,-67.0039,
no,US,Times News,Lehighton,,https://www.tnonline.com/,en,daily,3,,,Q17086751,1,40.8319,-75.7147,language from country default
no,US,Valley Morning Star,Harlingen,,http://www.valleymorningstar.com/,en,daily,3,,,Q17088418,1,26.2000,-97.7000,
no,US,Yes! Weekly,Greensboro,,http://www.yesweekly.com,en,daily,3,,,Q17090917,1,36.0725,-79.7903,
no,US,Hollister Free Lance,Hollister,,http://www.sanbenitocountytoday.com,en,daily,3,,,Q17182473,1,36.8469,-121.3981,language from country default
no,US,Culpeper Star-Exponent,Culpeper,,https://starexponent.com/,en,daily,3,,,Q17512194,1,38.4719,-77.9992,
no,US,The Skanner,Portland,,http://theskanner.com/,en,daily,3,,,Q17512825,1,45.5150,-122.6792,
no,US,Danville Register & Bee,Danville,,https://godanriver.com/,en,daily,3,,,Q17513048,1,36.5872,-79.4044,
no,US,Artvoice,Buffalo,,http://artvoice.com/,en,daily,3,,,Q18148674,1,42.8864,-78.8781,
no,US,The Howard County Times,Ellicott City,,http://howardcountytimes.com/,en,daily,3,,,Q18148855,1,39.2681,-76.7989,
no,US,CU Independent,,,https://cuindependent.org/,en,daily,3,,,Q18149059,1,,,no place of publication/headquarters in Wikidata – fill in city
no,US,Hi-Desert Star,Yucca Valley,,http://www.hidesertstar.com,en,daily,3,,,Q18150648,1,34.1333,-116.4167,language from country default
no,US,Mojave Desert News,California City,,http://www.desertnews.com,en,daily,3,,,Q18152760,1,35.1258,-117.9858,
no,US,Laurel Leader,Laurel,,http://www.laurelleader.com/,en,daily,3,,,Q18216932,1,39.0958,-76.8597,language from country default
no,US,Morgan Hill Times,Morgan Hill,,http://www.morganhilltimes.com,en,daily,3,,,Q15991648,1,37.1306,-121.6544,
no,US,Avoyelles Journal,Avoyelles Parish,,http://www.avoyellestoday.com/,en,daily,3,,,Q16163072,1,31.0700,-92.0000,language from country default
no,US,The Brandeis Hoot,,,http://brandeishoot.com/,en,daily,3,,,Q16206907,1,,,no place of publication/headquarters in Wikidata – fill in city
no,US,Ouachita Citizen,West Monroe,,https://ouachitacitizen.com/,en,daily,3,,,Q16466590,1,32.5108,-92.1400,
no,US,The Abilene Reflector-Chronicle,Abilene,,http://www.abilene-rc.com/,en,daily,3,,,Q16824499,1,38.9197,-97.2172,
no,US,Altoona Herald-Mitchellville Index,Altoona,,http://altoonaherald.desmoinesregister.com/,en,daily,3,,,Q16827662,1,41.6500,-93.4725,
no,US,The Anthony Republican,Anthony,,http://www.anthonyrepublicannews.com,en,daily,3,,,Q16828892,1,37.1539,-98.0292,
no,US,週刊NY生活,,,https://www.nyseikatsu.com/,ja,daily,3,,,Q18358323,1,,,no place of publication/headquarters in Wikidata – fill in city
no,US,McLean County News,Calhoun,,http://www.mcleannews.com,en,daily,3,,,Q19572967,1,37.5386,-87.2594,
no,US,Paso Robles Press,Paso Robles,,https://pasoroblespress.com/,en,daily,3,,,Q19573603,1,35.6300,-120.6600,language from country default
no,US,Teton Valley News,Driggs,,https://www.tetonvalleynews.net/,en,daily,3,,,Q19599866,1,43.7253,-111.1060,
no,US,The Breeze,James Madison University,,http://www.breezejmu.org,en,daily,3,,,Q19865657,1,38.4384,-78.8738,
no,US,Rock River Times,Rockford,,http://rockrivertimes.com/,en,daily,3,,,Q19866976,1,42.2711,-89.0940,
no,US,The Lawrence,Lawrenceville,,http://www.thelawrence.org,en,daily,3,,,Q19880762,1,40.3028,-74.7380,language from country default
no,US,Martinsville Bulletin,Martinsville,,https://martinsvillebulletin.com/,en,daily,3,,,Q19880906,1,36.6861,-79.8692,language from country default
no,US,Zarja,Peru,,http://slovenianunion.org/zarja,en,daily,3,,,Q19937883,1,41.3344,-89.1275,language from country default
no,US,Erie Reader,Erie,,http://www.eriereader.com/,en,daily,3,,,Q20709050,1,42.1296,-80.0852,language from country default
no,US,Racine Journal Times,,,https://journaltimes.com/,en,daily,3,,,Q21187955,1,,,no place of publication/headquarters in Wikidata – fill in city; language from country default
no,US,Mission Local,San Francisco,,https://missionlocal.org/,en,online,3,,,Q22077779,1,37.7750,-122.4194,"types: daily, online"
no,US,Times-Advocate,Escondido,,https://www.times-advocate.com/,en,daily,3,,,Q22078137,1,33.1247,-117.0808,
no,US,The Glasgow Courier,Glasgow,,http://glasgowcourier.com,en,weekly,3,,,Q22078290,1,48.1950,-106.6361,"types: daily, weekly"
no,US,Honolulu Civil Beat,Honolulu,,https://www.civilbeat.org,en,online,3,,,Q22908947,1,21.3047,-157.8572,"types: daily, online"
no,US,The Daily Nonpareil,Council Bluffs,,https://nonpareilonline.com/,en,daily,3,,,Q23073928,1,41.2530,-95.8620,
no,US,Journal of the San Juan Islands,Friday Harbor,,http://www.sanjuanjournal.com/,en,daily,3,,,Q23091340,1,48.5343,-123.0171,language from country default
no,US,Metropolitan News-Enterprise,Los Angeles,,http://metnews.com,en,daily,3,,,Q24882974,1,34.0522,-118.2437,language from country default
no,US,Black Voice News,Riverside,,https://blackvoicenews.com/,en,daily,3,,,Q25004884,1,33.9822,-117.3725,
no,US,The Farmville Herald,Farmville,,http://www.farmvilleherald.com,en,daily,3,,,Q25022113,1,37.3021,-78.3919,
no,US,The Miami Times,Miami,,https://www.miamitimesonline.com/,en,daily,3,,,Q25025417,1,25.7742,-80.1936,
no,US,The Colorado Statesman,Denver,,http://www.coloradostatesman.com/,en,daily,3,,,Q25349938,1,39.7392,-104.9847,language from country default
no,US,Fairfield Sun Times,Fairfield,,http://www.fairfieldsuntimes.com,en,daily,3,,,Q28126627,1,47.6153,-111.9808,
no,US,The Aquinas,Scranton,,http://aquinas.scranton.edu/,en,daily,3,,,Q28126791,1,41.4090,-75.6624,
no,US,Winnsboro News,Winnsboro,,https://thewinnsboronews.com/,en,daily,3,,,Q28126887,1,32.9575,-95.2900,
no,US,Mountain View Voice,Mountain View,,https://www.mv-voice.com/,en,daily,3,,,Q55665619,1,37.3928,-122.0419,language from country default
no,US,Pacifica Tribune,Pacifica,,https://www.pacificatribune.com,en,daily,3,,,Q55665631,1,37.6228,-122.4856,
no,US,Ramona Sentinel,Ramona,,https://www.ramonasentinel.com/,en,daily,3,,,Q55665657,1,33.0358,-116.8706,language from country default
no,US,Reedley Exponent,Reedley,,http://www.reedleyexponent.com,en,daily,3,,,Q55665663,1,36.5964,-119.4503,language from country default
no,US,El Sol de Salinas,Salinas,,https://www.elsoldesalinas.com/,en,daily,3,,,Q55665675,1,36.6778,-121.6556,language from country default
no,US,Calaveras Enterprise,San Andreas,,https://www.calaverasenterprise.com/,en,daily,3,,,Q55665676,1,38.1961,-120.6806,language from country default
no,US,Almaden Times Weekly,San Jose,,https://timesmedia.pageflip.site/publications/AlmadenTimes,en,daily,3,,,Q55665701,1,37.3042,-121.8728,language from country default
no,US,Santa Maria Sun,Santa Maria,,https://www.santamariasun.com/,en,daily,3,,,Q55665717,1,34.9514,-120.4333,
no,US,Selma Enterprise,Selma,,https://hanfordsentinel.com/community/selma_enterprise/,en,daily,3,,,Q55665726,1,36.5708,-119.6119,language from country default
no,US,Soledad Bee,Soledad,,https://soledadbee.com/,en,daily,3,,,Q55665730,1,36.4247,-121.3264,
no,US,Santa Ynez Valley News,Solvang,,https://syvnews.com/,en,daily,3,,,Q55665731,1,34.5939,-120.1397,
no,US,Sonoma Index-Tribune,Sonoma,,https://www.sonomanews.com/,en,daily,3,,,Q55665732,1,38.2919,-122.4578,
no,US,Urban Tulsa Weekly,Tulsa,,http://www.urbantulsa.com,en,daily,3,,,Q7900069,1,36.1314,-95.9372,language from country default
no,US,Urbana Daily Citizen,Urbana,,http://www.urbanacitizen.com,en,daily,3,,,Q7900202,1,40.1108,-83.7514,
no,US,Vail Daily,Vail,,http://vaildaily.com/,en,daily,3,,,Q7908759,1,39.6358,-106.3631,
no,US,Valley News,White River Junction,,https://www.vnews.com/,en,daily,3,,,Q7912156,1,43.6503,-72.3214,
no,US,Vermont Cynic,Burlington,,http://vtcynic.com,en,daily,3,,,Q7921700,1,44.4761,-73.2131,language from country default
no,US,Vineyard Gazette,Edgartown,,http://www.mvgazette.com/,en,daily,3,,,Q7932485,1,41.3889,-70.5139,language from country default
no,US,Waseca County News,Waseca,,http://www.wasecacountynews.com,en,daily,3,,,Q7971379,1,44.0776,-93.5075,language from country default
no,US,Washington Jewish Week,Rockville,,http://www.washingtonjewishweek.com/,en,daily,3,,,Q7972010,1,39.0840,-77.1528,
no,US,Watauga Democrat,Boone,,http://wataugademocrat.com,en,daily,3,,,Q7973029,1,36.2168,-81.6745,language from country default
no,US,Wausau Daily Herald,Wausau,,http://www.wausaudailyherald.com/,en,daily,3,,,Q7975216,1,44.9500,-89.6333,
no,US,Weatherford Democrat,Weatherford,,https://www.weatherforddemocrat.com/,en,daily,3,,,Q7978280,1,32.7592,-97.7850,
no,US,Weekly Alibi,Albuquerque,,http://www.alibi.com/,en,daily,3,,,Q7979492,1,35.0844,-106.6503,
no,US,Wellsville Daily Reporter,Wellsville,,http://www.wellsvilledaily.com,en,daily,3,,,Q7981780,1,42.1206,-77.9219,language from country default
no,US,Wesleying,,,http://wesleying.org/,en,daily,3,,,Q7984074,1,,,no place of publication/headquarters in Wikidata – fill in city
no,US,West Central Tribune,Willmar,,http://www.wctrib.com,en,daily,3,,,Q7984692,1,45.1219,-95.0433,language from country default
no,US,Westside Seattle,West Seattle,,http://www.westseattleherald.com/,en,daily,3,,,Q7986452,1,47.5611,-122.3867,
no,US,Western Herald,Kalamazoo,,http://westernherald.com,en,daily,3,,,Q7987901,1,42.2900,-85.5900,
no,US,Westword,Denver,,https://www.westword.com/,en,daily,3,,,Q7989927,1,39.7392,-104.9847,
no,US,What's Up weekly,El Paso,,http://www.whatsuppub.com/,en,daily,3,,,Q7990847,1,31.7592,-106.4886,language from country default
no,US,Whidbey News-Times,Oak Harbor,,http://www.whidbeynewstimes.com/,en,daily,3,,,Q7993571,1,48.2950,-122.6586,
no,US,Wilkes Journal-Patriot,North Wilkesboro,,http://www.journalpatriot.com,en,daily,3,,,Q8002467,1,36.1708,-81.1419,
no,US,Wilson Daily Times,Wilson,,http://www.wilsondaily.com,en,daily,3,,,Q8023041,1,35.7311,-77.9283,
no,US,Wilsonville Spokesman,Wilsonville,,http://www.wilsonvillespokesman.com/,en,daily,3,,,Q8023313,1,45.3068,-122.7664,
no,US,Winchester Star,Winchester,,http://www.winchesterstar.com,en,daily,3,,,Q8023858,1,39.1783,-78.1667,language from country default
no,US,Woodburn Independent,Woodburn,,https://woodburnindependent.com/,en,daily,3,,,Q8032450,1,45.1472,-122.8583,language from country default
no,US,Woodward News,Woodward,,http://woodwardnews.net,en,daily,3,,,Q8033576,1,36.4331,-99.3978,language from country default
no,US,Yakima Herald-Republic,Yakima,,http://www.yakimaherald.com/,en,daily,3,,,Q8047089,1,46.6019,-120.5078,language from country default
no,US,Yellow Springs News,Yellow Springs,,http://www.ysnews.com,en,daily,3,,,Q8051835,1,39.8017,-83.8928,
no,US,The Times,Herkimer,,http://www.littlefallstimes.com,en,daily,3,,,Q10392613,1,43.0261,-74.9903,language from country default
no,US,Ukiah Daily Journal,Ukiah,,https://www.ukiahdailyjournal.com/,en,daily,3,,,Q55665747,1,39.1500,-123.2075,language from country default
no,US,Visalia Times-Delta,Visalia,,https://www.visaliatimesdelta.com/,en,daily,3,,,Q55665753,1,36.3303,-119.2925,
no,US,Summit Daily News,Frisco,,https://www.summitdaily.com/,en,daily,3,,,Q55665819,1,39.5775,-106.0970,
no,US,Woodford Sun,Versailles,,https://www.woodfordsun.com/,en,daily,3,,,Q55666961,1,38.0547,-84.7308,
no,US,Lakeville Journal,Lakeville,,https://lakevillejournal.com,en,daily,3,,,Q55665909,1,41.9645,-73.4408,language from country default
no,US,Delaware State News,Dover,,https://delawarestatenews.net/,en,daily,3,,,Q55665963,1,39.1617,-75.5257,language from country default
no,US,Brookline TAB,Brookline,,http://brookline.wickedlocal.com/,en,daily,3,,,Q55667061,1,42.3317,-71.1217,language from country default
no,US,Citrus County Chronicle,Crystal River,,https://www.chronicleonline.com/,en,daily,3,,,Q55666012,1,28.9006,-82.5936,
no,US,Wayland Town Crier,Wayland,,http://wayland.wickedlocal.com,en,daily,3,,,Q55667208,1,42.3625,-71.3619,language from country default
no,US,Community Advocate,Westborough,,https://www.communityadvocate.com/,en,daily,3,,,Q55667212,1,42.2694,-71.6167,
no,US,Elko Daily Free Press,Elko,,https://elkodaily.com/,en,daily,3,,,Q55668211,1,40.8325,-115.7632,
no,US,Pahrump Valley Times,Pahrump,,https://pvtimes.com/,en,daily,3,,,Q55668233,1,36.2086,-116.0119,
no,US,Amherst Bee,Amherst,,https://www.amherstbee.com/,en,daily,3,,,Q55668241,1,42.9783,-78.8000,
no,US,Dundee Observer,Dundee,,http://www.observer-review.com/,en,daily,3,,,Q55668281,1,42.5244,-76.9747,language from country default
no,US,Hamburg Sun,Hamburg,,https://sun-news.com/,en,daily,3,,,Q55668303,1,42.7411,-78.8569,language from country default
no,US,Ithaca Times,Ithaca,,https://www.ithaca.com/,en,daily,3,,,Q55668315,1,42.4433,-76.5000,
no,US,Maryland Independent,Waldorf,,https://www.somdnews.com/independent/,en,daily,3,,,Q55667255,1,38.6461,-76.8983,language from country default
no,US,Rockland County Times,Nanuet,,https://www.rocklandtimes.com/,en,daily,3,,,Q55668343,1,41.0953,-74.0156,language from country default
no,US,Crain's New York Business,New York City,,http://crainsnewyork.com,en,daily,3,,,Q55668351,1,40.7128,-74.0061,language from country default
no,US,Rome Sentinel,Rome,,https://www.romesentinel.com/,en,daily,3,,,Q55668394,1,43.2194,-75.4633,language from country default
no,US,Westfield Republican,Westfield,,http://www.westfieldrepublican.com/,en,daily,3,,,Q55668409,1,42.3223,-79.5781,language from country default
no,US,Cincinnati Business Courier,Cincinnati,,https://www.bizjournals.com/cincinnati/,en,daily,3,,,Q55668435,1,39.1000,-84.5125,
no,US,Source Weekly,Bend,,https://www.bendsource.com/,en,daily,3,,,Q55668527,1,44.0564,-121.3081,language from country default
no,US,Wallowa County Chieftain,Enterprise,,http://www.wallowa.com/,en,daily,3,,,Q55668534,1,45.4242,-117.2769,language from country default
no,US,Mid-County Memo,Parkrose,,https://midcountymemo.com/,en,daily,3,,,Q55668540,1,45.5572,-122.5474,language from country default
no,US,Jamestown Press,Jamestown,,http://www.jamestownpress.com/,en,daily,3,,,Q55668602,1,41.4970,-71.3673,
no,US,Narragansett Times,Wakefield,,https://www.ricentral.com/narragansett_times/,en,daily,3,,,Q55668606,1,41.4333,-71.5000,language from country default
no,US,South County Independent,Wakefield,,http://www.independentri.com,en,daily,3,,,Q55668605,1,41.4333,-71.5000,language from country default
no,US,White River Valley Herald,Randolph,,https://www.ourherald.com,en,daily,3,,,Q55670796,1,43.9374,-72.6066,
no,US,Northfield News,Northfield,,https://www.northfield-news.com/,en,daily,3,,,Q55670894,1,44.1512,-72.6565,language from country default
no,US,Pilot-Tribune & Enterprise,Blair,,http://www.enterprisepub.com/,en,daily,3,,,Q54873965,1,41.5456,-96.1344,language from country default
no,US,Willits News,Willits,,http://www.willitsnews.com,en,daily,3,,,Q54958774,1,39.4097,-123.3556,language from country default
no,US,Manchester Journal,Manchester,,https://www.manchesterjournal.com/,en,daily,3,,,Q55379591,1,43.1654,-73.0677,
no,US,Almanac,Menlo Park,,https://www.almanacnews.com/,en,daily,3,,,Q55594119,1,37.4542,-122.1786,language from country default
no,US,New Times,San Luis Obispo,,https://www.newtimesslo.com/,en,daily,3,,,Q55623252,1,35.2742,-120.6631,
no,US,Tucson Sentinel,Tucson,,https://www.tucsonsentinel.com/,en,daily,3,,,Q55636280,1,32.2217,-110.9264,language from country default
no,US,Bradford Journal-Opinion,Bradford,,http://jonews.com,en,daily,3,,,Q55639354,1,44.0110,-72.1580,
no,US,The Sand Mountain Reporter,Albertville,,https://www.sandmountainreporter.com/,en,daily,3,,,Q55642329,1,34.2653,-86.2111,
no,US,Andalusia Star News,Andalusia,,https://www.andalusiastarnews.com/,en,daily,3,,,Q55642880,1,31.3090,-86.4790,
no,US,Baldwin Times,Bay Minette,,http://www.gulfcoastnewstoday.com/baldwin-times/,en,daily,3,,,Q55665241,1,30.8834,-87.7772,language from country default
no,US,St. Cloud Times,St. Cloud,,https://sctimes.com,en,daily,3,,,Q55667580,1,45.5539,-94.1703,language from country default
no,US,Boone County Journal,Ashland,,http://www.bocojo.com,en,daily,3,,,Q55667640,1,38.7733,-92.2578,language from country default
no,US,Jackson County Banner,Brownstown,,http://www.thebanner.com/,en,daily,3,,,Q55666683,1,38.8797,-86.0461,
no,US,Advertiser-Gleam,Guntersville,,https://www.advertisergleam.com,en,daily,3,,,Q55665274,1,34.3482,-86.2945,language from country default
no,US,Northwest Arkansas Democrat-Gazette,Fayetteville,,https://www.nwaonline.com/,en,daily,3,,,Q55665341,1,36.0764,-94.1608,language from country default
no,US,Katy Times,Katy,,https://katytimes.com/,en,daily,3,,,Q55671181,1,29.7925,-95.8225,language from country default
no,US,Eastern Arizona Courier,Safford,,https://www.eacourier.com/,en,daily,3,,,Q55665431,1,32.8231,-109.7144,language from country default
no,US,Inyo Register,Bishop,,https://www.inyoregister.com/,en,daily,3,,,Q55665471,1,37.3635,-118.3951,
no,US,Weekly Calistogan,Calistoga,,https://www.weeklycalistogan.com/,en,daily,3,,,Q55665476,1,38.5814,-122.5828,language from country default
no,US,Brown County Democrat,Nashville,,http://www.bcdemocrat.com/,en,daily,3,,,Q55666738,1,39.2083,-86.2500,
no,US,Vincennes Sun-Commercial,Vincennes,,http://www.suncommercial.com/,en,daily,3,,,Q55666785,1,38.6783,-87.5161,language from country default
no,US,Butler County Times-Gazette,Augusta,,https://www.butlercountytimesgazette.com/,en,daily,3,,,Q55666822,1,37.6925,-96.9800,
no,US,Clovis Independent,Clovis,,https://clovisindependent.co,en,daily,3,,,Q55665494,1,36.8253,-119.7031,language from country default
no,US,Davis Enterprise,Davis,,https://www.davisenterprise.com/,en,daily,3,,,Q55665507,1,38.5539,-121.7381,
no,US,Elk Grove Citizen,Elk Grove,,https://www.egcitizen.com/,en,daily,3,,,Q55665516,1,38.4383,-121.3819,language from country default
no,US,Folsom Telegraph,Folsom,,https://www.folsomtelegraph.com/,en,daily,3,,,Q55665524,1,38.6722,-121.1578,language from country default
no,US,Fresno Vida en el Valle,Fresno,,https://www.vidaenelvalle.com,en,daily,3,,,Q55665529,1,36.7817,-119.7922,language from country default
no,US,Greenfield News,Greenfield,,https://greenfieldnews.com/,en,daily,3,,,Q55665538,1,36.3208,-121.2439,language from country default
no,US,Hesperia Star,Hesperia,,https://www.hesperiastar.com/,en,daily,3,,,Q55665543,1,34.4128,-117.3061,language from country default
no,US,Ledger Dispatch,Jackson,,https://www.ledger.news/,en,daily,3,,,Q55665549,1,38.3489,-120.7742,language from country default
no,US,Lincoln News Messenger,Lincoln,,https://www.lincolnnewsmessenger.com/,en,daily,3,,,Q55665569,1,38.8872,-121.2961,language from country default
no,US,Los Altos Town Crier,Los Altos,,https://www.losaltosonline.com/,en,daily,3,,,Q55665581,1,37.3681,-122.0980,language from country default
no,US,Los Banos Enterprise,Los Banos,,https://www.losbanosenterprise.com/,en,daily,3,,,Q55665602,1,37.0583,-120.8500,
no,US,Vermont Woman,South Burlington,,https://www.vermontwoman.com,en,daily,3,,,Q55671348,1,44.4669,-73.1708,language from country default
no,US,Edmonds Beacon,Edmonds,,https://www.edmondsbeacon.com,en,daily,3,,,Q55671369,1,47.8069,-122.3467,language from country default
no,US,Lynden Tribune,Lynden,,https://www.lyndentribune.com/,en,daily,3,,,Q55671384,1,48.9467,-122.4569,
no,US,Waitsburg Times,Waitsburg,,https://www.waitsburgtimes.com/,en,daily,3,,,Q55671415,1,46.2681,-118.1542,language from country default
no,US,Methow Valley News,Twisp,,https://methowvalleynews.com/,en,daily,3,,,Q55671412,1,48.3639,-120.1200,language from country default
no,US,Flathead Beacon,Kalispell,,https://flatheadbeacon.com,en,daily,3,,,Q55667867,1,48.2000,-114.3167,language from country default
no,US,Ravalli Republic,Hamilton,,https://ravallirepublic.com/,en,daily,3,,,Q55667864,1,46.2483,-114.1597,language from country default
no,US,Mecklenburg Times,Charlotte,,http://resolver.macewan.ca/macewan?url%5Fver=Z39.88-2004&ctx%5Fver=Z39.88-2004&ctx%5Fenc=info:ofi/enc:UTF-8&rfr%5Fid=info:sid/sfxit.com:opac%5F856&url%5Fctx%5Ffmt=info:ofi/fmt:kev:mtx:ctx&sfx.ignore%5Fdate%5Fthreshold=1&rft.object%5Fid=3390000000039441&svc%5Fval%5Ffmt=info:ofi/fmt:kev:mtx:sch%5Fsvc&,en,daily,3,,,Q55667901,1,35.2269,-80.8433,
no,US,Butner-Creedmoor News,Creedmoor,,http://butnercreedmoornews.com,en,daily,3,,,Q55667909,1,36.1231,-78.6833,language from country default
no,US,Ashland Gazette,Ashland,,https://wahoo-ashland-waverly.com/community/ashland/,en,weekly,3,,,Q55667976,1,41.0406,-96.3725,"language from country default; types: daily, weekly"
no,US,Elgin Review,Elgin,,http://www.elginreview.com/,en,daily,3,,,Q55667990,1,41.9836,-98.0817,language from country default
no,US,Cedar County News,Hartington,,http://www.hartington.net/,en,daily,3,,,Q55668002,1,42.6211,-97.2639,language from country default
no,US,Western Nebraska Observer,Kimball,,https://www.westernnebraskaobserver.net/,en,daily,3,,,Q55668007,1,41.2336,-103.6594,
no,US,Weirs Times,Laconia,,https://weirs.com/,en,daily,3,,,Q55668075,1,43.5275,-71.4703,language from country default
no,US,Pine Bluff Commercial,Pine Bluff,,https://www.pbcommercial.com/,en,daily,3,,,Q55936094,1,34.2284,-92.0032,language from country default
no,US,The Bemidji Pioneer,Bemidji,,http://www.bemidjipioneer.com/,en,daily,3,,,Q56030692,1,47.4736,-94.8803,language from country default
no,US,News Guard,Lincoln City,,https://www.thenewsguard.com/,en,daily,3,,,Q56030712,1,44.9614,-124.0156,language from country default
no,US,The Daily Sentinel,Grand Junction,,https://www.gjsentinel.com/,en,daily,3,,,Q56033151,1,39.0667,-108.5670,
no,US,Janesville Gazette,Janesville,,https://www.gazettextra.com/,en,daily,3,,,Q55671441,1,42.6855,-89.0136,language from country default
no,US,Stevens Point Journal,Stevens Point,,https://stevenspointjournal.com,en,daily,3,,,Q55671468,1,44.5230,-89.5603,language from country default
no,US,Waukesha Freeman,Waukesha,,http://www.gmtoday.com/,en,daily,3,,,Q55671475,1,43.0117,-88.2317,language from country default
no,US,The Pocahontas Times,Marlinton,,https://pocahontastimes.com,en,daily,3,,,Q55671489,1,38.2247,-80.0947,
no,US,Jackson Hole News & Guide,Jackson,,https://www.jhnewsandguide.com,en,daily,3,,,Q55671508,1,43.4753,-110.7692,
no,US,News & Citizen,Morrisville,,https://www.stowetoday.com/news_and_citizen/,en,daily,3,,,Q55672258,1,44.5617,-72.5983,language from country default
no,US,Valley Reporter,Waitsfield,,https://www.valleyreporter.com/,en,daily,3,,,Q55672261,1,44.1813,-72.7946,language from country default
no,US,The New Era,Sweet Home,,http://www.sweethomenews.com,en,daily,3,,,Q55709068,1,44.4006,-122.7158,language from country default
no,US,Bee,Sellwood,,http://readthebee.com,en,daily,3,,,Q55833798,1,45.4650,-122.6500,language from country default
no,US,Monroe Journal,Monroeville,,https://www.monroejournal.com/,en,daily,3,,,Q55935464,1,31.5181,-87.3275,language from country default
no,US,Standard Journal,Rexburg,,https://www.rexburgstandardjournal.com/,en,daily,3,,,Q55935475,1,43.8261,-111.7839,language from country default
no,US,MediaFile,,,http://www.mediafiledc.com/,en,daily,3,,,Q28403425,1,,,no place of publication/headquarters in Wikidata – fill in city
no,US,Skagit Valley Herald,Mount Vernon,,https://www.goskagit.com/,en,daily,3,,,Q28403614,1,48.4200,-122.3261,language from country default
no,US,Wood County Monitor,Quitman,,http://woodcountymonitor.com/,en,daily,3,,,Q28405776,1,32.7961,-95.4444,language from country default
no,US,The Middletown Press,Middletown,,http://www.middletownpress.com,en,daily,3,,,Q29641526,1,41.5622,-72.6511,language from country default
no,US,York News-Times,York,,http://yorknewstimes.com,en,daily,3,,,Q30589902,1,40.8672,-97.5889,language from country default
no,US,California Democrat,California,,http://www.californiademocrat.com/,en,daily,3,,,Q30632900,1,38.6300,-92.5683,language from country default
no,US,Carroll News,Hillsville,,http://thecarrollnews.com,en,daily,3,,,Q30636207,1,36.7589,-80.7344,
no,US,The Mid Valley Town Crier,,,http://www.midvalleytowncrier.com/,en,daily,3,,,Q30638238,1,,,no place of publication/headquarters in Wikidata – fill in city
no,US,Daily Inter Lake,Kalispell,,https://dailyinterlake.com/,en,daily,3,,,Q30682334,1,48.2000,-114.3167,language from country default
no,US,Hemet News,,,https://thehemetnews.com,en,daily,3,,,Q43081618,1,,,no place of publication/headquarters in Wikidata – fill in city; language from country default
no,US,Norwood News,New York City,,http://www.norwoodnews.org/,en,daily,3,,,Q48741098,1,40.7128,-74.0061,language from country default
no,US,The Woodinville Weekly,Woodinville,,https://www.woodinville.com/,en,daily,3,,,Q48812716,1,47.7525,-122.1560,language from country default
no,US,The Fountain Hopper,Stanford,,http://fountainhopper.com/,en,daily,3,,,Q48862260,1,37.4241,-122.1661,
no,US,The Marshfield News-Herald,Marshfield,,https://marshfieldnewsherald.com,en,daily,3,,,Q48968892,1,44.6669,-90.1736,language from country default
no,US,Daily Journal,Kankakee,,http://www.daily-journal.com/,en,daily,3,,,Q48970035,1,41.1200,-87.8600,
no,US,The Chronicle,Centralia,,https://www.chronline.com/,en,daily,3,,,Q48971115,1,46.7206,-122.9610,
no,US,Bucks County Courier Times,Levittown,,http://www.buckscountycouriertimes.com/,en,daily,3,,,Q48989329,1,40.1542,-74.8497,language from country default
no,US,Hampshire Review,Romney,,https://www.hampshirereview.com/,en,daily,3,,,Q56119168,1,39.3450,-78.7569,language from country default
no,US,Press Banner,Scotts Valley,,http://www.goldenstatenewspapers.com/press_banner/,en,daily,3,,,Q56119272,1,37.0514,-122.0133,language from country default
no,US,Sierra Sun,Truckee,,https://www.sierrasun.com/,en,daily,3,,,Q56119280,1,39.3422,-120.2036,language from country default
no,US,Reflector,Battle Ground,,http://www.thereflector.com/,en,daily,3,,,Q56119284,1,45.7806,-122.5394,language from country default
no,US,Islands' Sounder,Eastsound,,http://www.pnwlocalnews.com/,en,daily,3,,,Q56119289,1,48.6967,-122.9042,language from country default
no,US,Messenger,Madisonville,,https://www.the-messenger.com/,en,daily,3,,,Q56236582,1,37.3325,-87.5019,
no,US,Daily News-Record,Harrisonburg,,https://www.dnronline.com/,en,daily,3,,,Q56237021,1,38.4494,-78.8689,
no,US,The Scarsdale Inquirer,Scarsdale,,https://www.scarsdalenews.com/,en,daily,3,,,Q96332841,1,40.9922,-73.7869,
no,US,Wausau Pilot and Review,Wausau,,https://wausaupilotandreview.com/,en,daily,3,,,Q114364473,1,44.9500,-89.6333,language from country default
no,US,Capitol Hill Citizen,"Washington, D.C.",,https://www.capitolhillcitizen.com/,en,daily,3,,,Q116763861,1,38.8950,-77.0367,
no,US,Winsted Citizen,Winsted,,https://www.winstedcitizen.org/,en,daily,3,,,Q116980231,1,41.9211,-73.0600,
no,US,Watertown Daily Times,Watertown,,https://www.wdtimes.com/,en,daily,3,,,Q108757474,1,43.2000,-88.7167,
no,US,Baltimore Banner,,,https://www.thebaltimorebanner.com/,en,daily,3,,,Q109236522,1,,,no place of publication/headquarters in Wikidata – fill in city; language from country default
no,US,Dallas Express,Dallas,,https://dallasexpress.com/,en,daily,3,,,Q109557564,1,32.7792,-96.8089,
no,US,Cascadia Daily News,,,https://www.cascadiadaily.com/,en,daily,3,,,Q110903678,1,,,no place of publication/headquarters in Wikidata – fill in city; language from country default
no,US,The US Inquirer,,,https://www.us-inquirer.com,en,daily,3,,,Q111782049,1,,,no place of publication/headquarters in Wikidata – fill in city
no,US,The Seattle Globalist,,,https://seattleglobalist.com/,en,daily,3,,,Q125726702,1,,,no place of publication/headquarters in Wikidata – fill in city; language from country default
no,US,Injustice Watch,Chicago,,https://www.injusticewatch.org/,en,daily,3,,,Q131005672,1,41.8819,-87.6278,
no,US,WyoFile,,,https://wyofile.com/,en,daily,3,,,Q131301851,1,,,no place of publication/headquarters in Wikidata – fill in city; language from country default
no,US,Hmong Times,,,https://hmongtimes.com/,en,daily,3,,,Q131805904,1,,,no place of publication/headquarters in Wikidata – fill in city
no,US,The Buckeye Flame,,,https://thebuckeyeflame.com/,en,daily,3,,,Q122790810,1,,,no place of publication/headquarters in Wikidata – fill in city; language from country default
no,US,보스톤코리아,보스턴,,https://bostonkorea.com,ko,daily,3,,,Q141376876,1,42.3603,-71.0578,
no,US,City on a Hill Press,Santa Cruz,,http://www.cityonahillpress.com,en,daily,3,,,Q5124025,1,36.9721,-122.0263,language from country default
no,US,Daily Athenaeum,,,http://www.thedaonline.com,en,daily,3,,,Q5209219,1,,,no place of publication/headquarters in Wikidata – fill in city; language from country default
no,US,Nassau Weekly,,,http://www.nassauweekly.com,en,daily,3,,,Q6967589,1,,,no place of publication/headquarters in Wikidata – fill in city
no,US,Student Life,St. Louis,,https://www.studlife.com/,en,daily,3,,,Q7627705,1,38.6264,-90.1994,
no,US,The Carroll News,,,http://www.jcunews.com,en,daily,3,,,Q7721442,1,,,no place of publication/headquarters in Wikidata – fill in city
no,US,The Norwich Guidon,Northfield,,https://norwichguidon.org/,en,daily,3,,,Q134697331,1,44.1512,-72.6565,
no,US,The Setonian,,,https://www.thesetonian.com/,en,daily,3,,,Q140967847,1,,,no place of publication/headquarters in Wikidata – fill in city
no,US,The Current,,,https://nsucurrent.nova.edu/,en,daily,3,,,Q7728442,1,,,no place of publication/headquarters in Wikidata – fill in city
no,US,The Daily Aztec,San Diego,,http://www.thedailyaztec.com/,en,daily,3,,,Q7728618,1,32.7150,-117.1625,language from country default
no,US,The Hoya,"Washington, D.C.",,http://www.thehoya.com/,en,daily,3,,,Q7740766,1,38.8950,-77.0367,language from country default
no,US,The Koala,,,http://thekoala.org/,en,daily,3,,,Q7744900,1,,,no place of publication/headquarters in Wikidata – fill in city; language from country default
no,US,The Maneater,Columbia,,http://www.themaneater.com/,en,daily,3,,,Q7750176,1,38.9517,-92.3341,language from country default
no,US,The Poly Post,,,http://www.thepolypost.com/,en,daily,3,,,Q7757703,1,,,no place of publication/headquarters in Wikidata – fill in city
no,US,Midcoast Villager,Maine,,https://www.midcoastvillager.com/,en,weekly,3,,,Q136790848,1,45.5000,-69.0000,"types: daily, weekly"
no,US,The News Record,Cincinnati,,https://www.newsrecord.org/,en,daily,3,,,Q97050216,1,39.1000,-84.5125,
no,US,The Simpsonian,Indianola,,https://thesimpsonian.com,en,daily,3,,,Q107295608,1,41.3617,-93.5631,
no,US,University Press,,,http://www.upressonline.com/,en,daily,3,,,Q7894890,1,,,no place of publication/headquarters in Wikidata – fill in city; language from country default
no,US,Virginia Law Weekly,Charlottesville,,http://www.lawweekly.org,en,daily,3,,,Q7934366,1,38.0299,-78.4790,
no,US,The Prodigy,Merced,,http://prodigy.ucmerced.edu/,en,daily,3,,,Q17027670,1,37.3022,-120.4831,
no,US,The Cooper Point Journal,,,http://www.cooperpointjournal.com/,en,daily,3,,,Q107655624,1,,,no place of publication/headquarters in Wikidata – fill in city; language from country default
no,US,The Corsair,,,http://www.ecorsair.com/,en,daily,3,,,Q110913913,1,,,no place of publication/headquarters in Wikidata – fill in city; language from country default
no,US,The Wesleyan Argus,,,http://wesleyanargus.com/,en,daily,3,,,Q111909358,1,,,no place of publication/headquarters in Wikidata – fill in city
no,US,Campus Times,,,http://www.campustimes.org/,en,daily,3,,,Q115100561,1,,,no place of publication/headquarters in Wikidata – fill in city
no,US,The OutCrowd Magazine,,,https://theoutcrowd.webflow.io/,en,daily,3,,,Q117457343,1,,,no place of publication/headquarters in Wikidata – fill in city
no,US,The Student Voice,,,https://studentvoicesu.wordpress.com,en,daily,3,,,Q117804907,1,,,no place of publication/headquarters in Wikidata – fill in city
no,US,20 Watts,,,https://www.20wattsmagazine.com/,en,daily,3,,,Q117805738,1,,,no place of publication/headquarters in Wikidata – fill in city
no,US,Verbal Seduction,Syracuse,,http://www.syracuse.edu,en,daily,3,,,Q117806108,1,43.0469,-76.1444,
no,US,The NewsHouse,,,https://www.thenewshouse.com/,en,daily,3,,,Q123241583,1,,,no place of publication/headquarters in Wikidata – fill in city; language from country default
no,US,The Ithacan,,,https://theithacan.org,en,daily,3,,,Q125662373,1,,,no place of publication/headquarters in Wikidata – fill in city
no,US,The Lafayette,Easton,,https://lafayettestudentnews.com/,en,daily,3,,,Q131410872,1,40.6883,-75.2164,
no,US,The Villages Daily Sun,The Villages,,http://www.thevillagesdailysun.com/,en,daily,3,,,Q48861344,1,28.9378,-81.9711,
no,US,Columbia Missourian,Columbia,,https://www.columbiamissourian.com/,en,daily,3,,,Q5149772,1,38.9517,-92.3341,
no,US,Daily Herald,Columbia,,http://columbiadailyherald.com/,en,daily,3,,,Q5209266,1,35.6150,-87.0445,
no,US,Observer-Dispatch,Utica,,https://www.uticaod.com/,en,online,3,,,Q7075481,1,43.1008,-75.2325,"types: daily, online"
no,US,Spartanburg Herald-Journal,Spartanburg,,http://www.goupstate.com/,en,daily,3,,,Q7573928,1,34.9481,-81.9347,language from country default
no,US,The Daily Gamecock,,,http://www.dailygamecock.com/,en,daily,3,,,Q7728651,1,,,no place of publication/headquarters in Wikidata – fill in city; language from country default
no,US,The Daily Reporter,Coldwater,,https://www.thedailyreporter.com/,en,daily,3,,,Q7728700,1,41.9400,-85.0000,
no,US,Foreign Policy Journal,,,https://www.foreignpolicyjournal.com/,en,online,3,,,Q140053273,1,,,no place of publication/headquarters in Wikidata – fill in city
no,US,The Herald-Sun,Durham,,http://heraldsun.com/,en,daily,3,,,Q7739397,1,35.9942,-78.8986,
no,US,The Ledger,Lakeland,,https://www.theledger.com/,en,daily,3,,,Q7746595,1,28.0411,-81.9589,
no,US,Times Record News,Wichita Falls,,http://timesrecordnews.com/,en,daily,3,,,Q7806550,1,33.8969,-98.5150,
no,US,Crosscut,Seattle,,http://crosscut.com/,en,online,3,,,Q5188530,1,47.6050,-122.3300,
no,US,The Morning News,Texas,,http://www.themorningnews.org,en,online,3,,,Q7752289,1,31.0000,-100.0000,
no,US,Fair Observer,,,https://www.fairobserver.com/,en,online,3,,,Q15809236,1,,,no place of publication/headquarters in Wikidata – fill in city
no,US,Airways News,,,https://www.airwaysmag.com/,en,online,3,,,Q18209123,1,,,no place of publication/headquarters in Wikidata – fill in city; language from country default
no,US,Rewire News Group,,,https://rewire.news,en,online,3,,,Q23680075,1,,,no place of publication/headquarters in Wikidata – fill in city
no,US,Fatherly,New York City,,https://www.fatherly.com/,en,online,3,,,Q41498307,1,40.7128,-74.0061,language from country default
no,US,The Frontier,Tulsa,,https://www.readfrontier.org/,en,online,3,,,Q48966531,1,36.1314,-95.9372,language from country default
no,US,Madison365,Madison,,https://madison365.com/,en,online,3,,,Q54874580,1,43.0747,-89.3842,language from country default
no,US,The Nevada Independent,,,https://thenevadaindependent.com/,en,online,3,,,Q101233939,1,,,no place of publication/headquarters in Wikidata – fill in city
no,US,Just the News,,,https://justthenews.com/,en,online,3,,,Q103844322,1,,,no place of publication/headquarters in Wikidata – fill in city
no,US,The Beacon,Kansas City,,https://thebeaconnews.org,en,online,3,,,Q104880644,1,39.0500,-94.5833,
no,US,Just Women's Sports,,,https://justwomenssports.com,en,online,3,,,Q110589795,1,,,no place of publication/headquarters in Wikidata – fill in city; language from country default
no,US,The Recount,,,https://therecount.com/,en,online,3,,,Q112633020,1,,,no place of publication/headquarters in Wikidata – fill in city; language from country default
no,US,Salish Current,Bellingham,,https://salish-current.org/,en,online,3,,,Q124803082,1,48.7544,-122.4788,language from country default
no,US,San José Spotlight,San Jose,,https://sanjosespotlight.com/,en,online,3,,,Q127421471,1,37.3042,-121.8728,
no,US,La Jicarita,Chamisal,,https://lajicarita.org,en,online,3,,,Q131611922,1,36.1661,-105.7440,language from country default
no,US,World Soccer Talk,New York City,,https://worldsoccertalk.com/,en,online,3,,,Q137781344,1,40.7128,-74.0061,"types: daily, online"
no,US,American Medical News,Chicago,,http://www.amednews.com/,en,daily,3,,,Q4744419,1,41.8819,-87.6278,
no,US,Cleveland Scene,Cleveland,,http://clevescene.com,en,daily,3,,,Q5132227,1,41.4992,-81.6947,
no,US,Gay Life,Baltimore,,http://www.baltimoregaylife.com,en,daily,3,,,Q5528603,1,39.2864,-76.6150,
no,US,Inside Business,Norfolk,,http://www.insidebiz.com/,en,daily,3,,,Q16885097,1,36.8469,-76.2853,language from country default
no,US,PQ Monthly,,,http://www.pqmonthly.com,en,daily,3,,,Q17009636,1,,,no place of publication/headquarters in Wikidata – fill in city; language from country default
no,US,Spokane Journal of Business,Spokane,,http://www.spokanejournal.com/,en,daily,3,,,Q22073403,1,47.6572,-117.4235,language from country default
no,US,Gladewater Mirror,,,https://www.gladewatermirror.com,en,weekly,3,,,Q85763616,1,,,no place of publication/headquarters in Wikidata – fill in city; language from country default
no,US,Baltimore Beat,,,http://baltimorebeat.com,en,online,3,,,Q87748153,1,,,"no place of publication/headquarters in Wikidata – fill in city; language from country default; types: daily, online"
no,US,The North Shore Leader,Locust Valley,,https://www.theleaderonline.com/,en,weekly,3,,,Q116021351,1,40.8772,-73.5947,
no,US,C-VILLE Weekly,Charlottesville,,https://www.c-ville.com/,en,daily,3,,,Q117025179,1,38.0299,-78.4790,
no,US,The Almanac,South Hills,,http://www.thealmanac.net/,en,weekly,3,,,Q4733680,1,40.3920,-80.0370,language from country default
no,US,Lebanon Express,Lebanon,,https://lebanon-express.com/,en,weekly,3,,,Q6511083,1,44.5331,-122.9078,
no,US,Metro Spirit,Augusta,,http://metrospirit.com/,en,weekly,3,,,Q6824710,1,33.4700,-81.9750,
no,US,The Mountain Eagle,Whitesburg,,https://www.themountaineagle.com/,en,weekly,3,,,Q7752479,1,37.1178,-82.8211,
no,US,The Star,Apalachicola,,http://www.starfl.com/,en,weekly,3,,,Q7766256,1,29.7253,-84.9925,language from country default
no,US,Amerikai Magyar Népszava,Montclair,,https://nepszava.us/,hu,weekly,3,,,Q26198138,1,40.8244,-74.2123,
no,US,Voices of Monterey Bay,Salinas,,https://vomb.org/,en,online,3,,,Q141524502,1,36.6778,-121.6556,
no,US,El Sol de la Florida,,,http://www.elsoldelaflorida.com/,es,daily,3,,,Q2839841,1,,,no place of publication/headquarters in Wikidata – fill in city
no,US,Bay State Banner,Boston,,https://www.baystatebanner.com/,en,daily,3,,,Q4874111,1,42.3603,-71.0578,
no,US,Sun-Reporter,San Francisco,,http://sunreportermedia.com/,en,daily,3,,,Q65068112,1,37.7750,-122.4194,
no,US,Русский базар,,,http://www.russian-bazaar.com,ru,daily,3,,,Q4400737,1,,,no place of publication/headquarters in Wikidata – fill in city
no,US,Advance for Medical Laboratory Professionals,King of Prussia,,http://www.advanceweb.com/lab,en,daily,3,,,Q4686090,1,40.0947,-75.3781,
no,US,El pregonero,Washington D. C.,,http://www.elpreg.org,es,daily,3,,,Q5351897,1,38.8950,-77.0367,
no,US,Americus Times-Recorder,Americus,,https://www.americustimesrecorder.com/,en,daily,3,,,Q4745694,1,32.0672,-84.2347,language from country default
no,US,Argus-Press,Owosso,,https://www.argus-press.com/,en,daily,3,,,Q4789773,1,42.9978,-84.1767,
no,US,Atlantic City Weekly,,,https://atlanticcityweekly.com/,en,weekly,3,,,Q4816360,1,,,"no place of publication/headquarters in Wikidata – fill in city; types: daily, weekly"
no,US,Laurel Leader-Call,Laurel,,http://www.leader-call.com,en,daily,3,,,Q6499898,1,31.6975,-89.1394,language from country default
no,US,Western New York Catholic,Buffalo,,https://www.wnycatholic.org/,en,weekly,3,,,Q66384937,1,42.8864,-78.8781,"language from country default; types: daily, weekly"
no,US,Biblical Recorder,Cary,,http://www.brnow.org/,en,daily,3,,,Q4903266,1,35.7789,-78.8003,
no,US,Brazosport Facts,,,http://www.thefacts.com,en,daily,3,,,Q4959025,1,,,no place of publication/headquarters in Wikidata – fill in city
no,US,Bristol Herald Courier,Bristol,,https://heraldcourier.com/,en,daily,3,,,Q4968921,1,36.6111,-82.1762,
no,US,Bronx Times-Reporter,New York City,,http://www.bxtimes.com,en,daily,3,,,Q4974211,1,40.7128,-74.0061,
no,US,Butler Eagle,Butler,,http://butlereagle.com,en,daily,3,,,Q5002606,1,40.8611,-79.8953,
no,US,Cambridge Chronicle,Cambridge,,https://www.cambridgechron.com/,en,daily,3,,,Q5025386,1,42.3750,-71.1061,
no,US,Florida Catholic,Orlando,,http://www.thefloridacatholic.org/,en,daily,3,,,Q5461247,1,28.5336,-81.3867,
no,US,Foodservice Equipment & Supplies,Elmhurst,,http://www.fesmag.com,en,daily,3,,,Q5465567,1,41.8995,-87.9403,
no,US,Foreign Service Journal,,,http://www.afsa.org/fsj/,en,daily,3,,,Q5468327,1,,,no place of publication/headquarters in Wikidata – fill in city
no,US,Furniture Style,Lincolnshire,,http://www.FurnitureStyle.com,en,daily,3,,,Q5509686,1,42.1964,-87.9172,
no,US,GHLL,Kirksville,,http://ghll.truman.edu/,en,daily,3,,,Q5513418,1,40.1947,-92.5833,
no,US,Graphic Arts Monthly,,,http://www.gammag.com,en,daily,3,,,Q5597130,1,,,no place of publication/headquarters in Wikidata – fill in city
no,US,Grayson County News Gazette,Leitchfield,,https://www.gcnewsgazette.com/,en,daily,3,,,Q5598402,1,37.4836,-86.2939,
no,US,Gunnison Country Times,Gunnison,,https://www.gunnisontimes.com/,en,daily,3,,,Q5619266,1,38.5444,-106.9283,language from country default
no,US,Haverhill Gazette,Haverhill,,https://www.hgazette.com,en,daily,3,,,Q5683787,1,42.7833,-71.0833,
no,US,El Mundo,Las Vegas,,http://elmundo.net,es,daily,3,,,Q5822579,1,36.1672,-115.1486,
no,US,Purcellville Gazette,,,http://www.purcellvillegazette.com,en,daily,3,,,Q7260920,1,,,no place of publication/headquarters in Wikidata – fill in city
no,US,Purchasing,,,http://www.purchasing.com,en,daily,3,,,Q7260940,1,,,no place of publication/headquarters in Wikidata – fill in city
no,US,Republican-American,,,https://www.rep-am.com/,en,daily,3,,,Q7314565,1,,,no place of publication/headquarters in Wikidata – fill in city
no,US,Review,,,http://research.stlouisfed.org/publications/review/,en,daily,3,,,Q7318342,1,,,no place of publication/headquarters in Wikidata – fill in city
no,US,Rhinelander Daily News,Rhinelander,,http://www.rhinelanderdailynews.com/,en,daily,3,,,Q7320572,1,45.6394,-89.4122,
no,US,Ripsaw,Duluth,,https://theripsaw.net,en,daily,3,,,Q7335751,1,46.7844,-92.1053,language from country default
no,US,Riverdale Review,,,http://riverdale.me,en,daily,3,,,Q7338162,1,,,no place of publication/headquarters in Wikidata – fill in city; language from country default
no,US,Sapulpa Daily Herald,Sapulpa,,https://www.sapulpaherald.com/,en,daily,3,,,Q7421180,1,36.0036,-96.1047,language from country default
no,US,Semiconductor International,,,http://www.semiconductor.net,en,daily,3,,,Q7449386,1,,,no place of publication/headquarters in Wikidata – fill in city
no,US,Show Business,New York City,,http://www.showbusinessweekly.com,en,daily,3,,,Q7502939,1,40.7128,-74.0061,
no,US,Daily American,Somerset,,https://www.dailyamerican.com/,en,daily,3,,,Q5209214,1,40.0069,-79.0814,language from country default
no,US,Daily Chronicle,DeKalb,,https://www.shawlocal.com/daily-chronicle/,en,daily,3,,,Q5209234,1,41.9314,-88.7503,language from country default
no,US,Casual Living,Greensboro,,http://www.casualliving.com,en,daily,3,,,Q5050850,1,36.0725,-79.7903,
no,US,Catholic Family News,,,http://www.cfnews.org/,en,daily,3,,,Q5053161,1,,,no place of publication/headquarters in Wikidata – fill in city
no,US,Catholic Standard,"Washington, D.C.",,http://www.cathstan.org,en,daily,3,,,Q5053240,1,38.8950,-77.0367,
no,US,Chillicothe Constitution-Tribune,Chillicothe,,http://www.chillicothenews.com/,en,daily,3,,,Q5099047,1,39.7931,-93.5519,
no,US,Chronicle-Tribune,Marion,,http://www.chronicle-tribune.com/,en,daily,3,,,Q5114015,1,40.5492,-85.6647,language from country default
no,US,Clinton News-Record,Clinton,,http://www.clintonnewsrecord.ca,en,daily,3,,,Q5134194,1,35.5094,-98.9742,
no,US,Concordia Blade-Empire,Concordia,,http://www.bladeempire.com/,en,daily,3,,,Q5158951,1,39.5692,-97.6583,language from country default
no,US,Construction Equipment,,,http://www.constructionequipment.com,en,daily,3,,,Q5164423,1,,,no place of publication/headquarters in Wikidata – fill in city
no,US,Consulting-Specifying Engineer,Oak Brook,,http://www.csemag.com,en,daily,3,,,Q5164604,1,41.8328,-87.9290,
no,US,Converting,Oak Brook,,http://www.convertingmagazine.com,en,daily,3,,,Q5166504,1,41.8328,-87.9290,
no,US,The Athens Messenger,Athens,,http://www.athensohiotoday.com/,en,daily,3,,,Q7714787,1,39.3292,-82.1011,language from country default
no,US,The Beach Reporter,Hermosa Beach,,http://www.tbrnews.com/,en,daily,3,,,Q7715965,1,33.8664,-118.3997,language from country default
no,US,The Beaumont Enterprise,Beaumont,,http://beaumontenterprise.com/,en,daily,3,,,Q7716160,1,30.0800,-94.1267,language from country default
no,US,The Benton Evening News,"Benton, Illinois",,https://www.bentoneveningnews.com/,en,daily,3,,,Q7716535,1,37.9967,-88.9201,
no,US,The Blackshear Times,Blackshear,,http://www.theblacksheartimes.com/,en,daily,3,,,Q7718512,1,31.2989,-82.2478,
no,US,The Bladen Journal,Elizabethtown,,http://www.bladenjournal.com/,en,daily,3,,,Q7718527,1,34.6256,-78.6122,
no,US,The Bond Buyer,,,http://www.bondbuyer.com/,en,daily,3,,,Q7719087,1,,,no place of publication/headquarters in Wikidata – fill in city
no,US,The Bradenton Herald,Bradenton,,http://www.bradenton.com/,en,daily,3,,,Q7719788,1,27.4833,-82.5833,language from country default
no,US,The Brookings Register,Brookings,,http://www.brookingsregister.com,en,daily,3,,,Q7720321,1,44.3064,-96.7881,language from country default
no,US,The Bryan Times,Bryan,,http://www.bryantimes.com/,en,daily,3,,,Q7720445,1,41.4728,-84.5519,language from country default
no,US,The Call,Woonsocket,,http://www.woonsocketcall.com/,en,daily,3,,,Q7721001,1,42.0083,-71.5161,language from country default
no,US,The Caswell Messenger,Yanceyville,,http://www.caswellmessenger.com/,en,daily,3,,,Q7721606,1,36.4069,-79.3417,language from country default
no,US,The Catholic Transcript,,,http://www.catholictranscript.org,en,daily,3,,,Q7721743,1,,,no place of publication/headquarters in Wikidata – fill in city
no,US,The Catholic Sun,,,http://www.catholicsun.org,en,daily,3,,,Q7721740,1,,,no place of publication/headquarters in Wikidata – fill in city
no,US,The Coast News,Encinitas,,https://thecoastnews.com,en,daily,3,,,Q7726544,1,33.0444,-117.2717,language from country default
no,US,The Coaster,Asbury Park,,http://thecoaster.net/wordpress/,en,daily,3,,,Q7726548,1,40.2225,-74.0122,
no,US,The College Hill Independent,,,http://www.theindy.org/,en,daily,3,,,Q7726754,1,,,no place of publication/headquarters in Wikidata – fill in city; language from country default
no,US,The Covington News,Covington,,http://www.covnews.com/,en,daily,3,,,Q7727890,1,33.6000,-83.8667,
no,US,The Daily Citizen,Searcy,,https://thedailycitizen.com/,en,daily,3,,,Q7728630,1,35.2469,-91.7336,
no,US,The Daily Citizen,Dalton,,http://www.daltondailycitizen.com/,en,daily,3,,,Q7728629,1,34.7711,-84.9717,
no,US,The Daily Dispatch,Henderson,,https://www.hendersondispatch.com/,en,daily,3,,,Q7728644,1,36.3259,-78.4155,language from country default
no,US,Machine Design,New York City,,http://machinedesign.com/IssueArchive/2004/,en,daily,3,,,Q6723638,1,40.7128,-74.0061,
no,US,Manufacturing Business Technology,Madison,,http://www.mbtmag.com,en,daily,3,,,Q6753098,1,43.0747,-89.3842,
no,US,Martins Ferry Times Leader,Martins Ferry,,http://www.timesleaderonline.com/,en,daily,3,,,Q6777204,1,40.0989,-80.7250,language from country default
no,US,McAlester News-Capital,McAlester,,http://www.mcalesternews.com,en,daily,3,,,Q6799886,1,34.9331,-95.7664,language from country default
no,US,Mennonite Quarterly Review,Goshen,,http://www.search.atlaonline.com/pls/eli/eli_bd.volsuper?TXT=n0025-9373,en,daily,3,,,Q6817207,1,41.5819,-85.8367,
no,US,Metro Santa Cruz,Santa Cruz,,http://www.metrosantacruz.com/,en,daily,3,,,Q6824694,1,36.9721,-122.0263,
no,US,Michigan Lawyers Weekly,,,https://milawyersweekly.com/,en,daily,3,,,Q6837593,1,,,no place of publication/headquarters in Wikidata – fill in city
no,US,Mine Safety and Health News,Pittsford,,http://www.minesafety.com/,en,daily,3,,,Q6864091,1,43.0897,-77.5167,
no,US,Modern Machine Shop,Cincinnati,,http://www.mmsonline.com/,en,daily,3,,,Q6888756,1,39.1000,-84.5125,
no,US,Al Noor: The Undergraduate Middle Eastern Studies Journal of Boston College,,,https://www.bcalnoor.org/,en,daily,3,,,Q125522894,1,,,no place of publication/headquarters in Wikidata – fill in city
no,US,The Detroit Jewish News,Southfield,,https://thejewishnews.com/,en,daily,3,,,Q7729873,1,42.4733,-83.2217,
no,US,South Idaho Press,Burley,,http://www.magicvalley.com/,en,daily,3,,,Q7567521,1,42.5361,-113.7928,
no,US,Southwest Daily News,Sulphur,,http://www.sulphurdailynews.com,en,daily,3,,,Q7571262,1,30.2803,-93.3608,language from country default
no,US,Springfield News-Leader,Springfield,,https://news-leader.com,en,daily,3,,,Q7581013,1,37.1950,-93.2861,
no,US,Sun Journal,New Bern,,https://www.newbernsj.com/,en,daily,3,,,Q7638358,1,35.1083,-77.0444,language from country default
no,US,Twice,New York City,,http://www.twice.com,en,daily,3,,,Q7672542,1,40.7128,-74.0061,
no,US,Test & Measurement World,,,http://www.tmworld.com,en,daily,3,,,Q7705700,1,,,no place of publication/headquarters in Wikidata – fill in city
no,US,The Alleghany News,Sparta,,http://www.alleghanynews.com/,en,daily,3,,,Q7713152,1,36.5056,-81.1217,language from country default
no,US,The Anson Record,Wadesboro,,https://ansonrecord.com,en,daily,3,,,Q7713889,1,34.9667,-80.0667,
no,US,Daily Herald,Roanoke Rapids,,http://www.rrdailyherald.com,en,daily,3,,,Q5209267,1,36.4544,-77.6547,language from country default
no,US,Daily Messenger,Canandaigua,,http://www.mpnnow.com,en,daily,3,,,Q5209308,1,42.8861,-77.2817,language from country default
no,US,Daily Press,Escanaba,,http://www.dailypress.net/,en,daily,3,,,Q5209345,1,45.7458,-87.0642,
no,US,Del Rio News-Herald,Del Rio,,http://delrionewsherald.com/,en,daily,3,,,Q5252986,1,29.3708,-100.8958,language from country default
no,US,Dyersburg State Gazette,Dyersburg,,https://www.stategazette.com/,en,daily,3,,,Q5318576,1,36.0394,-89.3828,language from country default
no,US,Houston Voice,,,http://montrose-star.com/,en,daily,3,,,Q5916776,1,,,no place of publication/headquarters in Wikidata – fill in city
no,US,Industrial Distribution,,,http://www.inddist.com/,en,daily,3,,,Q6027589,1,,,no place of publication/headquarters in Wikidata – fill in city
no,US,International Journal of Government Auditing,"Washington, D.C.",,http://www.intosaijournal.org/,en,daily,3,,,Q6051409,1,38.8950,-77.0367,
no,US,Irish Voice,New York City,,http://www.irishvoice.com,en,daily,3,,,Q6071332,1,40.7128,-74.0061,language from country default
no,US,Journal-Courier,Jacksonville,,http://www.myjournalcourier.com,en,daily,3,,,Q6294648,1,39.7319,-90.2344,language from country default
no,US,Journal Press,,,http://www.journalpress.com,en,daily,3,,,Q6294670,1,,,no place of publication/headquarters in Wikidata – fill in city
no,US,Journal Tribune,Biddeford,,http://www.journaltribune.com,en,daily,3,,,Q6294680,1,43.4742,-70.4461,language from country default
no,US,Kinston Free Press,Kinston,,http://www.kinston.com/,en,daily,3,,,Q6414314,1,35.2706,-77.5850,
no,US,Kirksville Daily Express,Kirksville,,http://www.kirksvilledailyexpress.com,en,daily,3,,,Q6415836,1,40.1947,-92.5833,
no,US,The Harvard Voice,Cambridge,,http://www.theharvardvoice.com/,en,daily,3,,,Q7738956,1,42.3750,-71.1061,language from country default
no,US,The Herald News,Fall River,,http://www.heraldnews.com/,en,daily,3,,,Q7739410,1,41.7014,-71.1556,
no,US,The Herald Times Reporter,Manitowoc,,https://www.htrnews.com/,en,daily,3,,,Q7739414,1,44.0990,-87.6810,
no,US,The High Timber Times,Conifer,,http://www.hightimbertimes.com/,en,daily,3,,,Q7739620,1,39.5206,-105.3060,language from country default
no,US,The Holland Sentinel,Holland,,https://www.hollandsentinel.com/,en,daily,3,,,Q7739950,1,42.7875,-86.1089,
no,US,The Daily News Transcript,,,http://www.dailynewstranscript.com/,en,daily,3,,,Q7728688,1,,,no place of publication/headquarters in Wikidata – fill in city
no,US,The Daily News of Newburyport,Newburyport,,http://www.newburyportnews.com/,en,daily,3,,,Q7728689,1,42.8125,-70.8772,
no,US,The Daily Reflector,Greenville,,http://www.Reflector.com,en,daily,3,,,Q7728698,1,35.6017,-77.3725,
no,US,The Daily Review,Towanda,,http://thedailyreview.com/,en,daily,3,,,Q7728703,1,41.7703,-76.4467,
no,US,The Daily Sentinel,Nacogdoches,,https://www.dailysentinel.com/,en,daily,3,,,Q7728706,1,31.6089,-94.6508,
no,US,The Daily Telegram,Adrian,,http://www.lenconnect.com,en,daily,3,,,Q7728723,1,41.8975,-84.0372,
no,US,The Daily World,Aberdeen,,http://www.thedailyworld.com/,en,daily,3,,,Q7728738,1,46.9754,-123.8157,
no,US,The Delaware Wave,Bethany Beach,,https://www.delmarvanow.com/,en,daily,3,,,Q7729645,1,38.5408,-75.0617,language from country default
no,US,The Dominion Post,Morgantown,,http://dominionpost.com,en,daily,3,,,Q7730616,1,39.6336,-79.9506,
no,US,The Durant Daily Democrat,Durant,,https://www.durantdemocrat.com/,en,daily,3,,,Q7731246,1,33.9997,-96.3847,
no,US,The Eagle,Bryan,,https://theeagle.com/,en,daily,3,,,Q7731331,1,30.6656,-96.3667,
no,US,The El Dorado Times,,,http://www.eldoradotimes.com,en,daily,3,,,Q7731679,1,,,no place of publication/headquarters in Wikidata – fill in city
no,US,The Exonian,Exeter,,http://www.theexonian.com/,en,daily,3,,,Q7732807,1,42.9814,-70.9478,
no,US,The Express-Star,Chickasha,,http://www.chickashanews.com,en,daily,3,,,Q7732863,1,35.0383,-97.9461,language from country default
no,US,The Fed,New York City,,http://www.the-fed.net,en,daily,3,,,Q7733613,1,40.7128,-74.0061,language from country default
no,US,The Forecaster,Falmouth,,http://www.theforecaster.net/,en,daily,3,,,Q7734764,1,43.7294,-70.2419,language from country default
no,US,The Forum of Fargo-Moorhead,,,http://inforum.com,en,daily,3,,,Q7734927,1,,,no place of publication/headquarters in Wikidata – fill in city; language from country default
no,US,The Free Press,Mankato,,https://www.mankatofreepress.com/,en,daily,3,,,Q7735206,1,44.1677,-94.0034,
no,US,The Gardner News,Gardner,,http://www.thegardnernews.com/,en,daily,3,,,Q7735871,1,42.5750,-71.9986,
no,US,The Gazette,Chicago,,http://www.gazettechicago.com/,en,daily,3,,,Q7736006,1,41.8819,-87.6278,
no,US,The Globe student newspaper,Pittsburgh,,http://www.pointparkglobe.com,en,daily,3,,,Q7736801,1,40.4417,-80.0000,
no,US,The Goshen News,Goshen,,https://www.goshennews.com/,en,daily,3,,,Q7737356,1,41.5819,-85.8367,language from country default
no,US,Morning Times,Sayre,,http://www.morning-times.com,en,daily,3,,,Q6912909,1,41.9789,-76.5156,language from country default
no,US,Mt. Vernon Register-News,Mount Vernon,,http://www.register-news.com/,en,daily,3,,,Q6930353,1,38.3136,-88.9081,language from country default
no,US,The Jewish Post,,,http://www.jewishpost.com/,en,daily,3,,,Q55950926,1,,,no place of publication/headquarters in Wikidata – fill in city; language from country default
no,US,The News Herald,Panama City,,http://www.newsherald.com/,en,daily,3,,,Q7753911,1,30.1742,-85.6642,language from country default
no,US,The News Herald,Morganton,,https://morganton.com/,en,daily,3,,,Q7753912,1,35.7425,-81.6922,
no,US,The Inquirer and Mirror,Nantucket,,http://www.ack.net/,en,daily,3,,,Q7742124,1,41.2768,-70.0909,
no,US,The Intelligencer,Doylestown,,http://www.theintell.com/,en,daily,3,,,Q7742244,1,40.3128,-75.1289,
no,US,The Item,Sumter,,https://www.theitem.com/,en,daily,3,,,Q7742763,1,33.9206,-80.3447,
no,US,The Journal Record,Oklahoma City,,https://journalrecord.com/,en,daily,3,,,Q7743543,1,35.4822,-97.5353,language from country default
no,US,The Keene Sentinel,Keene,,http://www.sentinelsource.com/,en,daily,3,,,Q7744031,1,42.9336,-72.2781,language from country default
no,US,The Marshall News Messenger,Marshall,,http://www.marshallnewsmessenger.com/,en,daily,3,,,Q7750436,1,32.5500,-94.5000,
no,US,The Martha's Vineyard Times,,,http://www.mvtimes.com/,en,daily,3,,,Q7750447,1,,,no place of publication/headquarters in Wikidata – fill in city
no,US,The MetroWest Daily News,Framingham,,http://www.metrowestdailynews.com/,en,daily,3,,,Q7751193,1,42.2792,-71.4167,
no,US,The Mexico Ledger,Mexico,,http://www.mexicoledger.com,en,daily,3,,,Q7751218,1,39.1658,-91.8847,
no,US,The Morning Journal,Lorain,,http://morningjournal.com,en,daily,3,,,Q7752284,1,41.4483,-82.1689,language from country default
no,US,The Morning News,Florence,,http://www.scnow.com,en,daily,3,,,Q7752288,1,34.1839,-79.7742,
no,US,The Moultrie Observer,Moultrie,,https://moultrieobserver.com/,en,daily,3,,,Q7752457,1,31.1667,-83.7833,language from country default
no,US,The Mount Airy News,Mount Airy,,http://www.mtairynews.com,en,daily,3,,,Q7752466,1,36.5017,-80.6058,
no,US,The Newport Daily News,Newport,,http://www.newportdailynews.com/,en,daily,3,,,Q7753887,1,41.4917,-71.3119,
no,US,The Newport Daily Express,Newport,,https://www.newportvermontdailyexpress.com/,en,daily,3,,,Q7753885,1,44.9442,-72.2044,language from country default
no,US,The News-Star,Monroe,,http://www.thenewsstar.com/,en,daily,3,,,Q7753899,1,32.5094,-92.1183,
no,US,The News-Review,Roseburg,,http://www.nrtoday.com/,en,daily,3,,,Q7753896,1,43.2181,-123.3561,
no,US,The News-Press,Fort Myers,,http://www.news-press.com/,en,daily,3,,,Q7753897,1,26.6167,-81.8333,
no,US,The News Reporter,Whiteville,,http://www.whiteville.com/,en,daily,3,,,Q7753923,1,34.3300,-78.7044,
no,US,The News Sun,Kendallville,,https://www.kpcnews.com/newssun/,en,daily,3,,,Q7753925,1,41.4417,-85.2606,
no,US,The News Tribune,Tacoma,,http://www.thenewstribune.com/,en,daily,3,,,Q7753928,1,47.2525,-122.4475,
no,US,The News Virginian,Waynesboro,,https://newsvirginian.com/,en,daily,3,,,Q7753929,1,38.0697,-78.8944,
no,US,The Olathe News,Olathe,,http://www.theolathenews.com/,en,daily,3,,,Q7754789,1,38.8808,-94.8031,
no,US,The Oldham Era,La Grange,,http://www.oldhamera.com/,en,daily,3,,,Q7754956,1,38.4067,-85.3794,language from country default
no,US,The Oskaloosa Herald,Oskaloosa,,https://www.oskaloosa.com/,en,daily,3,,,Q7755447,1,41.2939,-92.6444,language from country default
no,US,The Paintsville Herald,Paintsville,,http://www.paintsvilleherald.com/,en,daily,3,,,Q7755919,1,37.8114,-82.8067,language from country default
no,US,The Portsmouth Herald,Portsmouth,,https://www.seacoastonline.com/,en,daily,3,,,Q7757825,1,43.0757,-70.7608,
no,US,The Public Record,,,http://www.phillyrecord.com,en,daily,3,,,Q7758698,1,,,no place of publication/headquarters in Wikidata – fill in city
no,US,The Record,Troy,,http://www.troyrecord.com/,en,daily,3,,,Q7759805,1,42.7317,-73.6925,
no,US,The Record Herald,Waynesboro,,http://www.therecordherald.com/,en,daily,3,,,Q7759809,1,39.7536,-77.5819,
no,US,The Register-Herald,Beckley,,http://www.register-herald.com,en,daily,3,,,Q7760063,1,37.7797,-81.1831,language from country default
no,US,The Rockdale Citizen,Conyers,,http://www.rockdalecitizen.com/,en,daily,3,,,Q7761273,1,33.6664,-84.0075,language from country default
no,US,The Santa Clarita Valley Signal,Santa Clarita,,http://www.the-signal.com/,en,daily,3,,,Q7762256,1,34.3917,-118.5426,
no,US,Next Left Notes,New York City,,http://nextleftnotes.org,en,daily,3,,,Q7021053,1,40.7128,-74.0061,language from country default
no,US,Old Crow Review,Easthampton,,http://oldcrow.org/,en,daily,3,,,Q7083798,1,42.2667,-72.6694,
no,US,Olean Times Herald,Olean,,https://www.oleantimesherald.com/,en,daily,3,,,Q7085971,1,42.0819,-78.4321,language from country default
no,US,Packaging Machinery Technology,Paoli,,http://pmtdirect.com,en,daily,3,,,Q7122899,1,40.0408,-75.4900,
no,US,Pittsburgh Catholic,Pittsburgh,,http://www.pittsburghcatholic.org/,en,daily,3,,,Q7199242,1,40.4417,-80.0000,
no,US,Plainsman,Huron,,http://www.plainsman.com,en,daily,3,,,Q7200752,1,44.3592,-98.2181,language from country default
no,US,Plaquemine Post South,Plaquemine,,http://www.postsouth.com,en,daily,3,,,Q7201697,1,30.2842,-91.2406,language from country default
no,US,Portland Alliance,Portland,,http://www.theportlandalliance.org/,en,daily,3,,,Q7231871,1,45.5150,-122.6792,language from country default
no,US,Portsmouth Daily Times,Portsmouth,,http://www.portsmouth-dailytimes.com,en,daily,3,,,Q7232456,1,38.7431,-82.9656,
no,US,Postville Herald,Postville,,http://www.postvillehearld.com/,en,daily,3,,,Q7234524,1,43.0850,-91.5694,language from country default
no,US,Press Enterprise,Bloomsburg,,https://pressenterpriseonline.com,en,daily,3,,,Q7241614,1,41.0025,-76.4581,language from country default
no,US,Professional Remodeler,Arlington Heights,,http://www.proremodeler.com,en,daily,3,,,Q7248018,1,42.0950,-87.9808,
no,US,Public Opinion,Chambersburg,,http://www.publicopiniononline.com,en,daily,3,,,Q7257476,1,39.9347,-77.6561,language from country default
no,US,The Southern Illinoisan,Carbondale,,https://thesouthern.com/,en,daily,3,,,Q7765574,1,37.7264,-89.2203,language from country default
no,US,The Star-News,Chula Vista,,http://www.thestarnews.com/,en,daily,3,,,Q7766250,1,32.6278,-117.0481,
no,US,The State Journal-Register,Springfield,,http://www.sj-r.com,en,daily,3,,,Q7766369,1,39.7975,-89.6450,
no,US,The Taos News,Taos,,http://www.taosnews.com/,en,daily,3,,,Q7768113,1,36.4072,-105.5733,
no,US,The Telegraph,Nashua,,http://www.nashuatelegraph.com/,en,daily,3,,,Q7768283,1,42.7575,-71.4644,
no,US,The Tifton Gazette,Tifton,,http://www.tiftongazette.com/,en,daily,3,,,Q7769239,1,31.4633,-83.5100,language from country default
no,US,The Times-Tribune,Corbin,,http://www.thetimestribune.com/,en,daily,3,,,Q7769384,1,36.9417,-84.0956,language from country default
no,US,The Times,,,http://www.pawtuckettimes.com/,en,daily,3,,,Q7769389,1,,,no place of publication/headquarters in Wikidata – fill in city
no,US,The Times Record,Brunswick,,http://www.timesrecord.com/,en,daily,3,,,Q7769402,1,43.9108,-69.9631,
no,US,The Times and Democrat,Orangeburg,,http://thetandd.com/,en,daily,3,,,Q7769411,1,33.4919,-80.8553,
no,US,The Tribeca Trib,New York City,,http://tribecatrib.com,en,daily,3,,,Q7770186,1,40.7128,-74.0061,language from country default
no,US,The Umpqua Post,Reedsport,,http://www.theumpquapost.com/,en,daily,3,,,Q7771259,1,43.6989,-124.1122,language from country default
no,US,The Union-Recorder,Milledgeville,,http://www.unionrecorder.com/,en,daily,3,,,Q7771542,1,33.0803,-83.2321,
no,US,The Valdosta Daily Times,Valdosta,,http://www.valdostadailytimes.com/,en,daily,3,,,Q7771910,1,30.8467,-83.2831,language from country default
no,US,The Villager,The Woodlands,,http://www.yourhoustonnews.com/woodlands/,en,daily,3,,,Q7772679,1,30.1775,-95.5039,language from country default
no,US,The Wake Weekly,Wake Forest,,http://www.wakeweekly.com/index.php,en,daily,3,,,Q7773244,1,35.9733,-78.5189,language from country default
no,US,The Wellington Daily News,Wellington,,http://www.wellingtondailynews.com,en,daily,3,,,Q7774220,1,37.2672,-97.4000,
no,US,The Westfield News,Westfield,,http://thewestfieldnews.com/,en,daily,3,,,Q7774324,1,42.1251,-72.7495,
no,US,The York Dispatch,York,,https://www.yorkdispatch.com/,en,daily,3,,,Q7776717,1,39.9628,-76.7281,
no,US,Thomasville Times-Enterprise,Thomasville,,https://www.timesenterprise.com/,en,daily,3,,,Q7795630,1,30.8364,-83.9783,language from country default
no,US,Tipp City Independent Voice,Tipp City,,http://tippvoice.com/,en,daily,3,,,Q7808856,1,39.9639,-84.1836,
no,US,Tribune Chronicle,Warren,,http://www.tribtoday.com/,en,daily,3,,,Q7840489,1,41.2383,-80.8144,language from country default
no,US,Villager,,,http://www.myvillager.com,en,daily,3,,,Q7930750,1,,,no place of publication/headquarters in Wikidata – fill in city
no,US,Washington Times-Herald,Washington,,http://www.washtimesherald.com/,en,daily,3,,,Q7972345,1,38.6583,-87.1750,
no,US,Watertown Public Opinion,Watertown,,http://www.thepublicopinion.com/,en,daily,3,,,Q7974505,1,44.9033,-97.1206,
no,US,Weekender,Wilkes-Barre,,http://www.theweekender.com/,en,daily,3,,,Q7979472,1,41.2444,-75.8781,
no,US,Wharton Journal-Spectator,Wharton,,http://www.journal-Spectator.com,en,daily,3,,,Q7990718,1,29.3169,-96.0969,language from country default
no,US,York Daily Record,York,,http://ydr.com,en,daily,3,,,Q8055436,1,39.9628,-76.7281,language from country default
no,US,Treasure Coast Newspapers,Florida,,https://www.tcpalm.com/,en,daily,3,,,Q16933716,1,28.1333,-81.6317,language from country default
no,US,The Mountaineer,Waynesville,,http://www.themountaineer.com,en,daily,3,,,Q16938395,1,35.4944,-82.9906,language from country default
no,US,Monadnock Ledger-Transcript,Peterborough,,https://www.ledgertranscript.com/,en,daily,3,,,Q16947173,1,42.8706,-71.9517,language from country default
no,US,Courier Times,Roxboro,,http://www.roxboro-courier.com,en,daily,3,,,Q16952273,1,36.3917,-78.9819,language from country default
no,US,Bossier Press-Tribune,Bossier City,,https://bossierpress.com/,en,daily,3,,,Q16952908,1,32.5178,-93.6914,language from country default
no,US,Leesville Daily Leader,Leesville,,http://www.leesvilledailyleader.com,en,daily,3,,,Q16960213,1,31.1436,-93.2711,
no,US,New Journal and Guide,,,http://www.thenewjournalandguide.com/,en,daily,3,,,Q16982561,1,,,no place of publication/headquarters in Wikidata – fill in city
no,US,Colorado Springs Business Journal,,,http://csbj.com,en,daily,3,,,Q16988500,1,,,no place of publication/headquarters in Wikidata – fill in city
no,US,JournalNews,Liberty Township,,http://www.journal-news.com,en,daily,3,,,Q16997919,1,39.3983,-84.4164,
no,US,Nebraska City News-Press,Nebraska City,,http://www.ncnewspress.com/,en,daily,3,,,Q17027475,1,40.6761,-95.8597,
no,US,The Wanderer,Saint Paul,,https://thewandererpress.com/,en,daily,3,,,Q17030670,1,44.9442,-93.0936,
no,US,New Buffalo Times,New Buffalo,,http://www.newbuffalotimes.com/,en,daily,3,,,Q17057324,1,41.7939,-86.7439,language from country default
no,US,News and Tribune,Jeffersonville,,http://www.newsandtribune.com/,en,daily,3,,,Q17071648,1,38.2956,-85.7314,language from country default
no,US,Northeast Mississippi Daily Journal,Tupelo,,http://djournal.com,en,daily,3,,,Q17072108,1,34.2576,-88.7034,
no,US,Peabody Gazette-Bulletin,Peabody,,http://www.peabodykansas.com,en,daily,3,,,Q17074420,1,38.1689,-97.1072,language from country default
no,US,The Saguache Crescent,Saguache,,http://sag.stparchive.com/archives.php,en,daily,3,,,Q17079061,1,38.0872,-106.1410,
no,US,The Southside Times,Indianapolis,,http://www.ss-times.com/,en,daily,3,,,Q17082463,1,39.7686,-86.1581,language from country default
no,US,The Times-Gazette,United States,,http://www.timesgazette.com/,en,daily,3,,,Q17086738,1,39.8282,-98.5795,
no,US,The Wakefield Daily Item,Wakefield,,http://www.wakefielditem.com/,en,daily,3,,,Q17089123,1,42.5064,-71.0733,language from country default
no,US,The First Line,Plano,,http://www.thefirstline.com/,en,daily,3,,,Q17119262,1,33.0500,-96.7500,
no,US,The Florida Star,Jacksonville,,http://www.thefloridastar.com/,en,daily,3,,,Q18149996,1,30.3167,-81.6500,language from country default
no,US,Jersey City Independent,,,https://www.jerseycityindependent.com,en,daily,3,,,Q18151185,1,,,no place of publication/headquarters in Wikidata – fill in city; language from country default
no,US,Lewiston Morning Tribune,Lewiston,,https://lmtribune.com,en,daily,3,,,Q18151658,1,46.4002,-117.0010,
no,US,Multi-Housing News,New York City,,http://www.multihousingnews.com,en,daily,3,,,Q18156718,1,40.7128,-74.0061,
no,US,The Fort Leavenworth Lamp,Leavenworth,,http://www.ftleavenworthlamp.com/,en,daily,3,,,Q18708366,1,39.3111,-94.9225,
no,US,Cancer Therapy Advisor,United States,,http://cancertherapyadvisor.com,en,daily,3,,,Q19321823,1,39.8282,-98.5795,
no,US,City & State,New York City,,http://cityandstateny.com,en,daily,3,,,Q15059312,1,40.7128,-74.0061,
no,US,Home and Away (newspaper),New York City,,http://www.irishcentral.com,en,daily,3,,,Q15059313,1,40.7128,-74.0061,language from country default
no,US,Roads & Bridges,Arlington Heights,,http://www.roadsbridges.com,en,daily,3,,,Q15733706,1,42.0950,-87.9808,
no,US,Imaging Technology News,Arlington Heights,,http://www.itnonline.com,en,daily,3,,,Q15733726,1,42.0950,-87.9808,
no,US,IndustryWeek Magazine,Cleveland,,http://www.industryweek.com,en,daily,3,,,Q15862139,1,41.4992,-81.6947,
no,US,Packaging Digest,Oak Brook,,http://www.packagingdigest.com,en,daily,3,,,Q15862143,1,41.8328,-87.9290,
no,US,Pulaski Citizen,Pulaski,,https://www.pulaskicitizen.com,en,daily,3,,,Q55630766,1,35.1958,-87.0344,language from country default
no,US,The Daily Post Athenian,Athens,,https://www.dailypostathenian.com/,en,daily,3,,,Q55635149,1,35.4482,-84.6021,language from country default
no,US,The News-Gazette,Winchester,,https://www.winchesternewsgazette.com/,en,daily,3,,,Q55635419,1,40.1731,-84.9775,language from country default
no,US,The Record Observer,Easton,,https://www.myeasternshoremd.com/qa/record_observer/,en,daily,3,,,Q55635503,1,38.7717,-76.0706,language from country default
no,US,The Times,Brownsville,,https://thebrownsvilletimes.com/,en,daily,3,,,Q19604587,1,44.3933,-122.9836,language from country default
no,US,Freeman Courier,Freeman,,https://www.freemansd.com/,en,daily,3,,,Q19880463,1,43.3522,-97.4342,language from country default
no,US,The News of Orange County,Hillsborough,,http://www.newsoforange.com/,en,daily,3,,,Q19881311,1,36.0706,-79.1042,
no,US,Le Soleil de la Floride,Hollywood,,http://www.lesoleildelafloride.com,fr,daily,3,,,Q19973883,1,26.0214,-80.1750,
no,US,El Hispano,Municipio de Upper Darby,,http://el-hispano.com,es,daily,3,,,Q48971346,1,39.9583,-75.3081,
no,US,The Gaffney Ledger,Gaffney,,https://www.gaffneyledger.com/,en,daily,3,,,Q48977320,1,35.0719,-81.6531,
no,US,The Nonpartisan Leader,Saint Paul,,http://books.google.com/books?id=4UgtAQAAMAAJ,en,daily,3,,,Q51643150,1,44.9442,-93.0936,
no,US,Cape Gazette,Lewes,,http://capegazette.villagesoup.com,en,daily,3,,,Q20709219,1,38.7750,-75.1417,
no,US,The Finnish American Reporter,Hancock,,https://fahc.finlandiafoundation.org/far,en,daily,3,,,Q22681290,1,47.1267,-88.5847,
no,US,Middlesboro Daily News,Middlesboro,,http://middlesborodailynews.com,en,daily,3,,,Q25021539,1,36.6100,-83.7231,
no,US,The Yellow Jacket,,,https://theyellowjacket.org/,en,daily,3,,,Q25212737,1,,,no place of publication/headquarters in Wikidata – fill in city
no,US,Emmons County Record,Linton,,https://www.ecrecord.com/,en,daily,3,,,Q27963394,1,46.2683,-100.2322,
no,US,AdVantage News,,,http://advantagenews.com/,en,daily,3,,,Q28231550,1,,,no place of publication/headquarters in Wikidata – fill in city; language from country default
no,US,New Haven Independent,New Haven,,https://www.newhavenindependent.org/,en,daily,3,,,Q28404112,1,41.3083,-72.9250,language from country default
no,US,Blue Mountain Eagle,John Day,,https://www.bluemountaineagle.com/,en,daily,3,,,Q28451735,1,44.4181,-118.9550,language from country default
no,US,Winston-Salem Chronicle,Winston-Salem,,https://wschronicle.com/,en,daily,3,,,Q29095210,1,36.1025,-80.2606,language from country default
no,US,Tipton Times,Tipton,,https://www.vernonpublishing.com/Times/News,en,daily,3,,,Q56137033,1,38.6547,-92.7789,language from country default
no,US,Dillsburg Banner,Dillsburg,,http://www.dillsburgbanner.net/,en,daily,3,,,Q56137040,1,40.1114,-77.0358,language from country default
no,US,La Oferta,San José,,http://www.laoferta.com/,es,daily,3,,,Q56236394,1,37.3042,-121.8728,
no,US,Post Independent,Glenwood Springs,,https://www.postindependent.com/,en,daily,3,,,Q56236406,1,39.5500,-107.3167,
no,US,Journal Review,Crawfordsville,,http://www.journalreview.com,en,daily,3,,,Q56236542,1,40.0389,-86.8967,
no,US,Sentinel,Fairmont,,https://www.fairmontsentinel.com/,en,daily,3,,,Q56236692,1,43.6522,-94.4611,language from country default
no,US,Daily Journal,Fergus Falls,,https://www.fergusfallsjournal.com/,en,daily,3,,,Q56236693,1,46.2830,-96.0776,
no,US,The Pilot,Southern Pines,,https://www.thepilot.com,en,daily,3,,,Q56236793,1,35.1819,-79.3983,language from country default
no,US,The Record-Courier,Gardnerville,,https://www.recordcourier.com/,en,daily,3,,,Q56236843,1,38.9408,-119.7440,
no,US,Reno News & Review,Reno,,https://renonr.com/,en,daily,3,,,Q56236844,1,39.5261,-119.8125,
no,US,Oneida Dispatch,Oneida,,https://www.oneidadispatch.com/,en,daily,3,,,Q56236855,1,43.0850,-75.6533,
no,US,The News-Messenger,Fremont,,https://www.thenews-messenger.com/,en,daily,3,,,Q56236873,1,41.3489,-83.1172,language from country default
no,US,Times Recorder,Zanesville,,https://www.zanesvilletimesrecorder.com,en,daily,3,,,Q56236895,1,39.9461,-82.0122,language from country default
no,US,Albany News,Albany,,https://www.thealbanynews.net/,en,daily,3,,,Q56236973,1,32.7269,-99.2944,language from country default
no,US,Athens News,Athens,,http://www.athensnews.com,en,daily,3,,,Q56445979,1,39.3292,-82.1011,
no,US,Mountain Times,Killington,,http://mountaintimes.info/,en,daily,3,,,Q57784607,1,43.6647,-72.7933,
no,US,Lake Champlain Islander,North Hero,,https://www.theislandernewspaper.com,en,daily,3,,,Q57784761,1,44.8317,-73.2739,language from country default
no,US,Montpelier Bridge,Montpelier,,http://www.montpelierbridge.com/,en,daily,3,,,Q57786175,1,44.2659,-72.5717,language from country default
no,US,Smoke Signals,Grand Ronde,,https://www.smokesignals.org,en,daily,3,,,Q57955710,1,45.0600,-123.6092,
no,US,Salem Reporter,Salem,,https://salemreporter.com,en,online,3,,,Q57982430,1,44.9400,-123.0389,"language from country default; types: daily, online"
no,US,Charlotte Citizen,Charlotte,,http://www.thecitizenvt.com/,en,daily,3,,,Q57983428,1,44.3089,-73.2359,language from country default
no,US,Vermont Eagle,Middlebury,,https://www.suncommunitynews.com/articles/the-vermont-eagle,en,daily,3,,,Q57983452,1,44.0043,-73.1224,language from country default
no,US,Vermont Standard,Woodstock,,https://thevermontstandard.com/,en,daily,3,,,Q57983527,1,43.6242,-72.5183,
no,US,Williston Observer,Williston,,http://www.willistonobserver.com,en,daily,3,,,Q57983613,1,44.4376,-73.0682,language from country default
no,US,Lakes Region Free Press,Poultney,,http://manchesternewspapers.com/category/lakes-region-freepress/,en,daily,3,,,Q58087765,1,43.5169,-73.2372,language from country default
no,US,The Stuart News,Stuart,,http://www.stuartnews.com/,en,daily,3,,,Q59013812,1,27.1972,-80.2531,
no,US,The Chicago Crusader,Chicago,,https://chicagocrusader.com/,en,daily,3,,,Q59472098,1,41.8819,-87.6278,
no,US,Baltimore Jewish Life,,,https://baltimorejewishlife.com/,en,daily,3,,,Q60761694,1,,,no place of publication/headquarters in Wikidata – fill in city
no,US,Ocracoke Observer,Ocracoke,,http://www.ocracokeobserver.com/,en,daily,3,,,Q60767357,1,35.1128,-75.9758,
no,US,Black & White,,,https://web.archive.org/web/20140221054200/http://www.bwcitypaper.com,en,daily,3,,,Q65052516,1,,,no place of publication/headquarters in Wikidata – fill in city; language from country default
no,US,THE CITY,Koreatown,,https://www.thecityreporter.nyc/,en,daily,3,,,Q65062863,1,40.7470,-73.9870,language from country default
no,US,The Pacific Commercial Advertiser,Honolulu,,http://gale.cengage.com/usnewspapers/,en,daily,3,,,Q100279673,1,21.3047,-157.8572,
no,US,El Especialito,,,https://elespecialitomk.com,en,daily,3,,,Q85758797,1,,,no place of publication/headquarters in Wikidata – fill in city; language from country default
no,US,The Daily Record,Dunn,,http://www.mydailyrecord.com/,en,daily,3,,,Q85806920,1,35.3103,-78.6108,language from country default
no,US,Angleton Times,,,http://angletontimes.com/,en,daily,3,,,Q96372091,1,,,no place of publication/headquarters in Wikidata – fill in city; language from country default
no,US,The Utah Statesman,Logan,,https://usustatesman.com/,en,daily,3,,,Q100285695,1,41.7378,-111.8308,
no,US,The Coastland Times,Manteo,,https://www.thecoastlandtimes.com,en,daily,3,,,Q100289468,1,35.9047,-75.6694,language from country default
no,US,The Herald-Palladium,St. Joseph,,http://www.heraldpalladium.com/,en,daily,3,,,Q100298819,1,42.0981,-86.4842,language from country default
no,US,Creative Loafing Tampa Bay,Tampa,,https://www.cltampa.com/,en,daily,3,,,Q112227808,1,27.9475,-82.4586,
no,US,The San Francisco Standard,,,https://sfstandard.com,en,daily,3,,,Q113555048,1,,,no place of publication/headquarters in Wikidata – fill in city
no,US,The Evangelist,,,https://evangelist.org,en,daily,3,,,Q113696101,1,,,no place of publication/headquarters in Wikidata – fill in city
no,US,Cherokee One Feather,,,https://theonefeather.com/,en,daily,3,,,Q116164313,1,,,no place of publication/headquarters in Wikidata – fill in city
no,US,Los Angeles Blade,Los Angeles,,https://www.losangelesblade.com/,en,daily,3,,,Q116753836,1,34.0522,-118.2437,
no,US,Critical Review,,,http://www.thecriticalreview.org/,en,daily,3,,,Q5186659,1,,,no place of publication/headquarters in Wikidata – fill in city
no,US,Georgetown Law Weekly,"Washington, D.C.",,http://www.gulawweekly.org/,en,daily,3,,,Q5547021,1,38.8950,-77.0367,
no,US,Scholastic,University of Notre Dame,,https://scholastic.nd.edu/,en,daily,3,,,Q7432068,1,41.7000,-86.2389,language from country default
no,US,Technician,Raleigh,,https://www.technicianonline.com/,en,daily,3,,,Q7692370,1,35.7800,-78.6400,
no,US,The Daily Collegian,,,http://www.collegian.psu.edu,en,daily,3,,,Q7728633,1,,,no place of publication/headquarters in Wikidata – fill in city
no,US,Ames Tribune,,,http://www.amestribune.com,en,daily,3,,,Q4745887,1,,,no place of publication/headquarters in Wikidata – fill in city
no,US,The Ark,Tiburon,,https://www.thearknewspaper.com,en,daily,3,,,Q133862506,1,37.8736,-122.4567,
no,US,Journal-News Pulse,Liberty Township,,http://www.todayspulse.com/,en,weekly,3,,,Q7758721,1,39.3983,-84.4164,"types: daily, weekly"
no,US,San Angelo Standard-Times,San Angelo,,http://gosanangelo.com/,en,daily,3,,,Q7413271,1,31.4500,-100.4500,language from country default
no,US,Southwest Times Record,Fort Smith,,http://www.swtimes.com/,en,daily,3,,,Q7571364,1,35.3500,-94.3667,
no,US,The Conway Daily Sun,North Conway,,http://www.conwaydailysun.com/,en,daily,3,,,Q7727534,1,44.0531,-71.1281,language from country default
no,US,The Daily Comet,Thibodaux,,http://dailycomet.com/,en,daily,3,,,Q7728634,1,29.7922,-90.8200,language from country default
no,US,The Massachusetts Daily Collegian,,,http://www.dailycollegian.com/,en,daily,3,,,Q7728632,1,,,no place of publication/headquarters in Wikidata – fill in city
no,US,The Daily Progress,Charlottesville,,https://dailyprogress.com/,en,daily,3,,,Q7728696,1,38.0299,-78.4790,
no,US,The Gaston Gazette,Gastonia,,https://www.gastongazette.com/,en,daily,3,,,Q7735901,1,35.2553,-81.1803,language from country default
no,US,The Herald Journal,Logan,,http://www.hjnews.com,en,daily,3,,,Q7739409,1,41.7378,-111.8308,language from country default
no,US,The Idaho Press-Tribune,Nampa,,http://www.idahopress.com/,en,daily,3,,,Q7741320,1,43.5747,-116.5636,language from country default
no,US,The Star,Shelby,,https://www.shelbystar.com,en,daily,3,,,Q7763749,1,35.2883,-81.5378,language from country default
no,US,Times-Journal,Fort Payne,,http://www.times-journal.com/,en,daily,3,,,Q7806506,1,34.4538,-85.7066,
no,US,Times-News,Burlington,,http://www.thetimesnews.com,en,daily,3,,,Q7806507,1,36.0897,-79.4456,language from country default
no,US,Yuma Sun,,,http://www.yumasun.com/,en,daily,3,,,Q8061046,1,,,no place of publication/headquarters in Wikidata – fill in city
no,US,LNP,,,https://lancasteronline.com/,en,daily,3,,,Q28452415,1,,,no place of publication/headquarters in Wikidata – fill in city; language from country default
no,US,Artificial Intelligence for the Earth Systems,,,https://journals.ametsoc.org/view/journals/aies/aies-overview.xml,en,online,3,,,Q139270823,1,,,no place of publication/headquarters in Wikidata – fill in city
no,US,The Richmonder,Richmond,,https://www.richmonder.org,en,online,3,,,Q139552337,1,37.5408,-77.4367,language from country default
no,US,Between the Lines,Livonia,,http://pridesource.com,en,daily,3,,,Q4899188,1,42.4011,-83.3711,
no,US,Erie Gay News,,,http://eriegaynews.com,en,daily,3,,,Q5388308,1,,,no place of publication/headquarters in Wikidata – fill in city
no,US,Bay Windows,Boston,,https://www.baywindows.com/,en,daily,3,,,Q22059489,1,42.3603,-71.0578,
no,US,New Orleans CityBusiness,New Orleans,,http://www.neworleanscitybusiness.com,en,daily,3,,,Q7010707,1,29.9761,-90.0783,language from country default
no,US,Northwest Labor Press,Portland,,http://nwlaborpress.org/,en,daily,3,,,Q7060102,1,45.5150,-122.6792,
no,US,True Dakotan,Wessington Springs,,http://www.truedakotan.com,en,weekly,3,,,Q17087609,1,44.0819,-98.5703,language from country default
no,US,The Alaska Landmine,,,https://alaskalandmine.com/,en,online,3,,,Q140814205,1,,,no place of publication/headquarters in Wikidata – fill in city; language from country default
no,US,Florida Politics,,,https://floridapolitics.com,en,online,3,,,Q123170868,1,,,no place of publication/headquarters in Wikidata – fill in city
no,US,DCist,,,https://dcist.com/,en,online,3,,,Q130381070,1,,,no place of publication/headquarters in Wikidata – fill in city
no,US,CT Insider,,,https://www.ctinsider.com/,en,online,3,,,Q131309147,1,,,no place of publication/headquarters in Wikidata – fill in city
no,US,Endpoints News,,,https://endpoints.news/,en,online,3,,,Q135524481,1,,,no place of publication/headquarters in Wikidata – fill in city
no,US,MTV Iggy,,,http://mtviggy.com,en,online,3,,,Q137574918,1,,,no place of publication/headquarters in Wikidata – fill in city; language from country default
no,US,Bolavip/en,New York City,,https://bolavip.com/en,en,online,3,,,Q138135656,1,40.7128,-74.0061,
no,US,Block Club Chicago,Chicago,,https://blockclubchicago.org,en,online,3,,,Q85747742,1,41.8819,-87.6278,language from country default
no,US,Montana Free Press,,,https://montanafreepress.org/,en,online,3,,,Q85786163,1,,,no place of publication/headquarters in Wikidata – fill in city; language from country default
no,US,Y'all Politics,,,https://yallpolitics.com/,en,online,3,,,Q85816492,1,,,no place of publication/headquarters in Wikidata – fill in city; language from country default
no,US,Law & Crime,,,https://lawandcrime.com/,en,online,3,,,Q104007059,1,,,no place of publication/headquarters in Wikidata – fill in city; language from country default
no,US,Wall Street Italia,Italy,IT,http://www.wallstreetitalia.com,en,online,3,exile,,Q4017828,1,42.5000,12.5000,language from country default; newsroom abroad (IT) – exile?
no,US,Everyday Health,New York City,,https://www.everydayhealth.com,en,online,3,,,Q5417806,1,40.7128,-74.0061,language from country default
seeded,US,Guardian US,New York City,,https://www.theguardian.com/us,en,online,3,,,Q5614028,1,40.7128,-74.0061,language from country default
no,US,KOB4,Albuquerque,,https://kob.com,en,online,3,,,Q6334771,1,35.0844,-106.6503,language from country default
no,US,Next Avenue,,,http://www.nextavenue.org/,en,online,3,,,Q7020960,1,,,no place of publication/headquarters in Wikidata – fill in city; language from country default
no,US,NC Newsline,,,https://ncnewsline.com/,en,online,3,,,Q16920498,1,,,no place of publication/headquarters in Wikidata – fill in city; language from country default
no,US,WhoWhatWhy,,,https://whowhatwhy.org/,en,online,3,,,Q16967509,1,,,no place of publication/headquarters in Wikidata – fill in city; language from country default
no,US,Greater Greater Washington,"Washington, D.C.",,http://greatergreaterwashington.org/,en,online,3,,,Q21283241,1,38.8950,-77.0367,
no,US,Civil Eats,,,https://civileats.com/,en,online,3,,,Q25038017,1,,,no place of publication/headquarters in Wikidata – fill in city; language from country default
no,US,Publishers Marketplace,Bronxville,,https://publishersmarketplace.com/,en,online,3,,,Q48992433,1,40.9400,-73.8261,language from country default
no,US,The College Fix,,,https://www.thecollegefix.com,en,online,3,,,Q55635130,1,,,no place of publication/headquarters in Wikidata – fill in city
no,US,Chalkbeat,,,https://www.chalkbeat.org/,en,online,3,,,Q67482838,1,,,no place of publication/headquarters in Wikidata – fill in city; language from country default
no,US,Gematsu,,,https://www.gematsu.com,en,online,3,,,Q104627194,1,,,no place of publication/headquarters in Wikidata – fill in city
no,US,CGMagazine,Toronto,CA,http://www.cgmagonline.com/,en,online,3,exile,,Q109546528,1,43.6703,-79.3867,language from country default; newsroom abroad (CA) – exile?
no,US,Adrenaline Vault,,,http://www.avault.com,en,online,3,,,Q113350368,1,,,no place of publication/headquarters in Wikidata – fill in city; language from country default
no,US,Awful Announcing,,,https://awfulannouncing.com/,en,online,3,,,Q130899972,1,,,no place of publication/headquarters in Wikidata – fill in city; language from country default
no,US,Steam Deck HQ,,,https://steamdeckhq.com,en,online,3,,,Q133819303,1,,,no place of publication/headquarters in Wikidata – fill in city
no,US,Gaming Target,,,http://www.gamingtarget.com,en,online,3,,,Q5520197,1,,,no place of publication/headquarters in Wikidata – fill in city; language from country default
no,US,onGamers,San Francisco,,http://www.ongamers.com/,en,online,3,,,Q17042669,1,37.7750,-122.4194,
no,US,Punchbowl News,,,http://punchbowl.news/,en,online,3,,,Q106696268,1,,,no place of publication/headquarters in Wikidata – fill in city; language from country default
no,US,Native News Online,,,https://nativenewsonline.net/,en,online,3,,,Q107174578,1,,,no place of publication/headquarters in Wikidata – fill in city; language from country default
no,US,Tribal Business News,,,https://tribalbusinessnews.com/,en,online,3,,,Q107174675,1,,,no place of publication/headquarters in Wikidata – fill in city; language from country default
no,US,InsideSources,"Washington, D.C.",,https://insidesources.com/,en,online,3,,,Q107456777,1,38.8950,-77.0367,
no,US,New Jersey Globe,,,https://newjerseyglobe.com/,en,online,3,,,Q107901416,1,,,no place of publication/headquarters in Wikidata – fill in city
no,US,Borderless Magazine,,,https://borderlessmag.org,en,online,3,,,Q108030133,1,,,no place of publication/headquarters in Wikidata – fill in city; language from country default
no,US,News2Share,"Washington, D.C.",,https://news2share.com/,en,online,3,,,Q108275936,1,38.8950,-77.0367,language from country default
no,US,Border Report,,,http://borderreport.com/,en,online,3,,,Q111940086,1,,,no place of publication/headquarters in Wikidata – fill in city; language from country default
no,US,Geopolitical Futures,Texas,,https://geopoliticalfutures.com/,en,online,3,,,Q112609725,1,31.0000,-100.0000,language from country default
no,US,CalMatters,Sacramento,,https://calmatters.org/,en,online,3,,,Q113517589,1,38.5753,-121.4861,language from country default
no,US,Maine Beacon,,,https://mainebeacon.com/,en,online,3,,,Q113908965,1,,,no place of publication/headquarters in Wikidata – fill in city; language from country default
no,US,Minnesota Reformer,,,https://minnesotareformer.com/,en,online,3,,,Q113909909,1,,,no place of publication/headquarters in Wikidata – fill in city; language from country default
no,US,New Jersey Monitor,,,https://newjerseymonitor.com/,en,online,3,,,Q113950114,1,,,no place of publication/headquarters in Wikidata – fill in city; language from country default
no,US,Tennessee Lookout,,,https://tennesseelookout.com/,en,online,3,,,Q113950270,1,,,no place of publication/headquarters in Wikidata – fill in city; language from country default
no,US,Times of San Diego,,,http://timesofsandiego.com/,en,online,3,,,Q22078247,1,,,no place of publication/headquarters in Wikidata – fill in city
no,US,CommonWealth Beacon,,,https://commonwealthbeacon.org/,en,online,3,,,Q132369878,1,,,no place of publication/headquarters in Wikidata – fill in city
no,US,APNews.com,,,https://apnews.com,en,online,3,,,Q138330477,1,,,no place of publication/headquarters in Wikidata – fill in city
no,US,Pure Nintendo Magazine,,,http://purenintendo.com/,en,online,3,,,Q17042788,1,,,no place of publication/headquarters in Wikidata – fill in city
no,US,Carolina Journal,,,https://www.carolinajournal.com/,en,magazine,3,,,Q124427187,1,,,no place of publication/headquarters in Wikidata – fill in city
no,US,City & State Pennsylvania,,,https://www.cityandstatepa.com/,en,magazine,3,,,Q130941351,1,,,no place of publication/headquarters in Wikidata – fill in city
no,US,Derry News,Derry,,https://www.derrynews.com/,en,daily,3,,,Q5263202,0,42.8806,-71.3272,language from country default
no,US,Education Update,Manhattan,,http://www.educationupdate.com,en,daily,3,,,Q5340930,0,40.7283,-73.9942,language from country default
no,US,UVA Today,Charlottesville,,https://news.virginia.edu/,en,daily,3,,,Q107227683,0,38.0299,-78.4790,language from country default
no,US,EcoWatch,Moreland Hills,,https://www.ecowatch.com/,en,online,3,,,Q120356432,0,41.4406,-81.4253,"types: daily, online"
no,US,Tribal Tribune,Colville Indian Reservation,,https://www.tribaltribune.com/,en,daily,3,,,Q140646655,0,48.2297,-118.8728,
no,US,Buffalo Center Tribune,Buffalo Center,,http://thebuffalocentertribune.com/,en,daily,3,,,Q4985688,0,43.3864,-93.9483,language from country default
no,US,Aleph,Los Angeles,,http://aleph.humanities.ucla.edu/,en,daily,3,,,Q101237684,0,34.0522,-118.2437,
no,US,Asian Pacific American Law Journal,Los Angeles,,https://law.ucla.edu/academics/journals/asian-pacific-american-law-journal,en,daily,3,,,Q103838323,0,34.0522,-118.2437,
no,US,La Jolla Village News,La Jolla,,https://sdnews.com/la-jolla-village-news/,en,daily,3,,,Q55665557,0,32.8400,-117.2769,language from country default
no,US,Aerotech News and Review,Lancaster,,http://aerotechnews.com,en,daily,3,,,Q4688482,0,34.6869,-118.1542,
no,US,Alachua County Today,Alachua,,http://www.alachuatoday.com/,en,daily,3,,,Q4705451,0,29.7792,-82.4797,
no,US,The Chronicle,Beloit,,http://www.beloitchronicle.com/,en,weekly,3,,,Q101428351,0,42.5083,-89.0317,"language from country default; types: daily, weekly"
no,US,Hawaii 24/7,Hawaii,,http://www.hawaii247.com,en,daily,3,,,Q5684224,0,19.5900,-155.4350,
no,US,Cherry Creek News,Denver,,https://thecherrycreeknews.com,en,daily,3,,,Q5092325,0,39.7392,-104.9847,
no,US,The Hawaii Independent,Hawaii,,https://thehawaiiindependent.com/,en,online,3,,,Q7739057,0,21.5000,-158.0000,"language from country default; types: daily, online"
no,US,The McDonough County Voice,Macomb,,http://www.mcdonoughvoice.com,en,daily,3,,,Q7750762,0,40.4721,-90.6817,language from country default
no,US,The Noise,,,http://thenoise.us,en,daily,3,,,Q7754267,0,,,no place of publication/headquarters in Wikidata – fill in city; language from country default
no,US,The Spectator,,,http://www.vsuspectator.com/,en,daily,3,,,Q7765771,0,,,no place of publication/headquarters in Wikidata – fill in city
no,US,The Times-Record,Fayette,,http://www.mytrpaper.com/,en,daily,3,,,Q7769380,0,33.6921,-87.8324,language from country default
no,US,Kingston Times,Kingston,,http://hudsonvalleyone.com/paper/kingston-times,en,daily,3,,,Q6413612,0,41.9250,-74.0000,language from country default
no,US,Ram Page,,,http://www.asurampage.com/,en,daily,3,,,Q7288547,0,,,no place of publication/headquarters in Wikidata – fill in city; language from country default
no,US,Santa Monica Observer,Santa Monica,,http://www.smobserver.com,en,daily,3,,,Q7419804,0,34.0219,-118.4814,
no,US,The Camden News,Camden,,http://www.camdenarknews.com/,en,daily,3,,,Q7721072,0,33.5708,-92.8350,language from country default
no,US,Taft Independent,Taft,,http://www.taftindependent.com/,en,daily,3,,,Q7675040,0,35.1425,-119.4564,language from country default
no,US,Ruston Daily Leader,Ruston,,https://www.rustonleader.com/,en,daily,3,,,Q17078888,0,32.5288,-92.6387,language from country default
no,US,Montecito Journal,Montecito,,https://www.montecitojournal.net/,en,daily,3,,,Q55665615,0,34.4336,-119.6319,
no,US,Oakdale Leader,Oakdale,,https://www.oakdaleleader.com/,en,daily,3,,,Q55665624,0,37.7692,-120.8569,language from country default
no,US,Patterson Irrigator,Patterson,,https://www.pattersonirrigator.com/,en,daily,3,,,Q55665639,0,37.4731,-121.1328,language from country default
no,US,Plumas County News,Portola,,https://www.plumasnews.com/,en,daily,3,,,Q55665651,0,39.8103,-120.4697,language from country default
no,US,Pleasanton Weekly,Pleasanton,,https://www.pleasantonweekly.com/,en,daily,3,,,Q55665648,0,37.6725,-121.8825,language from country default
no,US,Porterville Recorder,Porterville,,https://www.recorderonline.com/,en,daily,3,,,Q55665649,0,36.0686,-119.0275,language from country default
no,US,Rancho Santa Fe Review,Rancho Santa Fe,,https://ranchosantafereview.com/,en,daily,3,,,Q55665662,0,33.0239,-117.2000,language from country default
no,US,West Sacramento News Ledger,Sacramento,,http://www.westsac.com/,en,daily,3,,,Q55665672,0,38.5753,-121.4861,language from country default
no,US,Voice & Viewpoint,San Diego,,https://sdvoice.info/,en,daily,3,,,Q55665690,0,32.7150,-117.1625,language from country default
no,US,Rancho Bernardo News Journal,San Diego,,http://www.pomeradonews.com/,en,daily,3,,,Q55665689,0,32.7150,-117.1625,language from country default
no,US,San Marino Tribune,San Marino,,https://outlooknewspapers.com/sanmarinotribune/,en,daily,3,,,Q55665709,0,34.1228,-118.1131,language from country default
no,US,Pacific Coast Business Times,Santa Barbara,,https://www.pacbiztimes.com/,en,daily,3,,,Q55665715,0,34.4258,-119.7142,
no,US,Simi Valley Acorn,Simi Valley,,https://www.simivalleyacorn.com/,en,daily,3,,,Q55665728,0,34.2708,-118.7392,language from country default
no,US,Lassen County Times,Susanville,,https://www.lassennews.com/,en,daily,3,,,Q55665736,0,40.4172,-120.6461,language from country default
no,US,Utah Stories,Salt Lake City,,http://utahstories.com,en,daily,3,,,Q7902485,0,40.7500,-111.8833,
no,US,Windows IT Pro,Fort Collins,,http://www.windowsitpro.com/?code=wkpd,en,daily,3,,,Q8024407,0,40.5667,-105.0833,
no,US,Moorpark Acorn,Thousand Oaks,,https://www.mpacorn.com/,en,daily,3,,,Q55665741,0,34.1894,-118.8750,language from country default
no,US,Ventura County Reporter,Ventura,,https://www.vcreporter.com/,en,daily,3,,,Q55665751,0,34.2678,-119.2542,language from country default
no,US,Valley Roadrunner,Valley Center,,https://www.valleycenter.com/,en,daily,3,,,Q55665749,0,33.2406,-117.0140,language from country default
no,US,Trinity Journal,Weaverville,,https://www.trinityjournal.com/,en,daily,3,,,Q55665755,0,40.7367,-122.9360,language from country default
no,US,Winters Express,Winters,,https://www.wintersexpress.com/,en,daily,3,,,Q55665762,0,38.5250,-121.9708,language from country default
no,US,Yucaipa/Calimesa News Mirror,Yucaipa,,https://www.newsmirror.net/,en,daily,3,,,Q55665765,0,34.0303,-117.0486,language from country default
no,US,Chaffee County Times,Buena Vista,,https://www.chaffeecountytimes.com/,en,daily,3,,,Q55665778,0,38.8389,-106.1330,language from country default
no,US,Standard Blade,Brighton,,https://coloradocommunitymedia.com/brighton-standard-blade,en,daily,3,,,Q55665776,0,39.9742,-104.8100,language from country default
no,US,Craig Daily Press,Craig,,https://www.craigdailypress.com/,en,daily,3,,,Q55665786,0,40.5169,-107.5500,language from country default
no,US,Cortez Journal,Cortez,,https://www.the-journal.com/,en,daily,3,,,Q55665785,0,37.3492,-108.5790,language from country default
no,US,Crested Butte News,Mount Crested Butte,,https://crestedbuttenews.com/,en,daily,3,,,Q55665789,0,38.9017,-106.9670,
no,US,Colorado Hometown Weekly,Erie,,https://www.coloradohometownweekly.com/,en,daily,3,,,Q55665812,0,40.0503,-105.0500,language from country default
no,US,Fowler Tribune,Fowler,,https://fowlertribune.com/,en,daily,3,,,Q55665818,0,38.1283,-104.0250,language from country default
no,US,Bent County Democrat,Las Animas,,https://www.bcdemocratonline.com/,en,daily,3,,,Q55665834,0,38.0669,-103.2260,language from country default
no,US,Leadville Herald Democrat,Leadville,,https://www.leadvilleherald.com/,en,daily,3,,,Q55665835,0,39.2472,-106.2924,language from country default
no,US,Limon Leader,Limon,,https://www.thelimonleader.com/,en,daily,3,,,Q55665836,0,39.2639,-103.6920,language from country default
no,US,The News-Enterprise,Elizabethtown,,https://www.thenewsenterprise.com/,en,daily,3,,,Q55666908,0,37.7000,-85.8667,
no,US,Snowmass Village Sun,Snowmass,,https://snowmasssun.com/,en,daily,3,,,Q55665863,0,39.3308,-106.9850,language from country default
no,US,The Bristol Press,Bristol,,http://www.bristolpress.com/,en,daily,3,,,Q55665882,0,41.6811,-72.9406,language from country default
no,US,Cheshire Herald,Cheshire,,https://www.cheshireherald.com/,en,daily,3,,,Q55665883,0,41.4990,-72.9007,language from country default
no,US,New Canaan Advertiser,New Canaan,,https://www.ncadvertiser.com/,en,daily,3,,,Q55665915,0,41.1468,-73.4949,
no,US,VoicesNews.com,Woodbury,,https://primepublishers.com/voicesnews,en,daily,3,,,Q55665958,0,41.5619,-73.2094,language from country default
no,US,Amherst Bulletin,Amherst,,https://amherstbulletin.com/,en,daily,3,,,Q55667019,0,42.3667,-72.5167,
no,US,Andover Townsman,Andover,,https://www.andovertownsman.com/,en,daily,3,,,Q55667020,0,42.6572,-71.1408,
no,US,Wicked Local Chatham,Chatham,,https://chatham.wickedlocal.com/,en,daily,3,,,Q55667070,0,41.6819,-69.9603,language from country default
no,US,Grafton News,Grafton,,https://thegraftonnews.com,en,daily,3,,,Q55667099,0,42.2069,-71.6861,
no,US,Business Observer,Sarasota,,https://www.businessobserverfl.com/,en,daily,3,,,Q55666064,0,27.3372,-82.5353,language from country default
no,US,South Jersey Local News,Maple Shade,,http://www.southjerseylocalnews.com/,en,daily,3,,,Q55668139,0,39.9524,-74.9949,language from country default
no,US,Leominster Champion,Leominster,,https://leominsterchamp.com,en,daily,3,,,Q55667127,0,42.5250,-71.7603,
no,US,Millbury-Sutton Chronicle,Millbury,,https://millburysutton.com,en,daily,3,,,Q55667150,0,42.1939,-71.7606,
no,US,Waltham News Tribune,Waltham,,http://waltham.wickedlocal.com/,en,daily,3,,,Q55667204,0,42.3806,-71.2350,language from country default
no,US,Guardian Liberty Voice,Las Vegas,,https://guardianlv.com/,en,daily,3,,,Q55668223,0,36.1672,-115.1486,
no,US,Amityville Record,Amityville,,https://www.amityvillerecord.com/,en,daily,3,,,Q55668243,0,40.6717,-73.4150,
no,US,QNS,Bayside,,https://qns.com/,en,daily,3,,,Q55668254,0,40.7683,-73.7769,
no,US,Livingston County News,Geneseo,,http://thelcn.com/,en,daily,3,,,Q55668297,0,42.7958,-77.8136,language from country default
no,US,The Avenue News,Essex,,https://www.avenuenews.com/,en,daily,3,,,Q55667239,0,39.3078,-76.4517,
no,US,Montgomery County Sentinel,Rockville,,http://www.thesentinel.com/mont/,en,daily,3,,,Q55667248,0,39.0840,-77.1528,
no,US,Birmingham-Bloomfield Eagle,Birmingham,,https://candgnews.com/newspaper/birminghambloomfieldeagle,en,daily,3,,,Q55667316,0,42.5467,-83.2114,language from country default
no,US,Press and Guide,Dearborn,,https://pressandguide.com,en,daily,3,,,Q55667335,0,42.3113,-83.2135,language from country default
no,US,Downtown Express,New York City,,http://www.downtownexpress.com/,en,daily,3,,,Q55668354,0,40.7128,-74.0061,language from country default
no,US,Brooklyn Reporter,New York City,,https://brooklynreporter.com/,en,daily,3,,,Q55668358,0,40.7128,-74.0061,
no,US,Long Island Advance,Patchogue,,https://www.longislandadvance.net/,en,daily,3,,,Q55668377,0,40.7633,-73.0178,
no,US,Logan Daily News,Logan,,https://www.logandaily.com/,en,daily,3,,,Q55668452,0,39.5392,-82.4061,
no,US,Dallas County News,Adel,,https://www.adelnews.com/,en,daily,3,,,Q55666230,0,41.6167,-94.0217,language from country default
no,US,Algona Upper Des Moines,Algona,,https://algona.com/,en,daily,3,,,Q55666232,0,43.0703,-94.2297,language from country default
no,US,Alcona County Review,Harrisville,,https://www.alconareview.com/,en,daily,3,,,Q55667364,0,44.6564,-83.2947,language from country default
no,US,Pioneer-Tribune,Manistique,,https://www.pioneertribune.com/,en,daily,3,,,Q55667390,0,45.9578,-86.2497,language from country default
no,US,Wright County Journal-Press,Buffalo,,http://www.thedrummer.com/,en,daily,3,,,Q55667463,0,45.1719,-93.8747,language from country default
no,US,Evening Sun,Hanover,,https://eveningsun.com,en,daily,3,,,Q55668572,0,39.8072,-76.9847,language from country default
no,US,Main Line Media News,Wayne,,https://www.mainlinemedianews.com/,en,daily,3,,,Q55668597,0,40.0439,-75.3878,
no,US,Charleston Regional Business Journal,Charleston,,https://charlestonbusiness.com/,en,daily,3,,,Q55668616,0,32.7833,-79.9319,
no,US,Clearwater Progress,Kamiah,,https://www.clearwaterprogress.com/,en,daily,3,,,Q55666385,0,46.2269,-116.0278,language from country default
no,US,Clearwater Tribune,Orofino,,https://www.clearwatertribune.com/,en,daily,3,,,Q55666393,0,46.4856,-116.2589,language from country default
no,US,Elizabethton Star,Elizabethton,,https://www.elizabethton.com/,en,daily,3,,,Q55671036,0,36.3364,-82.2392,
no,US,Newport Plain Talk,Newport,,https://www.newportplaintalk.com/,en,daily,3,,,Q55671071,0,35.9633,-83.1967,language from country default
no,US,Fort Worth Business Press,Fort Worth,,https://fortworthbusiness.com/,en,daily,3,,,Q55671148,0,32.7564,-97.3325,
no,US,Lawrence Gazette,Lawrence Township,,https://communitynews.org/lawrence-gazette,en,daily,3,,,Q54309000,0,40.2959,-74.7201,language from country default
no,US,Hot Springs Village Voice,Hot Springs Village,,https://hsvvoice.com/,en,daily,3,,,Q55419428,0,34.6644,-92.9961,language from country default
no,US,Times Daily,Florence,,https://www.timesdaily.com/,en,daily,3,,,Q55594117,0,34.8203,-87.6628,language from country default
no,US,Times,Gainesville,,https://www.gainesvilletimes.com/,en,daily,3,,,Q55594125,0,34.3044,-83.8339,language from country default
no,US,Observer,Dunkirk,,https://www.observertoday.com/,en,daily,3,,,Q55594128,0,42.4794,-79.3339,language from country default
no,US,Evening Times,West Memphis,,https://www.theeveningtimes.com/,en,daily,3,,,Q55623234,0,35.1486,-90.1803,language from country default
no,US,Mountain News,Lake Arrowhead,,https://www.mountain-news.com/,en,daily,3,,,Q55623243,0,34.2561,-117.1911,language from country default
no,US,Times-Georgian,Carrollton,,https://www.times-georgian.com/,en,daily,3,,,Q55623263,0,33.5808,-85.0767,language from country default
no,US,Times-Courier,Ellijay,,https://www.timescourier.com/,en,daily,3,,,Q55623268,0,34.6947,-84.4836,language from country default
no,US,Times-Citizen,Iowa Falls,,https://www.timescitizen.com/,en,daily,3,,,Q55623273,0,42.5167,-93.2667,language from country default
no,US,La Raza,Chicago,,https://laraza.com/,en,daily,3,,,Q55623280,0,41.8819,-87.6278,language from country default
no,US,Reporter Times,Martinsville,,https://www.reporter-times.com/,en,daily,3,,,Q55623292,0,39.4167,-86.4167,language from country default
no,US,Commercial-News,Three Rivers,,https://www.threeriversnews.com/,en,daily,3,,,Q55623299,0,41.9439,-85.6325,language from country default
no,US,Creative Loafing,Charlotte,,https://clclt.com/,en,daily,3,,,Q55623308,0,35.2269,-80.8433,language from country default
no,US,Winchester Star,Winchester,,http://winchester.wickedlocal.com/,en,daily,3,,,Q55624082,0,42.4522,-71.1375,language from country default
no,US,Belzoni Banner,Belzoni,,http://www.thebelzonibanner.com/,en,daily,3,,,Q55665135,0,33.1817,-90.4850,language from country default
no,US,Athens News Courier,Athens,,https://enewscourier.com/,en,daily,3,,,Q55665238,0,34.7917,-86.9667,language from country default
no,US,Arab Tribune,Arab,,https://www.thearabtribune.com/,en,daily,3,,,Q55665237,0,34.3279,-86.4986,language from country default
no,US,Northfield News,Northfield,,http://www.southernminn.com/northfield_news/,en,daily,3,,,Q55667549,0,44.4583,-93.1611,
no,US,Pine and Lakes Echo Journal,Pequot Lakes,,https://www.pineandlakes.com/,en,daily,3,,,Q55667559,0,46.6031,-94.3094,
no,US,Shoreview Press,Shoreview,,https://www.presspubs.com/shoreview/,en,daily,3,,,Q55667596,0,45.0722,-93.1283,language from country default
no,US,Farmington Press,Farmington,,https://dailyjournalonline.com/community/farmington-press/,en,daily,3,,,Q55667670,0,37.7819,-90.4222,language from country default
no,US,Kansas City Northeast News,Kansas City,,https://northeastnews.net/pages/,en,daily,3,,,Q55667687,0,39.0500,-94.5833,
no,US,Quincy Herald-Whig,Quincy,,http://www.whig.com,en,daily,3,,,Q55666603,0,39.9322,-91.3886,
no,US,Washington County News,Chatom,,https://www.washcountynews.com/,en,daily,3,,,Q55665251,0,31.4617,-88.2481,
no,US,Pickens County Herald,Carrollton,,https://www.pcherald.com/,en,daily,3,,,Q55665249,0,33.2609,-88.0945,language from country default
no,US,Shelby County Reporter,Columbiana,,https://www.shelbycountyreporter.com/,en,daily,3,,,Q55665255,0,33.1835,-86.6094,language from country default
no,US,Clanton Advertiser,Clanton,,https://www.clantonadvertiser.com/,en,daily,3,,,Q55665253,0,32.8398,-86.6282,language from country default
no,US,Enterprise Ledger,Enterprise,,https://www.eprisenow.com/,en,daily,3,,,Q55665262,0,31.3275,-85.8445,language from country default
no,US,Lowndes Signal,Fort Deposit,,https://www.lowndessignal.com/,en,daily,3,,,Q55665266,0,31.9879,-86.5712,language from country default
no,US,Gadsden Messenger,Gadsden,,https://gadsdenmessenger.com/,en,daily,3,,,Q55665267,0,34.0101,-86.0104,language from country default
no,US,Greenville Advocate,Greenville,,https://www.greenvilleadvocate.com/,en,daily,3,,,Q55665271,0,31.8313,-86.6276,language from country default
no,US,Clarke County Democrat,Grove Hill,,https://www.clarkecountydemocrat.com/,en,daily,3,,,Q55665272,0,31.7061,-87.7743,language from country default
no,US,Hartselle Enquirer,Hartselle,,https://www.hartselleenquirer.com/,en,daily,3,,,Q55665277,0,34.4403,-86.9403,language from country default
no,US,LaFayette Sun,LaFayette,,https://www.thelafayettesun.com/,en,daily,3,,,Q55665283,0,32.8986,-85.4008,language from country default
no,US,Luverne Journal,Luverne,,https://www.luvernejournal.com/,en,daily,3,,,Q55665286,0,31.7144,-86.2633,language from country default
no,US,The Madison Record,Madison,,https://themadisonrecord.com/,en,daily,3,,,Q55665288,0,34.7151,-86.7396,language from country default
no,US,Moulton Advertiser,Moulton,,https://www.moultonadvertiser.com/,en,daily,3,,,Q55665289,0,34.4823,-87.2856,language from country default
no,US,St. Clair News-Aegis,Pell City,,https://newsaegis.com/,en,daily,3,,,Q55665294,0,33.5709,-86.2738,language from country default
no,US,Randolph Leader,Roanoke,,https://www.therandolphleader.com/,en,daily,3,,,Q55665298,0,33.1488,-85.3698,language from country default
no,US,Franklin County Times,Russellville,,https://www.franklincountytimes.com/,en,daily,3,,,Q55665300,0,34.5103,-87.7282,language from country default
no,US,Troy Messenger,Troy,,https://www.troymessenger.com/,en,daily,3,,,Q55665306,0,31.8020,-85.9673,language from country default
no,US,Tallassee Tribune,Tallassee,,https://www.tallasseetribune.com/,en,daily,3,,,Q55665304,0,32.5394,-85.8931,language from country default
no,US,Wetumpka Herald,Wetumpka,,https://www.thewetumpkaherald.com/,en,daily,3,,,Q55665310,0,32.5410,-86.2077,language from country default
no,US,Saline Courier,Benton,,https://www.salinecourier.com/,en,daily,3,,,Q55665316,0,34.5708,-92.5769,language from country default
no,US,Booneville Democrat,Booneville,,https://www.boonevilledemocrat.com/,en,daily,3,,,Q55665317,0,35.1397,-93.9214,language from country default
no,US,Van Buren County Democrat,Clinton,,https://www.vanburencountydem.com,en,daily,3,,,Q55665329,0,35.5864,-92.4578,language from country default
no,US,El Dorado News-Times,El Dorado,,https://www.eldoradonews.com/,en,daily,3,,,Q55665333,0,33.2136,-92.6625,language from country default
no,US,Fayetteville Free Weekly,Fayetteville,,https://freeweekly.com/,en,daily,3,,,Q55665342,0,36.0764,-94.1608,language from country default
no,US,Harrison Daily Times,Harrison,,https://harrisondaily.com/,en,daily,3,,,Q55665349,0,36.2372,-93.1136,language from country default
no,US,Newton County Times,Jasper,,https://newtoncountytimes.com/,en,daily,3,,,Q55665354,0,36.0086,-93.1856,language from country default
no,US,The Jonesboro Sun,Jonesboro,,https://www.jonesborosun.com/,en,daily,3,,,Q55665355,0,35.8333,-90.7000,language from country default
no,US,Madison County Record,Huntsville,,https://www.mcrecordonline.com/,en,daily,3,,,Q55665352,0,36.0897,-93.7350,
no,US,Advance Monticellonian,Monticello,,https://advancemonticellonian.com/,en,daily,3,,,Q55665367,0,33.6272,-91.7939,language from country default
no,US,Stone County Leader,Mountain View,,https://stonecountyleader.com/,en,daily,3,,,Q55665370,0,35.8650,-92.1086,language from country default
no,US,Paragould Daily Press,Paragould,,https://www.paragoulddailypress.com/,en,daily,3,,,Q55665377,0,36.0569,-90.5031,language from country default
no,US,San Pedro Valley News-Sun,Benson,,https://www.bensonnews-sun.com/,en,daily,3,,,Q55665391,0,31.9556,-110.3067,language from country default
no,US,Camp Verde Bugle,Camp Verde,,https://cvbugle.com/,en,daily,3,,,Q55665395,0,34.5636,-111.8544,language from country default
no,US,Marana News,Marana,,https://www.tucsonlocalmedia.com/marana/,en,daily,3,,,Q55665414,0,32.4367,-111.2253,language from country default
no,US,Today's News-Herald,Lake Havasu City,,https://www.havasunews.com/,en,daily,3,,,Q55665413,0,34.4900,-114.3089,language from country default
no,US,Payson Roundup,Payson,,https://www.payson.com/,en,daily,3,,,Q55665418,0,34.2394,-111.3275,language from country default
no,US,Prescott Valley Tribune,Prescott,,https://pvtrib.com/,en,daily,3,,,Q55665426,0,34.5400,-112.4685,language from country default
no,US,Arcadia News,Phoenix,,https://www.arcadianews.com/,en,daily,3,,,Q55665424,0,33.4483,-112.0739,
no,US,Big Bug News,Prescott Valley,,http://www.bigbugnews.com,en,daily,3,,,Q55665428,0,34.6022,-112.3219,
no,US,White Mountain Independent,Show Low,,https://www.wmicentral.com/,en,daily,3,,,Q55665434,0,34.2436,-110.0482,language from country default
no,US,Daily Sun News,Sun City,,http://www.yourwestvalley.com/,en,daily,3,,,Q55665435,0,33.6094,-112.2872,language from country default
no,US,Wickenburg Sun,Wickenburg,,https://www.wickenburgsun.com/,en,daily,3,,,Q55665441,0,33.9650,-112.7481,language from country default
no,US,Alameda Sun,Alameda,,http://alamedasun.com/,en,daily,3,,,Q55665444,0,37.7639,-122.2569,language from country default
no,US,Modoc County Record,Alturas,,https://www.modocrecord.com/,en,daily,3,,,Q55665450,0,41.4872,-120.5425,
no,US,Big Bear Grizzly,Big Bear Lake,,https://www.bigbeargrizzly.net/,en,daily,3,,,Q55665467,0,34.2414,-116.9033,language from country default
no,US,Benicia Herald,Benicia,,https://beniciaheraldonline.com/,en,daily,3,,,Q55665464,0,38.0633,-122.1561,language from country default
no,US,Brentwood Press,Brentwood,,https://www.thepress.net/,en,daily,3,,,Q55665474,0,37.9319,-121.6958,language from country default
no,US,Camarillo Acorn,Camarillo,,https://www.thecamarilloacorn.com/,en,daily,3,,,Q55665477,0,34.2256,-119.0322,language from country default
no,US,Coastal View News,Carpinteria,,https://www.coastalview.com/,en,daily,3,,,Q55665483,0,34.3992,-119.5164,language from country default
no,US,Ceres Courier,Ceres,,https://www.cerescourier.com/,en,daily,3,,,Q55665484,0,37.6014,-120.9572,language from country default
no,US,Herald-Argus,La Porte,,https://www.heraldargus.com/,en,daily,3,,,Q55666729,0,41.6092,-86.7175,language from country default
no,US,Plain Dealer & Sun,North Vernon,,http://plaindealer-sun.com/,en,daily,3,,,Q55666742,0,39.0050,-85.6278,
no,US,Wabash Plain Dealer,Wabash,,https://www.wabashplaindealer.com/,en,daily,3,,,Q55666791,0,40.8008,-85.8272,
no,US,Coronado Eagle & Journal,Coronado,,https://www.coronadonewsca.com/,en,daily,3,,,Q55665498,0,32.6781,-117.1725,
no,US,Culver City Observer,Culver City,,https://www.culvercityobserver.com/,en,daily,3,,,Q55665503,0,34.0081,-118.4014,language from country default
no,US,Downey Patriot,Downey,,https://www.thedowneypatriot.com/,en,daily,3,,,Q55665510,0,33.9381,-118.1308,language from country default
no,US,El Segundo Herald,El Segundo,,http://www.heraldpublications.com/herald/el-segundo-herald,en,daily,3,,,Q55665515,0,33.9191,-118.4155,language from country default
no,US,Escalon Times,Escalon,,https://www.escalontimes.com/,en,daily,3,,,Q55665517,0,37.7917,-120.9917,language from country default
no,US,Ferndale Enterprise,Ferndale,,https://www.theferndaleenterprise.com/,en,daily,3,,,Q55665520,0,40.5767,-124.2633,language from country default
no,US,Fort Bragg Advocate-News,Fort Bragg,,https://www.advocate-news.com/,en,daily,3,,,Q55665526,0,39.4458,-123.8053,language from country default
no,US,Fontana Herald News,Fontana,,https://www.fontanaheraldnews.com/,en,daily,3,,,Q55665525,0,34.1000,-117.4667,language from country default
no,US,La Jolla Light,La Jolla,,https://www.lajollalight.com/,en,daily,3,,,Q55665558,0,32.8400,-117.2769,language from country default
no,US,Kern Valley Sun,Lake Isabella,,https://kernvalleysun.com/,en,daily,3,,,Q55665563,0,35.6322,-118.4761,language from country default
no,US,Long Beach Post,Long Beach,,https://lbpost.com/,en,daily,3,,,Q55665576,0,33.7681,-118.1956,language from country default
no,US,Loomis News,Loomis,,https://www.theloomisnews.com/,en,daily,3,,,Q55665580,0,38.8164,-121.1928,language from country default
no,US,Asian Journal,Los Angeles,,https://www.asianjournal.com/,en,daily,3,,,Q55665586,0,34.0522,-118.2437,
no,US,Park LaBrea/Beverly Press,Los Angeles,,https://beverlypress.com/,en,daily,3,,,Q55665587,0,34.0522,-118.2437,language from country default
no,US,Hoy Los Angeles,Los Angeles,,https://www.hoylosangeles.com/,en,daily,3,,,Q55665592,0,34.0522,-118.2437,language from country default
no,US,LA Watts Times,Los Angeles,,https://www.lawattstimes.com/,en,daily,3,,,Q55665596,0,34.0522,-118.2437,language from country default
no,US,Martinez News-Gazette,Martinez,,https://martinezgazette.com/,en,daily,3,,,Q55665611,0,38.0194,-122.1342,language from country default
no,US,Mammoth Times,Mammoth Lakes,,https://www.mammothtimes.com/,en,daily,3,,,Q55665608,0,37.6486,-118.9719,language from country default
no,US,Columbian Progress,Columbia,,https://www.columbianprogress.com/e-editions/newspaper,en,daily,3,,,Q55667783,0,31.2567,-89.8289,
no,US,Scott County Times,Forest,,http://www.sctonline.net/,en,daily,3,,,Q55667792,0,32.3636,-89.4753,
no,US,Lawrence County Press,Monticello,,https://www.lawrencecountypress.com,en,daily,3,,,Q55667815,0,31.5542,-90.1100,
no,US,Clarke County Tribune,Quitman,,https://www.clarkecountytrib.com/,en,daily,3,,,Q55667826,0,32.0431,-88.7208,
no,US,McLean Connection,McLean,,https://www.mcleanconnection.com/,en,daily,3,,,Q55671314,0,38.9283,-77.1753,language from country default
no,US,Eastern Shore Post,Onley,,https://easternshorepost.com,en,daily,3,,,Q55671319,0,37.6903,-75.7167,language from country default
no,US,Rappahannock News,Washington,,https://www.rappnews.com/,en,daily,3,,,Q55671340,0,38.7128,-78.1594,language from country default
no,US,Mercer Island Reporter,Mercer Island,,https://www.mi-reporter.com/,en,daily,3,,,Q55671387,0,47.5707,-122.2221,
no,US,Explore Big Sky,Big Sky,,https://www.explorebigsky.com/,en,daily,3,,,Q55667841,0,45.2600,-111.3100,language from country default
no,US,Ranger Review,Glendive,,https://www.rangerreview.com/,en,daily,3,,,Q55667862,0,47.1083,-104.7083,language from country default
no,US,Laurel Outlook,Laurel,,https://www.laureloutlook.com/,en,daily,3,,,Q55667868,0,45.6739,-108.7708,language from country default
no,US,Bitterroot Star,Stevensville,,https://bitterrootstar.com/,en,daily,3,,,Q55667884,0,46.5078,-114.0933,
no,US,Whitehall Ledger,Whitehall,,https://www.whitehallledger.com/,en,daily,3,,,Q55667890,0,45.8703,-112.0983,language from country default
no,US,Cary Citizen,Cary,,http://www.carycitizen.com,en,daily,3,,,Q55667897,0,35.7789,-78.8003,language from country default
no,US,Qué Pasa Charlotte,Charlotte,,https://charlotte.quepasanoticias.com/,es,daily,3,,,Q55667903,0,35.2269,-80.8433,
no,US,Denton Orator,Denton,,http://www.dentonorator.com/,en,daily,3,,,Q55667910,0,35.6328,-80.1117,language from country default
no,US,Mooresville Tribune,Mooresville,,https://mooresvilletribune.com/,en,daily,3,,,Q55667928,0,35.5844,-80.8203,
no,US,Londonderry Times,Londonderry,,https://londonderrytimes.net,en,daily,3,,,Q55668078,0,42.8650,-71.3739,
no,US,Gallatin News,Gallatin,,https://www.gallatinnews.com/,en,daily,3,,,Q55935961,0,36.3814,-86.4514,language from country default
no,US,Courier,Russellville,,https://www.couriernews.com/,en,daily,3,,,Q55936096,0,35.2783,-93.1369,language from country default
no,US,New Times,Phoenix,,https://www.phoenixnewtimes.com/,en,daily,3,,,Q56030651,0,33.4483,-112.0739,language from country default
no,US,News & Sun,Green Valley,,https://www.gvnews.com/,en,daily,3,,,Q56030649,0,31.8500,-111.0000,language from country default
no,US,Acorn,Agoura Hills,,https://www.theacornonline.com/,en,daily,3,,,Q56030655,0,34.1533,-118.7617,language from country default
no,US,Cambrian,Cambria,,http://www.thecambrian.com,en,daily,3,,,Q56030657,0,35.5539,-121.0872,language from country default
no,US,Florida Weekly,Fort Myers,,https://www.floridaweekly.com/,en,daily,3,,,Q56030672,0,26.6167,-81.8333,language from country default
no,US,Daily Tribune,Royal Oak,,https://www.dailytribune.com/,en,daily,3,,,Q56030691,0,42.4889,-83.1428,language from country default
no,US,Daily Times,Sullivan,,https://www.sullivan-times.com/,en,daily,3,,,Q56030688,0,39.0969,-87.4064,language from country default
no,US,Tribune,Elkin,,https://www.elkintribune.com/,en,daily,3,,,Q56030704,0,36.2578,-80.8514,language from country default
no,US,Courier,Findlay,,https://thecourier.com/,en,daily,3,,,Q56030710,0,41.0428,-83.6422,language from country default
no,US,Daily Times,Maryville,,https://www.thedailytimes.com/,en,daily,3,,,Q56030719,0,35.7497,-83.9756,language from country default
no,US,News Telegram,Sulphur Springs,,https://www.ssnewstelegram.com/,en,daily,3,,,Q56030723,0,33.1342,-95.6019,language from country default
no,US,Daily Tribune,Wisconsin Rapids,,https://www.wisconsinrapidstribune.com/,en,daily,3,,,Q56030728,0,44.3944,-89.8328,language from country default
no,US,East County Californian,El Cajon,,https://eccalifornian.com/,en,daily,3,,,Q56033144,0,32.7983,-116.9600,language from country default
no,US,La Voz,Denver,,http://www.lavozcolorado.com,en,daily,3,,,Q56033150,0,39.7392,-104.9847,language from country default
no,US,New Britain Herald,New Britain,,https://www.newbritainherald.com/,en,daily,3,,,Q56033153,0,41.6750,-72.7872,
no,US,Union,Grass Valley,,https://www.theunion.com/,en,daily,3,,,Q56037366,0,39.2192,-121.0583,language from country default
no,US,Sierra Star,Oakhurst,,https://www.sierrastar.com/,en,daily,3,,,Q56037367,0,37.3314,-119.6478,language from country default
no,US,Lake Forester,Lake Forest,,http://lakeforest.chicagotribune.com/,en,daily,3,,,Q56037371,0,42.2347,-87.8508,language from country default
no,US,Aegis,Bel Air,,http://theaegis.com/,en,daily,3,,,Q56037376,0,39.5355,-76.3490,language from country default
no,US,The Derrick,Oil City,,https://www.thederrick.com/,en,daily,3,,,Q56037380,0,41.4283,-79.7072,language from country default
no,US,Mountain Echo,Fall River Mills,,https://www.flippinonline.com/,en,daily,3,,,Q56119142,0,41.0056,-121.4408,language from country default
no,US,Village News,Fallbrook,,https://www.villagenews.com/,en,daily,3,,,Q56119144,0,33.3717,-117.2361,language from country default
no,US,Daily Citizen,Beaver Dam,,https://wiscnews.com/news/community/bdc/,en,daily,3,,,Q56119150,0,43.4600,-88.8361,language from country default
no,US,Daily Press,Ashland,,https://www.ashlandwi.com/,en,daily,3,,,Q56119149,0,46.5900,-90.8800,language from country default
no,US,Rice Lake Chronotype,Rice Lake,,https://chronotype.com/,en,daily,3,,,Q55671459,0,45.4983,-91.7389,language from country default
no,US,Sauk Prairie Eagle,Sauk City,,https://www.saukprairieeagle.com/,en,daily,3,,,Q55671463,0,43.2742,-89.7283,language from country default
no,US,River Falls Journal,River Falls,,https://www.riverfallsjournal.com/,en,daily,3,,,Q55671461,0,44.8586,-92.6250,language from country default
no,US,Spooner Advocate,Spooner,,https://www.spooneradvocate.com/,en,daily,3,,,Q55671467,0,45.8258,-91.8911,language from country default
no,US,Shawano Leader,Shawano,,https://www.newmedia-wi.com/taxonomy/term/3388,en,daily,3,,,Q55671464,0,44.7767,-88.6019,language from country default
no,US,Door County Advocate,Sturgeon Bay,,https://www.doorcountyadvocate.com/,en,daily,3,,,Q55671472,0,44.8336,-87.3778,language from country default
no,US,Exponent Telegram,Clarksburg,,https://www.wvnews.com/theet/,en,daily,3,,,Q55671482,0,39.2806,-80.3444,language from country default
no,US,Star Valley Independent,Afton,,http://www.starvalleyindependent.com/,en,daily,3,,,Q55671499,0,42.7283,-110.9292,language from country default
no,US,Riverton Daily Ranger,Riverton,,https://www.dailyranger.com/,en,daily,3,,,Q55671516,0,43.0278,-108.3950,language from country default
no,US,Journal,Little Elm,,http://littleelm.com/,en,daily,3,,,Q55672244,0,33.1639,-96.9303,language from country default
no,US,Madison County Eagle,Madison,,https://www.madison-news.com/,en,daily,3,,,Q55672254,0,38.3808,-78.2581,language from country default
no,US,Northern Light,Blaine,,https://www.thenorthernlight.com/,en,daily,3,,,Q55672263,0,48.9881,-122.7440,language from country default
no,US,Jefferson County Leader,Port Townsend,,https://www.ptleader.com/,en,daily,3,,,Q55672273,0,48.1175,-122.7608,
no,US,Record Gazette,Banning,,https://www.recordgazette.net/,en,daily,3,,,Q55876629,0,33.9317,-116.8975,
no,US,Sun-Times,Heber Springs,,https://www.thesuntimes.com/,en,daily,3,,,Q55935465,0,35.4944,-92.0392,language from country default
no,US,Times Dispatch,Walnut Ridge,,https://www.thetd.com/,en,daily,3,,,Q55935473,0,36.0725,-90.9569,language from country default
no,US,The Cameron Herald,Cameron,,https://www.cameronherald.com,en,daily,3,,,Q28914593,0,30.8544,-96.9786,
no,US,City Book Review,,,http://citybookreview.com,en,daily,3,,,Q30638993,0,,,no place of publication/headquarters in Wikidata – fill in city; language from country default
no,US,Thousand Oaks Acorn,Thousand Oaks,,http://toacorn.com/,en,daily,3,,,Q43081031,0,34.1894,-118.8750,language from country default
no,US,The Miner,Carbondale,,http://minerapp.com,en,daily,3,,,Q100277335,0,41.5667,-75.5000,language from country default
no,US,The Eastern Herald,,,https://easternherald.com,en,daily,3,,,Q57678967,0,,,no place of publication/headquarters in Wikidata – fill in city
no,US,Loudoun Now,Loudoun County,,https://loudounnow.com/,en,daily,3,,,Q63406004,0,39.0900,-77.6400,language from country default
no,US,Daily Register,Portage,,https://www.portagedailyregister.com/,en,daily,3,,,Q56119163,0,43.5500,-89.4667,language from country default
no,US,Oregon Observer,Oregon,,https://connectoregonwi.com/,en,daily,3,,,Q56119160,0,42.9044,-89.4297,language from country default
no,US,Sounder,Random Lake,,http://www.sounder.me,en,daily,3,,,Q56119165,0,43.5525,-87.9603,language from country default
no,US,News-Record,Gillette,,https://www.gillettenewsrecord.com/,en,daily,3,,,Q56119170,0,44.2828,-105.5053,language from country default
no,US,Telegram,Torrington,,https://www.torringtontelegram.com/,en,daily,3,,,Q56119171,0,42.0667,-104.1825,language from country default
no,US,Ark,Tiburon,,http://www.ark.com,en,daily,3,,,Q56119276,0,37.8736,-122.4567,language from country default
no,US,Courier-Herald,Enumclaw,,https://www.courierherald.com/,en,daily,3,,,Q56119293,0,47.2048,-121.9916,language from country default
no,US,News Reporter,Washington,,https://www.news-reporter.com/,en,daily,3,,,Q56236461,0,33.7368,-82.7393,
no,US,TheDigitel,Charleston,,https://gateway.thedigitel.com,en,daily,3,,,Q56236939,0,32.7833,-79.9319,language from country default
no,US,Daily Republic,Mitchell,,https://www.mitchellrepublic.com/,en,daily,3,,,Q56236957,0,43.7139,-98.0264,
no,US,Arizona Business Daily,,,https://azbusinessdaily.com/,en,daily,3,,,Q68914209,0,,,no place of publication/headquarters in Wikidata – fill in city; language from country default
no,US,The Declaration,Independence,,https://www.independencedeclaration.com/,en,daily,3,,,Q96197147,0,36.6228,-81.1517,
no,US,Journal-News Independent,Mansfield,,https://mansfield.wickedlocal.com/,en,daily,3,,,Q96197148,0,42.0333,-71.2194,
no,US,The Organizer,Oxford,,http://www.organizer.com,en,daily,3,,,Q100279438,0,34.3667,-89.5186,language from country default
no,US,The Quill,Jamestown,,http://quill.org,en,daily,3,,,Q100280703,0,39.6000,-97.8617,language from country default
no,US,The Uplift,Pittsburg,,http://www.uplift.com,en,daily,3,,,Q100285677,0,37.4103,-94.6997,language from country default
no,US,The Looking Glass,Monroe,,https://lookingglassfactory.com/,en,daily,3,,,Q100307698,0,41.4747,-97.6006,language from country default
no,US,Banter,Provo,,http://www.thebanterapp.com,en,daily,3,,,Q100307919,0,40.2339,-111.6586,language from country default
no,US,Up & Coming Weekly,Fayetteville,,https://www.upandcomingweekly.com/,en,daily,3,,,Q118278847,0,35.0667,-78.9175,language from country default
no,US,Greensboro Latino,Greensboro,,https://greensborolatino.com,en,daily,3,,,Q118411929,0,36.0725,-79.7903,language from country default
no,US,VOX,Atlanta,,https://voxatl.org/,en,daily,3,,,Q119498451,0,33.7544,-84.3897,
no,US,El American,,,https://elamerican.com,en,daily,3,,,Q100754558,0,,,no place of publication/headquarters in Wikidata – fill in city
no,US,The Hudson Herald,Hudson,,http://www.hudherald.com/,en,daily,3,,,Q101579773,0,42.4089,-92.4522,language from country default
no,US,Northwest Citizen,Bellingham,,http://nwcitizen.com,en,online,3,,,Q101850585,0,48.7544,-122.4788,"language from country default; types: daily, online"
no,US,Baptist Standard,Plano,,https://www.baptiststandard.com/,en,daily,3,,,Q104610148,0,33.0500,-96.7500,language from country default
no,US,Maui Now,Maui,,https://mauinow.com/,en,daily,3,,,Q106891108,0,20.7702,-156.2682,
no,US,Detroit Lakes Tribune,Detroit Lakes,,http://www.dl-online.com/,en,daily,3,,,Q107087592,0,46.8172,-95.8453,
no,US,Han'guk ilbo New York pan,뉴욕주,,http://www.koreatimes.com.htm,ko,daily,3,,,Q107128459,0,43.0000,-75.0000,
no,US,Highlands News-Sun,Sebring,,https://midfloridanewspapers.com/highlands_news-sun,en,daily,3,,,Q107295591,0,27.4956,-81.4444,
no,US,Wire,Portsmouth,,http://wire.im,en,daily,3,,,Q107295700,0,43.0757,-70.7608,
no,US,Mechanicsville Local,,,https://mechlocal.com,en,daily,3,,,Q107295756,0,,,no place of publication/headquarters in Wikidata – fill in city
no,US,Long Island Herald,Garden City,,https://www.liherald.com/,en,daily,3,,,Q107722606,0,40.7269,-73.6497,
no,US,The Waxahachie Sun,Waxahachie,,https://www.waxahachiesun.com/,en,daily,3,,,Q107723017,0,32.3997,-96.8472,
no,US,The Desert Review,Brawley,,https://www.thedesertreview.com/,en,online,3,,,Q108063889,0,32.9786,-115.5303,"language from country default; types: daily, online"
no,US,Lake and McHenry County Scanner,Libertyville,,https://www.lakemchenryscanner.com/,en,daily,3,,,Q108122218,0,42.2842,-87.9607,
no,US,Dalton Gazette & Kidron News,Dalton,,https://www.daltonkidronnews.com/,en,daily,3,,,Q108839210,0,40.7992,-81.6969,
no,US,El Tiempo,,,https://eltiempolv.com/,es,daily,3,,,Q108850264,0,,,no place of publication/headquarters in Wikidata – fill in city
no,US,The Banks Post,Banks,,https://www.bankspost.com/,en,daily,3,,,Q109303619,0,45.6142,-123.1108,language from country default
no,US,Miami Celebrities,Miami,,https://miamicelebrities.com/,en,daily,3,,,Q109856121,0,25.7742,-80.1936,
no,US,The Phenomenon Magazine,Houston,,https://thephenomenonmag.com,en,daily,3,,,Q110687231,0,29.7628,-95.3831,
no,US,The Miami Post,Miami,,https://themiamipost.com/,en,daily,3,,,Q111109611,0,25.7742,-80.1936,
no,US,Calexico Chronicle,Calexico,,https://calexicochronicle.com,en,daily,3,,,Q125465928,0,32.6781,-115.4978,language from country default
no,US,The Plumas Sun,,,https://plumassun.org/,en,daily,3,,,Q131149903,0,,,no place of publication/headquarters in Wikidata – fill in city; language from country default
no,US,Cowboy State Daily,,,https://cowboystatedaily.com/,en,daily,3,,,Q131301805,0,,,no place of publication/headquarters in Wikidata – fill in city; language from country default
no,US,Tacoma Ledger,,,https://thetacomaledger.com/,en,daily,3,,,Q131366694,0,,,no place of publication/headquarters in Wikidata – fill in city; language from country default
no,US,BikePortland,Portland,,https://bikeportland.org/,en,daily,3,,,Q131975040,0,45.5150,-122.6792,language from country default
no,US,The Roslyn News,Mineola,,https://www.roslyn-news.com,en,daily,3,,,Q122443183,0,40.7472,-73.6381,language from country default
no,US,The Continent Post,New York City,,https://www.continentpost.com,en,daily,3,,,Q124516466,0,40.7128,-74.0061,language from country default
no,US,Continent Times,New York City,,https://www.continenttimes.com/,en,daily,3,,,Q124560146,0,40.7128,-74.0061,language from country default
no,US,Groundwork,,,https://gworky.com/,en,daily,3,,,Q141392212,0,,,no place of publication/headquarters in Wikidata – fill in city
no,US,Big Ben Reporter,Big Bend,,https://bigbendtimes.com/,en,daily,3,,,Q141620476,0,30.0000,-103.0000,language from country default
no,US,Texas Reporter,Texas,,https://texreporter.com/,en,daily,3,,,Q141620477,0,31.0000,-100.0000,language from country default
no,US,Brazos Guardian,Bryan–College Station,,https://brazosguardian.com/,en,daily,3,,,Q141620480,0,30.6335,-96.3406,language from country default
no,US,Williamson Reporter,Williamson County,,https://williamsonreporter.com/,en,daily,3,,,Q141620484,0,30.6555,-97.5839,language from country default
no,US,The Hippo,,,https://hippopress.com/digital-library/,en,daily,3,,,Q135270403,0,,,no place of publication/headquarters in Wikidata – fill in city
no,US,The Clarion Call,Clarion,,https://www.clarioncallnews.com/,en,daily,3,,,Q132183398,0,41.2117,-79.3839,
no,US,Eagle Eye News,,,https://eagleeye.news,en,daily,3,,,Q133897069,0,,,no place of publication/headquarters in Wikidata – fill in city
no,US,The Hi-Tide,La Jolla High School,,https://ljhitide.net/,en,daily,3,,,Q136497237,0,32.8330,-117.2730,language from country default
no,US,The Collegian,,,https://fscollegian.com,en,daily,3,,,Q136688249,0,,,no place of publication/headquarters in Wikidata – fill in city; language from country default
no,US,The Stute,Hoboken,,https://thestute.com/,en,daily,3,,,Q140165979,0,40.7450,-74.0325,language from country default
no,US,Indianola Independent Advocate,Indianola,,https://indianola-ia.com,en,daily,3,,,Q138589271,0,41.3617,-93.5631,
no,US,IRLeaks News,,,https://irleaks.com,en,daily,3,,,Q139567708,0,,,no place of publication/headquarters in Wikidata – fill in city; language from country default
no,US,Chattahooche News-Herald,Chattahoochee,,https://chattahoocheenews.com/,en,daily,3,,,Q139585221,0,30.7000,-84.8333,language from country default
no,US,Chelsea Community News,Chelsea,,https://chelseacommunitynews.com/,en,daily,3,,,Q139585323,0,40.7464,-74.0014,language from country default
no,US,Vyraa News,Butterfassprobe,,https://vyraa.com,en,daily,3,,,Q139865699,0,,,
no,US,The Korea Daily,로스앤젤레스,,https://www.koreadaily.com/,ko,daily,3,,,Q139894181,0,34.0522,-118.2437,
no,US,Beverly Weekly,,,https://www.beverlyweekly.com,en,daily,3,,,Q139913485,0,,,no place of publication/headquarters in Wikidata – fill in city
no,US,Pulse Chronicles,Atlanta,,https://pulsechronicles.com,en,daily,3,,,Q140402486,0,33.7544,-84.3897,
no,US,All Point Bulletin,Point Roberts,,https://www.allpointbulletin.com/,en,daily,3,,,Q135683545,0,49.0000,-123.0647,language from country default
no,US,The Wynne Progress,Wynne,,https://thewynneprogress.com,en,daily,3,,,Q136346324,0,35.2275,-90.7894,
no,US,La Conner Community News,La Conner,,https://laconnercommunitynews.org/,en,daily,3,,,Q137855682,0,48.3906,-122.4960,language from country default
no,US,North News,Minneapolis,,https://mynorthnews.org/,en,daily,3,,,Q137887920,0,44.9819,-93.2692,
no,US,Washtenaw Jewish News,Ann Arbor,,https://washtenawjewishnews.org,en,daily,3,,,Q138332247,0,42.2814,-83.7483,
no,US,The Toreador,,,http://www.dailytoreador.com,en,daily,3,,,Q100323688,0,,,no place of publication/headquarters in Wikidata – fill in city
no,US,The Minaret,University of Tampa,,https://theminaretonline.com,en,daily,3,,,Q56613128,0,27.9472,-82.4654,
no,US,The VanCougar,Washington State University Vancouver,,https://thevancougar.com/,en,magazine,3,,,Q67010910,0,45.7311,-122.6370,"types: daily, magazine"
no,US,Branding Iron,Laramie,,https://www.uwbrandingiron.com/,en,daily,3,,,Q114748464,0,41.3111,-105.5936,
no,US,New Mexico Daily Lobo,Albuquerque,,https://dailylobo.com,en,daily,3,,,Q116302609,0,35.0844,-106.6503,
no,US,The Montclarion,Montclair State University,,https://themontclarion.org/,en,daily,3,,,Q117271155,0,40.8591,-74.1987,
no,US,Terra Nova Times,Pacifica,,https://www.terranovatimes.com,en,daily,3,,,Q117288476,0,37.6228,-122.4856,
no,US,The Trail Blazer,Morehead,,https://www.thetrailblazeronline.net/,en,daily,3,,,Q124031052,0,38.1836,-83.4411,
no,US,Liberty Champion,,,https://www.liberty.edu/champion/,en,daily,3,,,Q124181586,0,,,no place of publication/headquarters in Wikidata – fill in city; language from country default
no,US,Rogue News,Ashland,,https://theroguenews.com/,en,daily,3,,,Q131451219,0,42.1914,-122.7008,language from country default
no,US,NYC Daily Post,New York City,,https://nycdailypost.com,en,daily,3,,,Q108467889,0,40.7128,-74.0061,
no,US,Insider Paper,,,https://insiderpaper.com/,en,online,3,,,Q110562359,0,,,"no place of publication/headquarters in Wikidata – fill in city; types: daily, online"
no,US,Torque News,Indian Land,,https://www.torquenews.com,en,online,3,,,Q138412584,0,35.0019,-80.8567,
no,US,IndiaGlitz,Chennai,IN,https://www.indiaglitz.com,en,online,3,exile,,Q138788737,0,13.0825,80.2750,newsroom abroad (IN) – exile?
no,US,Source of the Spring,,,https://www.sourceofthespring.com/,en,online,3,,,Q138848325,0,,,"no place of publication/headquarters in Wikidata – fill in city; types: daily, online"
no,US,Off The Record (fragrance publication),,,https://otrfragrance.com,en,online,3,,,Q139553155,0,,,no place of publication/headquarters in Wikidata – fill in city
no,US,Looksmax Man,,,https://looksmaxman.com,en,online,3,,,Q139553746,0,,,no place of publication/headquarters in Wikidata – fill in city
no,US,BGodInspired,,,https://bgodinspired.com/,en,online,3,,,Q139601883,0,,,no place of publication/headquarters in Wikidata – fill in city; language from country default
no,US,ViviBook,Las Vegas,,https://vivibook.ai,en,online,3,,,Q139622471,0,36.1672,-115.1486,
no,US,Raptology,New York City,,https://raptology.com,en,online,3,,,Q139740801,0,40.7128,-74.0061,
no,US,Nashville Post,Nashville,,https://www.nashvillepost.com/,en,online,3,,,Q140006848,0,36.1622,-86.7744,
no,US,citybiz,,,https://www.citybiz.co,en,online,3,,,Q140034918,0,,,no place of publication/headquarters in Wikidata – fill in city; language from country default
no,US,Fortress of Solitude,,,https://www.fortressofsolitude.co.za/,en,online,3,,,Q140071090,0,,,no place of publication/headquarters in Wikidata – fill in city; language from country default
no,US,Issaquah Spotlight,Issaquah,,https://issaquahspotlight.org/,en,online,3,,,Q140177899,0,47.5356,-122.0433,language from country default
no,US,LA Progressive,,,https://www.laprogressive.com/,en,online,3,,,Q140196642,0,,,no place of publication/headquarters in Wikidata – fill in city
no,US,BuybackStocks,United States,,https://buybackstocks.com/,en,online,3,,,Q140230131,0,39.8282,-98.5795,
no,US,KTRENZ,,,https://ktrenz.com,en,online,3,,,Q140355213,0,,,no place of publication/headquarters in Wikidata – fill in city
no,US,Cleveland-Bradley Free Press,Cleveland,,https://cbfp.news/,en,online,3,,,Q140451244,0,35.1714,-84.8711,
no,US,IdeaMensch,,,https://ideamensch.com,en,online,3,,,Q140549987,0,,,no place of publication/headquarters in Wikidata – fill in city; language from country default
no,US,Western Voices World News,,,http://www.wvwnews.net,en,online,3,,,Q141161300,0,,,no place of publication/headquarters in Wikidata – fill in city
no,US,AIStockWire,,,https://aistockwire.com,en,online,3,,,Q141178753,0,,,no place of publication/headquarters in Wikidata – fill in city
no,US,24 News Click,,,https://24newsclick.com/,en,online,3,,,Q141216614,0,,,no place of publication/headquarters in Wikidata – fill in city
no,US,3G Times,,,https://3gtimes.com/,en,online,3,,,Q141216615,0,,,no place of publication/headquarters in Wikidata – fill in city
no,US,Agla News,,,https://aglanews.com/,en,online,3,,,Q141216623,0,,,no place of publication/headquarters in Wikidata – fill in city
no,US,Agile News,,,https://agile-news.com/,en,online,3,,,Q141216621,0,,,no place of publication/headquarters in Wikidata – fill in city
no,US,Amjilt News,,,https://amjilt.news/,en,online,3,,,Q141216626,0,,,no place of publication/headquarters in Wikidata – fill in city
no,US,Business News 7,,,https://businessnews7.com/,en,online,3,,,Q141216654,0,,,no place of publication/headquarters in Wikidata – fill in city
no,US,Buzz News 10,,,https://buzznews10.com/,en,online,3,,,Q141216655,0,,,no place of publication/headquarters in Wikidata – fill in city
no,US,Blog Daily,,,https://blogdaily.us/,en,online,3,,,Q141216652,0,,,no place of publication/headquarters in Wikidata – fill in city
no,US,Daily Detective News,,,https://dailydetectivenews.com/,en,online,3,,,Q141216658,0,,,no place of publication/headquarters in Wikidata – fill in city
no,US,Daily News Voyage,,,https://dailynewsvoyage.com/,en,online,3,,,Q141216659,0,,,no place of publication/headquarters in Wikidata – fill in city
no,US,Dayue News,,,https://dayuenews.com/,en,online,3,,,Q141216662,0,,,no place of publication/headquarters in Wikidata – fill in city
no,US,Daily Pencil,,,https://dailypencil.com/,en,online,3,,,Q141216660,0,,,no place of publication/headquarters in Wikidata – fill in city
no,US,EDN News 12,,,https://ednnews-12.com/,en,online,3,,,Q141216666,0,,,no place of publication/headquarters in Wikidata – fill in city
no,US,Engevity News,,,https://engevitynews.com/,en,online,3,,,Q141216668,0,,,no place of publication/headquarters in Wikidata – fill in city
no,US,Farm Press Theme,,,https://farmpresstheme.com/,en,online,3,,,Q141216672,0,,,no place of publication/headquarters in Wikidata – fill in city
no,US,Fun News Daily,,,https://funnewsdaily.com/,en,online,3,,,Q141216673,0,,,no place of publication/headquarters in Wikidata – fill in city
no,US,Juvenile Pre & Post,,,https://juvenile-pre-post.com/,en,online,3,,,Q141216683,0,,,no place of publication/headquarters in Wikidata – fill in city
no,US,Legacy Village News,,,https://legacyvillagenews.com/,en,online,3,,,Q141216686,0,,,no place of publication/headquarters in Wikidata – fill in city
no,US,Licht Journal,,,https://licht-journal.com/,en,online,3,,,Q141216687,0,,,no place of publication/headquarters in Wikidata – fill in city
no,US,KAJ News,,,https://kajnews.com/,en,online,3,,,Q141216684,0,,,no place of publication/headquarters in Wikidata – fill in city
no,US,L4 News,,,https://l4news.com/,en,online,3,,,Q141216685,0,,,no place of publication/headquarters in Wikidata – fill in city
no,US,LMH News,,,https://lmhnews.com/,en,online,3,,,Q141216690,0,,,no place of publication/headquarters in Wikidata – fill in city
no,US,Media News Watch,,,https://medianewswatch.com/,en,online,3,,,Q141216695,0,,,no place of publication/headquarters in Wikidata – fill in city
no,US,Market Post Center,,,https://marketpostcenter.com/,en,online,3,,,Q141216693,0,,,no place of publication/headquarters in Wikidata – fill in city
no,US,Miami in News,,,https://miamiinnews.com/,en,online,3,,,Q141216697,0,,,no place of publication/headquarters in Wikidata – fill in city
no,US,Naval Pages,,,https://naval-pages.com/,en,online,3,,,Q141216702,0,,,no place of publication/headquarters in Wikidata – fill in city
no,US,News ABC,,,https://news-abc.com/,en,online,3,,,Q141216703,0,,,no place of publication/headquarters in Wikidata – fill in city
no,US,News Bay 71,,,https://newsbay71.com/,en,online,3,,,Q141216706,0,,,no place of publication/headquarters in Wikidata – fill in city
no,US,News Choice,,,https://news-choice.com/,en,online,3,,,Q141216704,0,,,no place of publication/headquarters in Wikidata – fill in city
no,US,News 7 Channel,,,https://news7channel.com/,en,online,3,,,Q141216705,0,,,no place of publication/headquarters in Wikidata – fill in city
no,US,Newspaper Daily,,,https://newspaper-daily.com/,en,online,3,,,Q141216708,0,,,no place of publication/headquarters in Wikidata – fill in city
no,US,Norly News,,,https://norlynews.com/,en,online,3,,,Q141216713,0,,,no place of publication/headquarters in Wikidata – fill in city
no,US,Pacific Press New York,,,https://pacificpressnewyork.com/,en,online,3,,,Q141216718,0,,,no place of publication/headquarters in Wikidata – fill in city
no,US,Old Post Books,,,https://oldpostbooks.com/,en,online,3,,,Q141216716,0,,,no place of publication/headquarters in Wikidata – fill in city
no,US,Orer News,,,https://orer.news/,en,online,3,,,Q141216717,0,,,no place of publication/headquarters in Wikidata – fill in city
no,US,Red Orb News,,,https://redorbnews.com/,en,online,3,,,Q141216723,0,,,no place of publication/headquarters in Wikidata – fill in city
no,US,Reliable News,,,https://reliable-news.com/,en,online,3,,,Q141216727,0,,,no place of publication/headquarters in Wikidata – fill in city
no,US,Regd News,,,https://regdnews.tv/,en,online,3,,,Q141216724,0,,,no place of publication/headquarters in Wikidata – fill in city
no,US,Santa Post,,,https://santapost.org/,en,online,3,,,Q141216731,0,,,no place of publication/headquarters in Wikidata – fill in city
no,US,Rockland Review News,,,https://rocklandreviewnews.com/,en,online,3,,,Q141216728,0,,,no place of publication/headquarters in Wikidata – fill in city
no,US,Spedtacular Daily Living,,,https://spedtaculardailyliving.com/,en,online,3,,,Q141216735,0,,,no place of publication/headquarters in Wikidata – fill in city
no,US,Shore News Now,,,https://shorenewsnow.com/,en,online,3,,,Q141216732,0,,,no place of publication/headquarters in Wikidata – fill in city
no,US,The Daily Deal Queen,,,https://thedailydealqueen.com/,en,online,3,,,Q141216739,0,,,no place of publication/headquarters in Wikidata – fill in city
no,US,The Press Times,,,https://thepresstimes.com/,en,online,3,,,Q141216742,0,,,no place of publication/headquarters in Wikidata – fill in city
no,US,The Daily News 24,,,https://thedailynews24hr.com/,en,online,3,,,Q141216740,0,,,no place of publication/headquarters in Wikidata – fill in city
no,US,Union Times Today,,,https://uniontimestoday.com/,en,online,3,,,Q141216746,0,,,no place of publication/headquarters in Wikidata – fill in city
no,US,USA Daily News 24,,,https://usadailynews24.com/,en,online,3,,,Q141216747,0,,,no place of publication/headquarters in Wikidata – fill in city
no,US,Toor News,,,https://toornews.com/,en,online,3,,,Q141216744,0,,,no place of publication/headquarters in Wikidata – fill in city
no,US,UZU News,,,https://uzunews.com/,en,online,3,,,Q141216750,0,,,no place of publication/headquarters in Wikidata – fill in city
no,US,USA Post 21,,,https://usapost2021.com/,en,online,3,,,Q141216748,0,,,no place of publication/headquarters in Wikidata – fill in city
no,US,Baltimore Witness,,,https://baltimorewitness.org/,en,online,3,,,Q141223841,0,,,no place of publication/headquarters in Wikidata – fill in city
no,US,California Culture Chronicle,,,https://ccctimes.com/,en,online,3,,,Q141250170,0,,,no place of publication/headquarters in Wikidata – fill in city
no,US,The Tulsa Times,,,https://tustimes.com/,en,online,3,,,Q141250174,0,,,no place of publication/headquarters in Wikidata – fill in city
no,US,Multi Academic Journal,,,https://multiacademicjournal.com/,en,online,3,,,Q141250172,0,,,no place of publication/headquarters in Wikidata – fill in city
no,US,East Idaho News,Idaho Falls,,https://www.eastidahonews.com/,en,online,3,,,Q141260447,0,43.4917,-112.0325,
no,US,Money & World,,,https://moneyandworld.com/,en,online,3,,,Q141347002,0,,,no place of publication/headquarters in Wikidata – fill in city
no,US,Just Security,,,https://www.justsecurity.org,en,daily,3,,,Q134389419,0,,,no place of publication/headquarters in Wikidata – fill in city
no,US,iRunFar,,,http://www.irunfar.com/,en,online,3,,,Q42225178,0,,,no place of publication/headquarters in Wikidata – fill in city; language from country default
no,US,Military Times,,,https://www.militarytimes.com/,en,online,3,,,Q47015311,0,,,"no place of publication/headquarters in Wikidata – fill in city; language from country default; types: daily, online"
no,US,Newswire Network,Salt Lake City,,https://newswire.net/,en,online,3,,,Q48004150,0,40.7500,-111.8833,language from country default
no,US,Afro Dope News,San Diego,,https://afrodopenews.com,fr,online,3,,,Q81879928,0,32.7150,-117.1625,
no,US,The Daily Memphian,Memphis,,https://dailymemphian.com/,en,online,3,,,Q96197149,0,35.1461,-90.0519,
no,US,Reading Religion,,,https://readingreligion.org/,en,online,3,,,Q97857063,0,,,no place of publication/headquarters in Wikidata – fill in city
no,US,Al Hal Net,,,https://7al.net/,en,online,3,,,Q99764609,0,,,no place of publication/headquarters in Wikidata – fill in city; language from country default
no,US,Sahan Journal,Saint Paul,,https://sahanjournal.com/,en,online,3,,,Q104629821,0,44.9442,-93.0936,
no,US,The Baltimore Post,,,https://thebaltimorepost.com/,en,online,3,,,Q104783501,0,,,no place of publication/headquarters in Wikidata – fill in city
no,US,The Philadelphia Citizen,Philadelphia,,https://thephiladelphiacitizen.org/,en,online,3,,,Q106619056,0,39.9528,-75.1636,language from country default
no,US,IDEXX Currents,,,https://www.idexxcurrents.com,en,online,3,,,Q107010800,0,,,"no place of publication/headquarters in Wikidata – fill in city; types: daily, online"
no,US,Bayou Brief,,,https://www.bayoubrief.com/,en,online,3,,,Q108323589,0,,,no place of publication/headquarters in Wikidata – fill in city
no,US,The Voice of New York,New York City,,https://www.lavocedinewyork.com/,en,online,3,,,Q108442149,0,40.7128,-74.0061,
no,US,Hometown Life,,,https://hometownlife.com/,en,online,3,,,Q108584997,0,,,no place of publication/headquarters in Wikidata – fill in city
no,US,Startland News,Kansas City,,https://www.startlandnews.com,en,online,3,,,Q109186582,0,39.0500,-94.5833,
no,US,Missouri Business Alert,Columbia,,https://www.missouribusinessalert.com/,en,online,3,,,Q109188936,0,38.9517,-92.3341,
no,US,IFF News,,,https://www.iffnews.com/,en,online,3,,,Q109413035,0,,,no place of publication/headquarters in Wikidata – fill in city; language from country default
no,US,Austin Monitor,Austin,,https://www.austinmonitor.com/,en,online,3,,,Q110402716,0,30.3000,-97.7333,language from country default
no,US,The NAU Review,,,https://news.nau.edu/,en,online,3,,,Q110619161,0,,,no place of publication/headquarters in Wikidata – fill in city; language from country default
no,US,Sports Business Journal,,,http://sportsbusinessjournal.com/,en,online,3,,,Q110702184,0,,,no place of publication/headquarters in Wikidata – fill in city
no,US,The Arizona Mirror,,,https://www.azmirror.com/,en,online,3,,,Q111013865,0,,,no place of publication/headquarters in Wikidata – fill in city; language from country default
no,US,Techaeris,Branson,,https://techaeris.com,en,online,3,,,Q111738218,0,36.6378,-93.2550,
no,US,The Berkshire Edge,,,https://theberkshireedge.com/,en,online,3,,,Q112344835,0,,,no place of publication/headquarters in Wikidata – fill in city
no,US,The Ithaca Voice,,,https://ithacavoice.com/,en,online,3,,,Q113691879,0,,,no place of publication/headquarters in Wikidata – fill in city
no,US,pilotonline.com,,,https://www.pilotonline.com/,en,online,3,,,Q115413289,0,,,no place of publication/headquarters in Wikidata – fill in city
no,US,BenarNews,,,https://www.benarnews.org/,en,online,3,,,Q117193892,0,,,no place of publication/headquarters in Wikidata – fill in city; language from country default
no,US,French Morning,,,https://frenchmorning.com/,fr,online,3,,,Q117341445,0,,,no place of publication/headquarters in Wikidata – fill in city
no,US,Lone Conservative,,,https://loneconservative.com,en,online,3,,,Q123561683,0,,,no place of publication/headquarters in Wikidata – fill in city; language from country default
no,US,Flintside,Flint,,https://www.flintside.com/,en,online,3,,,Q123824846,0,43.0189,-83.6933,language from country default
no,US,RJI News,,,https://rjionline.org,en,online,3,,,Q123915380,0,,,no place of publication/headquarters in Wikidata – fill in city
no,US,Cache Valley Daily,Logan,,https://www.cachevalleydaily.com,en,online,3,,,Q129800569,0,41.7378,-111.8308,
no,US,Irish Star,,,https://www.irishstar.com/,en,online,3,,,Q134433392,0,,,no place of publication/headquarters in Wikidata – fill in city
no,US,CurationsLA,Los Angeles,,https://la.curations.cc,en,online,3,,,Q134525184,0,34.0522,-118.2437,language from country default
no,US,Stay Inspired,North Myrtle Beach,,https://www.stayinspirednews.com,en,online,3,,,Q136483238,0,33.8222,-78.6811,language from country default
no,US,Meteored United States,,,https://www.theweather.com/,en,online,3,,,Q137858069,0,,,no place of publication/headquarters in Wikidata – fill in city
no,US,The Hechinger Report,New York City,,https://hechingerreport.org/,en,online,3,,,Q137996652,0,40.7128,-74.0061,language from country default
no,US,The Eastsider,,,https://www.theeastsiderla.com/,en,online,3,,,Q61745586,0,,,no place of publication/headquarters in Wikidata – fill in city
no,US,Hufforbes,New York City,,https://www.hufforbes.com/,en,online,3,,,Q64153744,0,40.7128,-74.0061,
no,US,San Angelo Live,,,https://sanangelolive.com/,en,online,3,,,Q67028980,0,,,no place of publication/headquarters in Wikidata – fill in city; language from country default
no,US,Hoa Thịnh Đốn Việt Báo,Annandale,,http://htdvietbao.net/,vi,daily,3,,,Q113134385,0,38.8342,-77.2114,
no,US,Crain's Detroit Business,Detroit,,http://www.crainsdetroit.com/,en,daily,3,,,Q27891854,0,42.3317,-83.0475,language from country default
no,US,DigBoston,,,https://digboston.com/,en,online,3,,,Q96804784,0,,,"no place of publication/headquarters in Wikidata – fill in city; language from country default; types: daily, online"
no,US,North Coast News,Ocean Shores,,https://www.northcoastnews.com/news/,en,weekly,3,,,Q109290723,0,46.9717,-124.1550,language from country default
no,US,The Boston Phoenix,Boston,,https://bostonphoenix.com/,en,weekly,3,,,Q120018979,0,42.3603,-71.0578,
no,US,Crime Times,,,http://crimetimesusa.com/,en,weekly,3,,,Q56884829,0,,,no place of publication/headquarters in Wikidata – fill in city; language from country default
no,US,HealthSignals,Miami,,https://healthsignals.news,en,online,3,,,Q141448107,0,25.7742,-80.1936,
no,US,The Downballot,,,https://www.the-downballot.com/,en,online,3,,,Q141490940,0,,,no place of publication/headquarters in Wikidata – fill in city; language from country default
no,US,The Lexington Observer,Lexington,,https://lexobserver.org/,en,online,3,,,Q141608860,0,42.4475,-71.2275,
no,US,Park Bugle,Saint Paul,,https://www.parkbugle.org/,en,daily,3,,,Q56795957,0,44.9442,-93.0936,
no,US,Anthos,,,http://pdxscholar.library.pdx.edu/anthos/,en,daily,3,,,Q96702703,0,,,no place of publication/headquarters in Wikidata – fill in city
no,US,Issues in Applied Linguistics,Los Angeles,,http://escholarship.org/uc/appling_ial,en,daily,3,,,Q15753513,0,34.0522,-118.2437,
no,US,QVegas,,,https://qvegas.com,en,daily,3,,,Q115768558,0,,,no place of publication/headquarters in Wikidata – fill in city; language from country default
no,US,The Daily Beacon,Knoxville,,https://utdailybeacon.com/,en,daily,3,,,Q137919358,0,35.9617,-83.9233,
no,US,Southwest Globe Times,Philadelphia,,https://www.swglobetimes.com/,en,daily,3,,,Q101425550,0,39.9528,-75.1636,language from country default
no,US,Rock Creek Free Press,,,http://www.RockCreekFreePress.com/,en,daily,3,,,Q7354369,0,,,no place of publication/headquarters in Wikidata – fill in city
no,US,SQL Server,,,http://www.sqlmag.com/?code=wkpd,en,daily,3,,,Q7392739,0,,,no place of publication/headquarters in Wikidata – fill in city
no,US,Chain Leader,,,http://www.chainleader.com,en,daily,3,,,Q5067880,0,,,no place of publication/headquarters in Wikidata – fill in city
no,US,Modern Fix,,,http://modernfix.com,en,daily,3,,,Q6888661,0,,,no place of publication/headquarters in Wikidata – fill in city
no,US,Kidsguide,Los Alamitos,,http://kidsguidemagazine.com/,en,daily,3,,,Q6405026,0,33.8022,-118.0644,language from country default
no,US,Las Vegas Israelite,Las Vegas,,http://www.lvisraelite.com/,en,daily,3,,,Q111723687,0,36.1672,-115.1486,
no,US,The Jewish Link,,,https://jewishlink.news/,en,daily,3,,,Q116775370,0,,,no place of publication/headquarters in Wikidata – fill in city
no,US,North Denver News,Denver,,https://northdenvernews.com,en,daily,3,,,Q7055108,0,39.7392,-104.9847,
no,US,Pennsylvania Report,,,http://www.pa-report.com/,en,daily,3,,,Q7164058,0,,,no place of publication/headquarters in Wikidata – fill in city
no,US,The Times Bulletin,Van Wert,,http://www.timesbulletin.com,en,daily,3,,,Q7769400,0,40.8678,-84.5833,
no,US,Travel Weekly,Rutherford,,http://www.travelweekly.com/,en,daily,3,,,Q7835946,0,40.8203,-74.1060,
no,US,India-West,,,http://www.indiawest.com,en,daily,3,,,Q13447170,0,,,no place of publication/headquarters in Wikidata – fill in city
no,US,San Fernando Valley Business Journal,Woodland Hills,,https://www.sfvbj.com/,en,daily,3,,,Q55665764,0,34.1683,-118.6050,
no,US,Utica Phoenix,Utica,,http://www.uticaphoenix.net,en,daily,3,,,Q19878442,0,43.1008,-75.2325,
no,US,News-Herald,Lenoir City,,https://www.news-herald.net/,en,daily,3,,,Q56236359,0,35.7975,-84.2711,language from country default
no,US,Argonaut,Marina del Rey,,https://www.argonautnews.com/,en,daily,3,,,Q56236370,0,33.9794,-118.4528,language from country default
no,US,Daily Journal,Los Angeles,,https://www.dailyjournal.com/,en,daily,3,,,Q56236368,0,34.0522,-118.2437,
no,US,Peninsula News,Palos Verdes Estates,,http://www.pvnews.com/,en,daily,3,,,Q56236375,0,33.7869,-118.3967,language from country default
no,US,Mountain Democrat,Placerville,,https://www.mtdemocrat.com/,en,daily,3,,,Q56236379,0,38.7297,-120.7986,language from country default
no,US,Pasadena Independent,Pasadena,,http://www.pasadenaindependent.com/,en,daily,3,,,Q56236377,0,34.1475,-118.1439,language from country default
no,US,Community Voice,Rohnert Park,,https://www.thecommunityvoice.com/,en,daily,3,,,Q56236381,0,38.3472,-122.6953,language from country default
no,US,Gazette,Sacramento,,https://www.sacgazette.com/,en,daily,3,,,Q56236385,0,38.5753,-121.4861,language from country default
no,US,El Reportero,San Francisco,,http://elreporterosf.com,en,daily,3,,,Q56236390,0,37.7750,-122.4194,language from country default
no,US,Villager,Greenwood Village,,https://villagerpublishing.com/,en,daily,3,,,Q56236409,0,39.6158,-104.9114,language from country default
no,US,Register Citizen,Torrington,,https://www.registercitizen.com/,en,daily,3,,,Q56236420,0,41.8000,-73.1167,language from country default
no,US,Westport News,Westport,,https://www.westport-news.com/,en,daily,3,,,Q56236421,0,41.1415,-73.3579,language from country default
no,US,Coastal Point,Ocean View,,https://www.coastalpoint.com/,en,daily,3,,,Q56236426,0,38.5408,-75.0969,language from country default
no,US,Seminole & Beach Beacon,Gulfport,,https://www.tbnweekly.com/,en,daily,3,,,Q56236436,0,27.7506,-82.7086,language from country default
no,US,Recorder,Ponte Vedra Beach,,https://pontevedrarecorder.com/,en,daily,3,,,Q56236447,0,30.2394,-81.3858,language from country default
no,US,News Observer,Blue Ridge,,https://www.thenewsobserver.com/,en,daily,3,,,Q56236451,0,34.8683,-84.3211,language from country default
no,US,Courier Herald,Dublin,,https://courierheraldtoday.com/,en,daily,3,,,Q56236454,0,32.5375,-82.9183,language from country default
no,US,Citizen,Fayetteville,,https://thecitizen.com/,en,daily,3,,,Q56236455,0,33.4478,-84.4617,language from country default
no,US,Eagle Grove Eagle,Eagle Grove,,https://www.theeaglegroveeagle.com/,en,daily,3,,,Q56236470,0,42.6650,-93.9025,language from country default
no,US,Chronicle Times,Cherokee,,https://www.chronicletimes.com/,en,daily,3,,,Q56236469,0,42.7500,-95.5500,language from country default
no,US,Daily Democrat,Fort Madison,,https://www.dailydem.com/,en,daily,3,,,Q56236472,0,40.6286,-91.3389,language from country default
no,US,Daily Reporter,Spencer,,https://www.spencerdailyreporter.com/,en,daily,3,,,Q56236482,0,43.1453,-95.1472,language from country default
no,US,Valley News,Shenandoah,,https://valleynewstoday.com/,en,daily,3,,,Q56236480,0,40.7622,-95.3708,language from country default
no,US,Reflejos,Chicago,,http://reflejos.com,en,daily,3,,,Q56236504,0,41.8819,-87.6278,language from country default
no,US,Doings,Hinsdale,,https://thedoings-hinsdale.com/,en,daily,3,,,Q56236513,0,41.8006,-87.9281,language from country default
no,US,Enterprise,Plainfield,,https://enterprisepublications.com/,en,daily,3,,,Q56236531,0,41.6172,-88.2028,language from country default
no,US,Regional News,Palos Heights,,https://southwestregionalpublishing.com/regional-news/,en,daily,3,,,Q56236528,0,41.6637,-87.7958,language from country default
no,US,Landmark,Riverside,,https://www.rblandmark.com/,en,daily,3,,,Q56236534,0,41.8308,-87.8161,language from country default
no,US,News Banner,Bluffton,,https://news-banner.com/,en,daily,3,,,Q56236539,0,40.7381,-85.1722,language from country default
no,US,Post & Mail,Columbia City,,https://www.thepostandmail.com/,en,daily,3,,,Q56236540,0,41.1586,-85.4878,language from country default
no,US,Times,Frankfort,,https://www.ftimes.com/,en,daily,3,,,Q56236546,0,40.2822,-86.5114,language from country default
no,US,Herald Journal,Monticello,,https://www.thehj.com/,en,daily,3,,,Q56236555,0,40.7467,-86.7653,language from country default
no,US,Courier Times,New Castle,,https://www.thecouriertimes.com/,en,daily,3,,,Q56236558,0,39.9236,-85.3650,language from country default
no,US,Times-Union,Warsaw,,https://timesuniononline.com,en,daily,3,,,Q56236561,0,41.2406,-85.8469,
no,US,Herald-Chronicle,Osage City,,http://www.osagecountyonline.com/,en,daily,3,,,Q56236565,0,38.6342,-95.8267,language from country default
no,US,Community Voice,Wichita,,https://www.communityvoiceks.com,en,daily,3,,,Q56236571,0,37.6889,-97.3361,
no,US,Mirror,Tonganoxie,,https://www.tonganoxiemirror.com/,en,daily,3,,,Q56236569,0,39.1089,-95.0869,language from country default
no,US,Daily News,Bowling Green,,https://bgdailynews.com/,en,daily,3,,,Q56236574,0,36.9817,-86.4444,language from country default
no,US,News-Graphic,Georgetown,,https://www.news-graphic.com/,en,daily,3,,,Q56236578,0,38.2097,-84.5600,language from country default
no,US,State Journal,Frankfort,,https://www.state-journal.com/,en,daily,3,,,Q56236577,0,38.1970,-84.8630,language from country default
no,US,Ledger-Independent,Maysville,,https://maysville-online.com/,en,daily,3,,,Q56236583,0,38.6439,-83.7758,language from country default
no,US,Gleaner,Henderson,,https://www.thegleaner.com/,en,daily,3,,,Q56236580,0,37.8356,-87.5808,language from country default
no,US,Sentinel-News,Shelbyville,,https://www.sentinelnews.com/,en,daily,3,,,Q56236588,0,38.2122,-85.2258,language from country default
no,US,Springfield Sun,Springfield,,http://www.readthesun.com/,en,daily,3,,,Q56236589,0,37.6864,-85.2219,language from country default
no,US,Advocate,Baton Rouge,,https://www.2theadvocate.net/,en,daily,3,,,Q56236592,0,30.4475,-91.1786,language from country default
no,US,American Press,Lake Charles,,https://www.americanpress.com/,en,daily,3,,,Q56236597,0,30.2147,-93.2086,language from country default
no,US,The Franklin Sun,Winnsboro,,https://www.franklinsun.com/,en,daily,3,,,Q56236601,0,32.1633,-91.7233,language from country default
no,US,The Enterprise,Falmouth,,https://www.capenews.net/,en,daily,3,,,Q56236610,0,41.5514,-70.6153,language from country default
no,US,Reminder,East Longmeadow,,https://thereminder.com/,en,daily,3,,,Q56236608,0,42.0644,-72.5131,language from country default
no,US,O Jornal News,Fall River,,https://www.ojornal.com/,en,daily,3,,,Q56236609,0,41.7014,-71.1556,language from country default
no,US,Landmark,Holden,,https://www.thelandmark.com/,en,daily,3,,,Q56236613,0,42.3517,-71.8639,language from country default
no,US,Milton Times,Milton,,https://www.miltontimes.com/,en,daily,3,,,Q56236620,0,42.2500,-71.0667,language from country default
no,US,Bay Weekly,Annapolis,,https://bayweekly.com/,en,daily,3,,,Q56236629,0,38.9786,-76.4919,language from country default
no,US,Lake County Star,Baldwin,,https://www.lakecountystar.com/,en,daily,3,,,Q56236645,0,43.8972,-85.8531,language from country default
no,US,Daily News,Dowagiac,,https://www.dowagiacnews.com/,en,daily,3,,,Q56236649,0,41.9842,-86.1086,language from country default
no,US,Daily News,Hillsdale,,https://www.hillsdale.net/,en,daily,3,,,Q56236652,0,41.9201,-84.6305,language from country default
no,US,Morning Sun,Mount Pleasant,,https://www.themorningsun.com/,en,daily,3,,,Q56236656,0,43.5978,-84.7675,language from country default
no,US,Daily Star,Niles,,http://www.nilesstar.com/,en,daily,3,,,Q56236661,0,41.8300,-86.2533,language from country default
no,US,Oxford Leader,Oxford,,https://oxfordleader.com/,en,daily,3,,,Q56236672,0,42.8247,-83.2647,
no,US,Times Herald,Port Huron,,https://www.thetimesherald.com/,en,daily,3,,,Q56236678,0,42.9750,-82.4244,language from country default
no,US,Herald Review,Reed City,,https://www.theheraldreview.com/,en,daily,3,,,Q56236679,0,43.8750,-85.5100,language from country default
no,US,Sun Times,Pinckney,,https://thesuntimesnews.com/,en,daily,3,,,Q56236676,0,42.4567,-83.9464,language from country default
no,US,The Sault News,Sault Ste. Marie,,https://www.sooeveningnews.com/,en,daily,3,,,Q56236681,0,46.4969,-84.3456,language from country default
no,US,Sun Current,Eden Prairie,,https://current.mnsun.com/,en,daily,3,,,Q56236690,0,44.8547,-93.4708,language from country default
no,US,Ely Echo,Ely,,https://www.elyecho.com/,en,daily,3,,,Q56236691,0,47.9022,-91.8558,language from country default
no,US,Times,Forest Lake,,https://www.forestlaketimes.com/,en,daily,3,,,Q56236694,0,45.2761,-92.9847,language from country default
no,US,Herald Review,Grand Rapids,,https://www.grandrapidsmn.com/,en,daily,3,,,Q56236695,0,47.2372,-93.5303,
no,US,Jackson County Pilot,Jackson,,https://www.jacksoncountypilot.com/,en,daily,3,,,Q56236703,0,43.6208,-94.9886,
no,US,Jordan Independent,Jordan,,https://www.jordannews.com/,en,daily,3,,,Q56236704,0,44.6683,-93.6325,language from country default
no,US,Insight News,Minneapolis,,https://www.insightnews.com/,en,daily,3,,,Q56236715,0,44.9819,-93.2692,language from country default
no,US,Pilot-Independent,Walker,,https://www.walkermn.com/,en,daily,3,,,Q56236731,0,47.1014,-94.5872,language from country default
no,US,Independent,Parkers Prairie,,https://www.ppindependent.net/,en,daily,3,,,Q56236728,0,46.1531,-95.3289,language from country default
no,US,Republican-Clipper,Bethany,,https://www.bethanyclipper.com/,en,daily,3,,,Q56236734,0,40.2667,-94.0339,language from country default
no,US,Daily Globe,Worthington,,https://www.dglobe.com/,en,daily,3,,,Q56236733,0,43.6200,-95.5964,language from country default
no,US,Concordian,Concordia,,https://www.theconcordianonline.com/,en,daily,3,,,Q56236741,0,38.9839,-93.5689,language from country default
no,US,News Tribune,Jefferson City,,https://www.newstribune.com/,en,daily,3,,,Q56236746,0,38.5767,-92.1736,language from country default
no,US,Herald,Ste. Genevieve,,https://www.stegenherald.com/,en,daily,3,,,Q56236755,0,37.9769,-90.0486,language from country default
no,US,Richmond News,Richmond,,https://www.richmond-dailynews.com/,en,daily,3,,,Q56236753,0,39.2775,-93.9758,language from country default
no,US,Webster Kirkwood Times,Webster Groves,,https://www.websterkirkwoodtimes.com/,en,daily,3,,,Q56236759,0,38.5878,-90.3544,language from country default
no,US,Daily Leader,Brookhaven,,https://www.dailyleader.com/,en,daily,3,,,Q56236760,0,31.5819,-90.4431,language from country default
no,US,South Reporter,Holly Springs,,https://www.southreporter.com/,en,daily,3,,,Q56236764,0,34.7733,-89.4464,language from country default
no,US,Enterprise-Journal,McComb,,https://www.enterprise-journal.com/,en,daily,3,,,Q56236768,0,31.2438,-90.4532,language from country default
no,US,La Noticia,Charlotte,,http://lanoticia.com,en,daily,3,,,Q56236782,0,35.2269,-80.8433,language from country default
no,US,Focus,Hickory,,https://focusnewspaper.com/,en,daily,3,,,Q56236787,0,35.7378,-81.3283,
no,US,The Express,Wadesboro,,http://www.theexpressnewspaper.com,en,daily,3,,,Q56236795,0,34.9667,-80.0667,language from country default
no,US,Warren Record,Warrenton,,https://www.warrenrecord.com/,en,daily,3,,,Q56236796,0,36.4003,-78.1569,language from country default
no,US,News and Leader,Neligh,,https://nelighnews.com/,en,daily,3,,,Q56236810,0,42.1300,-98.0292,language from country default
no,US,Progress,Caldwell,,http://newjerseyhills.com/the_progress/,en,daily,3,,,Q56236820,0,40.8392,-74.2770,language from country default
no,US,Retrospect,Collingswood,,https://www.theretrospect.com/,en,daily,3,,,Q56236821,0,39.9153,-75.0784,language from country default
no,US,Current,Galloway Township,,https://www.gallowaycurrent.com/,en,daily,3,,,Q56236826,0,39.4928,-74.5594,language from country default
no,US,The Coast Star,Manasquan,,https://starnewsgroup.com/,en,daily,3,,,Q56236829,0,40.1186,-74.0447,
no,US,Business Journal,Rochester,,https://rbj.net/,en,daily,3,,,Q56236857,0,43.1656,-77.6114,language from country default
no,US,Times Gazette,Ashland,,https://www.times-gazette.com/,en,daily,3,,,Q56236862,0,40.8669,-82.3153,language from country default
no,US,News Current,Beavercreek,,https://www.beavercreeknewscurrent.com/,en,daily,3,,,Q56236863,0,39.7294,-84.0622,language from country default
no,US,Daily Standard,Celina,,https://www.dailystandard.com/,en,daily,3,,,Q56236864,0,40.5514,-84.5700,
no,US,Register-Herald,Eaton,,https://www.registerherald.com/,en,daily,3,,,Q56236871,0,39.7475,-84.6339,language from country default
no,US,Daily Herald,Delphos,,https://www.delphosherald.com/,en,daily,3,,,Q56236869,0,40.8444,-84.3394,language from country default
no,US,News Democrat,Georgetown,,https://www.newsdemocrat.com/,en,daily,3,,,Q56236874,0,38.8669,-83.9025,language from country default
no,US,Review Times,Fostoria,,https://reviewtimes.com/,en,daily,3,,,Q56236872,0,41.1592,-83.4153,language from country default
no,US,Press,Millbury,,https://www.presspublications.com/,en,daily,3,,,Q56236884,0,41.5639,-83.4239,language from country default
no,US,News Herald,Port Clinton,,https://www.portclintonnewsherald.com/,en,daily,3,,,Q56236888,0,41.5097,-82.9403,
no,US,Beacon,Port Clinton,,https://www.thebeacon.net/,en,daily,3,,,Q56236889,0,41.5097,-82.9403,language from country default
no,US,Daily Record,Wooster,,https://www.the-daily-record.com/,en,daily,3,,,Q56236893,0,40.8092,-81.9372,
no,US,Sentinel,Carlisle,,https://cumberlink.com/,en,daily,3,,,Q56236906,0,40.2025,-77.1950,language from country default
no,US,Beaver County Times,Beaver,,https://www.timesonline.com/,en,daily,3,,,Q56236904,0,40.6947,-80.3075,language from country default
no,US,Tribune Democrat,Johnstown,,https://www.tribdem.com/,en,daily,3,,,Q56236914,0,40.3228,-78.9208,language from country default
no,US,The Daily News,Lebanon,,https://www.huntingdondailynews.com/,en,daily,3,,,Q56236915,0,40.3417,-76.4208,language from country default
no,US,Standard-Speaker,Hazleton,,https://www.standardspeaker.com/,en,daily,3,,,Q56236912,0,40.9589,-75.9744,language from country default
no,US,Sun,Hummelstown,,https://news.thesunontheweb.com/,en,daily,3,,,Q56236913,0,40.2653,-76.7086,language from country default
no,US,Times Herald,Norristown,,https://www.timesherald.com/,en,daily,3,,,Q56236919,0,40.1200,-75.3417,language from country default
no,US,Dispatch,Pittston,,https://www.psdispatch.com/,en,daily,3,,,Q56236921,0,41.3239,-75.7889,language from country default
no,US,Chronicle-Independent,Camden,,https://www.chronicle-independent.com/,en,daily,3,,,Q56236936,0,34.2592,-80.6092,
no,US,Columbia Star,Columbia,,https://www.thecolumbiastar.com/,en,daily,3,,,Q56236941,0,34.0006,-81.0442,language from country default
no,US,Index-Journal,Greenwood,,https://www.indexjournal.com/,en,daily,3,,,Q56236945,0,34.1897,-82.1547,language from country default
no,US,Kingstree News,Kingstree,,https://www.kingstreenews.com/,en,daily,3,,,Q56236949,0,33.6711,-79.8286,language from country default
no,US,Standard Banner,Jefferson City,,https://www.standardbanner.com/,en,daily,3,,,Q56236963,0,36.1164,-83.4864,language from country default
no,US,Herald-News,Dayton,,https://www.rheaheraldnews.com/,en,daily,3,,,Q56236961,0,35.5000,-85.0167,language from country default
no,US,Herald-Chronicle,Winchester,,https://www.heraldchronicle.com/,en,daily,3,,,Q56236972,0,35.1883,-86.1125,language from country default
no,US,Canyon News,Canyon,,https://www.canyonnews.com/,en,daily,3,,,Q56236981,0,34.9794,-101.9258,language from country default
no,US,Highlander,Marble Falls,,https://www.highlandernews.com/,en,daily,3,,,Q56236995,0,30.5742,-98.2781,language from country default
no,US,Sun Advocate,Price,,http://www.sunad.com/,en,daily,3,,,Q56237014,0,39.6000,-110.8067,language from country default
no,US,Galax Gazette,Galax,,https://www.galaxgazette.com/,en,daily,3,,,Q56237019,0,36.6647,-80.9203,language from country default
no,US,Virginia Star,Gate City,,https://www.virginiastar.net/,en,daily,3,,,Q56237020,0,36.6383,-82.5806,language from country default
no,US,Southwest Times,Pulaski,,https://southwesttimes.com,en,daily,3,,,Q56237027,0,37.0500,-80.7722,language from country default
no,US,The News-Gazette,Lexington,,https://www.thenews-gazette.com/,en,daily,3,,,Q56237024,0,37.7840,-79.4428,
no,US,Times,Smithfield,,https://www.smithfieldtimes.com/,en,daily,3,,,Q56237030,0,36.9789,-76.6186,language from country default
no,US,Enterprise,Wytheville,,https://swvatoday.com/,en,daily,3,,,Q56237034,0,36.9478,-81.0869,language from country default
no,US,Salem News,Salem,,https://www.salemnews.net/,en,daily,3,,,Q56237041,0,40.9008,-80.8528,language from country default
no,US,Monroe Journal,Aberdeen,,https://monroecountyjournal.com/,en,daily,3,,,Q56446600,0,33.8244,-88.5497,language from country default
no,US,Central Record,Medford,,https://medfordcentralrecord.com,en,daily,3,,,Q56486770,0,39.8643,-74.8225,language from country default
no,US,Journal-Gazette,Mattoon,,https://jg-tc.com/,en,daily,3,,,Q56486768,0,39.4789,-88.3731,language from country default
no,US,Cincinnati Weekly Herald and Philanthropist,,,http://gateway.proquest.com/openurl?url_ver=Z39.88-2004&res_dat=xri:pqd::hnp&rft_val_fmt=info:ofi/fmt:kev:mtx:journal&rft_dat=xri:pqd:PMID=41531,en,daily,3,,,Q98686852,0,,,no place of publication/headquarters in Wikidata – fill in city
no,US,The Journal of the Order of Buddhist Contemplatives,,,https://journal.obcon.org,en,daily,3,,,Q99430617,0,,,no place of publication/headquarters in Wikidata – fill in city
no,US,Elko Independent,Elko,,http://elkoindependent.com/,en,daily,3,,,Q99983832,0,40.8325,-115.7632,
no,US,The Sentinel-Record,Hot Springs,,http://www.hotsr.com/,en,daily,3,,,Q59010272,0,34.5036,-93.0553,language from country default
no,US,El Hispanic News,Portland,,https://www.elhispanicnews.com/,es,daily,3,,,Q62683859,0,45.5150,-122.6792,
no,US,Randolph Journal,Winchester,,https://access.newspaperarchive.com/us/indiana/winchester/winchester-randolph-journal/,en,daily,3,,,Q100280795,0,40.1731,-84.9775,
no,US,Hernando News,Brooksville,,http://tbo.com/hernando/,en,daily,3,,,Q67151625,0,28.5536,-82.3886,language from country default
no,US,El Latino de hoy,Salem,,http://www.ellatinodehoy.com/,en,weekly,3,,,Q96085377,0,44.9400,-123.0389,"types: daily, weekly"
no,US,Gastroenterology & Endoscopy News,,,https://www.gastroendonews.com/,en,daily,3,,,Q96328183,0,,,no place of publication/headquarters in Wikidata – fill in city
no,US,Sentiment,Parsons,,http://www.sentimentmetrics.com,en,daily,3,,,Q100281899,0,37.3392,-95.2697,language from country default
no,US,The Sieve,West Brattleboro,,http://sieve.com.br,en,daily,3,,,Q100282122,0,42.8558,-72.6031,language from country default
no,US,Snips,St. Johns,,http://www.snips.net,en,daily,3,,,Q100282244,0,34.5019,-109.3717,language from country default
no,US,The Era-Leader,Franklinton,,https://www.era-leader.com/,en,daily,3,,,Q100294046,0,30.8473,-90.1553,
no,US,Delaware State Reporter,Dover,,http://YJ2RX5VX3S.search.serialssolutions.com/?sid=sersol&SS_jc=DESTR&title=Delaware%20State%20reporter,en,daily,3,,,Q100292768,0,39.1617,-75.5257,
no,US,The Campaign,Bloomsburg,,http://www.campaignlive.com/,en,daily,3,,,Q100288102,0,41.0025,-76.4581,language from country default
no,US,The Dispatch-News,Lexington,,http://infolink.lib.uiowa.edu:8080/sfx_local?sid=ALEPH:SFX&rft.object_id=1000000000215828&,en,daily,3,,,Q100293187,0,33.9811,-81.2308,
no,US,The Daily Journal,Vineland,,https://thedailyjournal.com,en,daily,3,,,Q100291987,0,39.4650,-75.0064,language from country default
no,US,Barnard Bulletin,New York City,,https://thebarnardbulletin.com/,en,daily,3,,,Q100307967,0,40.7128,-74.0061,language from country default
no,US,The Magnet,Shelby,,http://www.getmagnet.com,en,daily,3,,,Q100308641,0,33.1103,-86.5842,language from country default
no,US,The Issue,De Witt,,http://issueapp.com,en,daily,3,,,Q100301064,0,40.3950,-96.9208,language from country default
no,US,Noticias Latinas!,Milwaukie,,https://www.latinmedianw.com/newspaper.html,en,daily,3,,,Q106293610,0,45.4461,-122.6392,
no,US,Iowa news,,,http://news.google.com/newspapers?nid=dVnQPkO1q_gC,en,daily,3,,,Q106876524,0,,,no place of publication/headquarters in Wikidata – fill in city
no,US,The Chestnut Hill local,,,https://www.chestnuthilllocal.com/,en,daily,3,,,Q106877170,0,,,no place of publication/headquarters in Wikidata – fill in city
no,US,Caribbean National Weekly,Davie,,https://www.caribbeannationalweekly.com/,en,daily,3,,,Q107492859,0,26.0814,-80.2803,
no,US,The Norwegian American,Seattle,,https://www.norwegianamerican.com,en,daily,3,,,Q107659196,0,47.6050,-122.3300,
no,US,AIDS Vaccine Week,,,http://www.lexisnexis.com/us/lnacademic/api/version1/sf?shr=t&sfi=AC00NBGenSrch&csi=270138,en,daily,3,,,Q108278857,0,,,no place of publication/headquarters in Wikidata – fill in city
no,US,Anti-Infectives Week,,,http://www.newsrx.net,en,daily,3,,,Q108278881,0,,,no place of publication/headquarters in Wikidata – fill in city
no,US,Automotive news Europe,,,http://infotrac.galegroup.com/itw/infomark/1/1/1/purl=rc18%5fITOF%5F0%5F%5Fjn+%22Automotive+News+Europe%22,en,daily,3,,,Q108278910,0,,,no place of publication/headquarters in Wikidata – fill in city
no,US,Telemedicine Business Week,,,https://www.newsrx.com/Butter/#!Newsletters:Telemedicine-Business-Week,en,daily,3,,,Q108279403,0,,,no place of publication/headquarters in Wikidata – fill in city
no,US,Business Review,,,http://albany.bcentral.com/albany/,en,daily,3,,,Q108279600,0,,,no place of publication/headquarters in Wikidata – fill in city
no,US,California Planning & Development Report,Ventura,,https://www.cp-dr.com/,en,online,3,,,Q108279610,0,34.2678,-119.2542,"types: daily, online"
no,US,Cancer Gene Therapy Week,,,http://galenet.galegroup.com/servlet/HWRC?locIC=lcml_main,en,daily,3,,,Q108279618,0,,,no place of publication/headquarters in Wikidata – fill in city
no,US,Tech Capital,,,http://www.techcapital.com,en,daily,3,,,Q108280120,0,,,no place of publication/headquarters in Wikidata – fill in city
no,US,Los Alamos Daily Post,,,https://ladailypost.com/,en,daily,3,,,Q109590006,0,,,no place of publication/headquarters in Wikidata – fill in city; language from country default
no,US,Italian-American Herald,,,https://www.italianamericanherald.com/,en,daily,3,,,Q110586215,0,,,no place of publication/headquarters in Wikidata – fill in city
no,US,African Mirror,Cheverly,,https://africanmirrorusa.com/,en,daily,3,,,Q112844813,0,38.9245,-76.9135,language from country default
no,US,Engineering Education News,,,http://www.jstor.org/journal/engieducnews,en,daily,3,,,Q114841331,0,,,no place of publication/headquarters in Wikidata – fill in city
no,US,Sewickley Herald,,,http://sewickleyherald.com/,en,daily,3,,,Q120562380,0,,,no place of publication/headquarters in Wikidata – fill in city; language from country default
no,US,The Current,Eckerd College,,http://www.theonlinecurrent.com/,en,daily,3,,,Q120695758,0,27.7171,-82.6884,
no,US,Today’s Catholic,Fort Wayne,,https://todayscatholic.org/,en,online,3,,,Q125501580,0,41.0804,-85.1392,"types: daily, online"
no,US,The Georgetowner,"Washington, D.C.",,https://georgetowner.com/,en,daily,3,,,Q121743016,0,38.8950,-77.0367,
no,US,The Cairo Messenger,Cairo,,https://www.cairomessenger.com/,en,daily,3,,,Q122443156,0,30.8833,-84.2167,language from country default
no,US,Sanford Herald,Sanford,,https://www.mysanfordherald.com,en,daily,3,,,Q122443201,0,28.7894,-81.2756,language from country default
no,US,The Gazette-Virginian,South Boston,,https://www.yourgv.com,en,daily,3,,,Q122443216,0,36.7078,-78.9033,language from country default
no,US,Greater Tulsa Reporter,Tulsa,,https://gtrnews.com,en,daily,3,,,Q122443231,0,36.1314,-95.9372,language from country default
no,US,The Provincetown Independent,Provincetown,,https://provincetownindependent.org/,en,daily,3,,,Q122694809,0,42.0583,-70.1792,language from country default
no,US,Berkeley News,,,https://news.berkeley.edu/,en,daily,3,,,Q123538309,0,,,no place of publication/headquarters in Wikidata – fill in city
no,US,The Louisville Herald,Louisville,,https://www.louisvilleherald.com/,en,daily,3,,,Q123738527,0,40.8372,-81.2592,
no,US,The Granby Drummer,Granby,,https://granbydrummer.com/,en,daily,3,,,Q123745686,0,41.9622,-72.8394,
no,US,Columbus Jewish News,Beachwood,,https://www.columbusjewishnews.com/,en,daily,3,,,Q124388599,0,41.4822,-81.5039,
no,US,Deerfield Beach Observer,Deerfield Beach,,https://observernewspaperonline.com/,en,online,3,,,Q124822465,0,26.3181,-80.0997,"types: daily, online"
no,US,Meredith Herald,Raleigh,,https://www.meredithherald.com/,en,daily,3,,,Q100277117,0,35.7800,-78.6400,language from country default
no,US,Western Carolinian,Salisbury,,http://www.westerncarolinian.com,en,daily,3,,,Q100286944,0,35.6683,-80.4786,language from country default
no,US,The Commuter,,,http://lbcommuter.com/,en,daily,3,,,Q106888416,0,,,no place of publication/headquarters in Wikidata – fill in city
no,US,The Courier,,,https://chemeketacourier.com/,en,daily,3,,,Q106890829,0,,,no place of publication/headquarters in Wikidata – fill in city
no,US,The Epoch Journal,Annapolis,,https://digitalarchives.sjc.edu/collections/show/23,en,daily,3,,,Q131171323,0,38.9786,-76.4919,
no,US,The Spectator,,,https://seattlespectator.com/,en,daily,3,,,Q136131449,0,,,no place of publication/headquarters in Wikidata – fill in city
no,US,Synapse,,,https://synapse.ucsf.edu,en,daily,3,,,Q139603571,0,,,no place of publication/headquarters in Wikidata – fill in city
no,US,The North Shore Weekend,,,http://northshoreweekend.com/,en,daily,3,,,Q130345032,0,,,no place of publication/headquarters in Wikidata – fill in city
no,US,Alaska's News Source,,,https://www.alaskasnewssource.com/,en,daily,3,,,Q136213254,0,,,no place of publication/headquarters in Wikidata – fill in city; language from country default
no,US,Jacksonville Review,Jacksonville,,https://jacksonvillereview.com/,en,daily,3,,,Q136503555,0,42.3144,-122.9672,
no,US,The Monroe News,Monroe,,https://monroenews.com,en,daily,3,,,Q139618374,0,41.9164,-83.3978,
no,US,The University Record,,,https://record.umich.edu/,en,daily,3,,,Q140421146,0,,,no place of publication/headquarters in Wikidata – fill in city
no,US,Redmond Moments,Redmond,,https://www.redmondmoments.com/,en,daily,3,,,Q138503481,0,47.6694,-122.1239,
no,US,Diverse: Issues in Higher Education,,,https://diverseeducation.com/,en,online,3,,,Q107292014,0,,,no place of publication/headquarters in Wikidata – fill in city
no,US,IndraStra Global (periodical),New York City,,http://www.indrastra.com/,en,online,3,,,Q40281752,0,40.7128,-74.0061,
no,US,Electronic Trading Hub,,,https://electronictradinghub.com,en,online,3,,,Q138653639,0,,,no place of publication/headquarters in Wikidata – fill in city
no,US,Patch,,,https://patch.com,en,online,3,,,Q138820999,0,,,no place of publication/headquarters in Wikidata – fill in city
no,US,BNS News,,,https://www.bns-news.com,en,online,3,,,Q138821029,0,,,no place of publication/headquarters in Wikidata – fill in city
no,US,HLPlanet,,,https://www.hlplanet.com,en,online,3,,,Q138892012,0,,,no place of publication/headquarters in Wikidata – fill in city
no,US,Ceowire,,,https://ceowire.co,en,online,3,,,Q138938905,0,,,no place of publication/headquarters in Wikidata – fill in city
no,US,CoreTechDaily,,,https://coretechdaily.com,en,online,3,,,Q139570607,0,,,no place of publication/headquarters in Wikidata – fill in city
no,US,Lightwards,Los Angeles,,https://lightwards.com,en,online,3,,,Q140215509,0,34.0522,-118.2437,language from country default
no,US,Caswell News & Notes,Caswell County,,https://www.caswell.news/,en,online,3,,,Q140775626,0,36.4000,-79.3300,language from country default
no,US,The Fernandina Observer,Amelia Island,,https://fernandinaobserver.com,en,daily,3,,,Q116685561,0,30.6078,-81.4600,
no,US,Dubai.News,,,https://dubai.news/,en,daily,3,,,Q131357360,0,,,no place of publication/headquarters in Wikidata – fill in city
no,US,Miami Daily Business Review,Miami,,https://www.law.com/dailybusinessreview/,en,daily,3,,,Q126485334,0,25.7742,-80.1936,
no,US,Capital Telegraph,,,https://capitaltelegraph.com,en,online,3,,,Q140834313,0,,,no place of publication/headquarters in Wikidata – fill in city
no,US,Zeale,,,https://zeale.co/,en,online,3,,,Q140935207,0,,,no place of publication/headquarters in Wikidata – fill in city
no,US,CLT Daily,Charlotte,,https://cltdaily.com/,en,online,3,,,Q141005278,0,35.2269,-80.8433,
no,US,CyberInsider.com,Sandpoint,,https://cyberinsider.com/,en,online,3,,,Q141023656,0,48.2766,-116.5532,language from country default
no,US,Halloween Daily News,,,https://halloweendailynews.com,en,online,3,,,Q141024359,0,,,no place of publication/headquarters in Wikidata – fill in city
no,US,Social Media Today,,,https://www.socialmediatoday.com/,en,online,3,,,Q141093774,0,,,no place of publication/headquarters in Wikidata – fill in city; language from country default
no,US,Manga Mavericks,California,,https://mangamavericks.com/,en,online,3,,,Q141138272,0,37.0000,-120.0000,
no,US,Capitol News Illinois,Springfield,,https://capitolnewsillinois.com/,en,online,3,,,Q141249555,0,39.7975,-89.6450,
no,US,American Emigration Revue,,,https://americanemigration.com,en,online,3,,,Q141285318,0,,,no place of publication/headquarters in Wikidata – fill in city
no,US,48 Hills,,,https://48hills.org/,en,online,3,,,Q120753042,0,,,no place of publication/headquarters in Wikidata – fill in city; language from country default
no,US,The National Pulse,,,https://thenationalpulse.com,en,online,3,,,Q120813453,0,,,no place of publication/headquarters in Wikidata – fill in city; language from country default
no,US,HealthDay News,,,https://www.healthday.com/,en,online,3,,,Q120835858,0,,,no place of publication/headquarters in Wikidata – fill in city; language from country default
no,US,The Wyoming Truth,Laramie,,https://wyomingtruth.org/,en,online,3,,,Q122694769,0,41.3111,-105.5936,language from country default
no,US,Illinois Press Association,Springfield,,https://www.illinoispress.org/,en,online,3,,,Q123211599,0,39.7975,-89.6450,language from country default
no,US,Poets & Quants,Santa Rosa,,https://poetsandquants.com/,en,online,3,,,Q123239896,0,38.4486,-122.7047,
no,US,Front Row Soccer,,,https://www.frontrowsoccer.com/,en,online,3,,,Q123566502,0,,,no place of publication/headquarters in Wikidata – fill in city
no,US,Noisey,,,https://noisey.vice.com/en_us,en,online,3,,,Q123730667,0,,,no place of publication/headquarters in Wikidata – fill in city
no,US,TONIC,,,https://tonic.vice.com,en,online,3,,,Q123730912,0,,,no place of publication/headquarters in Wikidata – fill in city
no,US,DC Enquirer,,,https://dcenquirer.com/,en,online,3,,,Q124755422,0,,,no place of publication/headquarters in Wikidata – fill in city; language from country default
no,US,NewsOne,,,https://newsone.com/,en,online,3,,,Q124756753,0,,,no place of publication/headquarters in Wikidata – fill in city; language from country default
no,US,DCReport,Los Angeles,,https://www.dcreport.org,en,online,3,,,Q125543329,0,34.0522,-118.2437,language from country default
no,US,What's Up Kansas City,,,https://whatsupkansascity.net,en,online,3,,,Q126368851,0,,,no place of publication/headquarters in Wikidata – fill in city
no,US,Daily Boulder,Dallas,,https://dailyboulder.com,en,online,3,,,Q127355173,0,32.7792,-96.8089,language from country default
no,US,American Catholic Tribune,,,https://americancatholictribune.com/,en,online,3,,,Q127513126,0,,,no place of publication/headquarters in Wikidata – fill in city; language from country default
no,US,The Barbed Wire,,,https://thebarbedwire.com,en,online,3,,,Q130302593,0,,,no place of publication/headquarters in Wikidata – fill in city; language from country default
no,US,Sentient Media,San Francisco,,https://sentientmedia.org,en,online,3,,,Q130482759,0,37.7750,-122.4194,language from country default
no,US,GwinnettForum,,,https://www.gwinnettforum.com,en,online,3,,,Q130525860,0,,,no place of publication/headquarters in Wikidata – fill in city
no,US,Silicon Prairie News,,,https://siliconprairienews.com/,en,online,3,,,Q130702628,0,,,no place of publication/headquarters in Wikidata – fill in city
no,US,Front Office Sports,,,https://frontofficesports.com/,en,online,3,,,Q130899817,0,,,no place of publication/headquarters in Wikidata – fill in city; language from country default
no,US,Tufts Now,,,https://now.tufts.edu/,en,online,3,,,Q130900781,0,,,no place of publication/headquarters in Wikidata – fill in city
no,US,SiliconValley.com,,,https://www.siliconvalley.com/,en,online,3,,,Q131441979,0,,,no place of publication/headquarters in Wikidata – fill in city
no,US,Sludge,,,https://readsludge.com/,en,online,3,,,Q136029783,0,,,no place of publication/headquarters in Wikidata – fill in city
no,US,The New Lede,,,https://www.thenewlede.org/,en,online,3,,,Q136091678,0,,,no place of publication/headquarters in Wikidata – fill in city; language from country default
no,US,TheDesk.net,,,https://thedesk.net,en,online,3,,,Q136357733,0,,,no place of publication/headquarters in Wikidata – fill in city
no,US,Westport Journal,Westport,,https://westportjournal.com/,en,online,3,,,Q137179151,0,41.1415,-73.3579,
no,US,Customertimes News,,,https://customertimes.news,en,online,3,,,Q137704749,0,,,no place of publication/headquarters in Wikidata – fill in city; language from country default
no,US,Customertimes Pharma News,,,https://pharma.customertimes.news,en,online,3,,,Q137704760,0,,,no place of publication/headquarters in Wikidata – fill in city; language from country default
no,US,Customertimes Manufacturing News,,,https://manufacturing.customertimes.news,en,online,3,,,Q137704767,0,,,no place of publication/headquarters in Wikidata – fill in city; language from country default
no,US,Customertimes CPG News,,,https://cpg.customertimes.news,en,online,3,,,Q137704849,0,,,no place of publication/headquarters in Wikidata – fill in city; language from country default
no,US,California Health Report,,,https://www.calhealthreport.org/,en,online,3,,,Q137719810,0,,,no place of publication/headquarters in Wikidata – fill in city
no,US,Title 8 News,,,https://title8.news,en,online,3,,,Q137737405,0,,,no place of publication/headquarters in Wikidata – fill in city
no,US,San Antonio Report,,,https://sanantonioreport.org/,en,online,3,,,Q138571776,0,,,no place of publication/headquarters in Wikidata – fill in city; language from country default
no,US,North Dakota Monitor,,,https://northdakotamonitor.com/,en,online,3,,,Q138673049,0,,,no place of publication/headquarters in Wikidata – fill in city; language from country default
no,US,Oil & Gas Storage News,,,https://oilgasstoragenews.com,en,online,3,,,Q138747314,0,,,no place of publication/headquarters in Wikidata – fill in city
no,US,SharpPost,Singapore,SG,https://ruibao.news,en,online,3,exile,,Q138757893,0,1.3000,103.8000,newsroom abroad (SG) – exile?
no,US,American Star News,,,https://theamericanstarnews.com,en,online,3,,,Q138857714,0,,,no place of publication/headquarters in Wikidata – fill in city
no,US,SnowBrains,United States,,https://snowbrains.com,en,online,3,,,Q139859353,0,39.8282,-98.5795,
no,US,Trilakestownsquare.com,,,https://trilakestownsquare.com,en,online,3,,,Q139941218,0,,,no place of publication/headquarters in Wikidata – fill in city
no,US,Stroubly,New York,,https://stroubly.com/,en,online,3,,,Q140194598,0,43.0000,-75.0000,
no,US,Unbiasable,,,https://unbiasable.com,en,online,3,,,Q140288068,0,,,no place of publication/headquarters in Wikidata – fill in city
no,US,Industry Pulse,,,https://industrypulse.media,en,online,3,,,Q140316366,0,,,no place of publication/headquarters in Wikidata – fill in city; language from country default
no,US,Federal Character,Baltimore,,https://federalcharacter.com,en,online,3,,,Q140331300,0,39.2864,-76.6150,language from country default
no,US,New Mexico In Depth,Rio Rancho,,https://nmindepth.com,en,online,3,,,Q140371208,0,35.2334,-106.6645,language from country default
no,US,Vermont Daily Chronicle,,,https://vermontdailychronicle.com/,en,online,3,,,Q140374907,0,,,no place of publication/headquarters in Wikidata – fill in city; language from country default
no,US,Inter Miami Buzz,Miami,,https://imbuzz.media/,en,online,3,,,Q140480700,0,25.7742,-80.1936,
no,US,ARGO.net Science,,,https://www.argo.net,en,online,3,,,Q140532060,0,,,no place of publication/headquarters in Wikidata – fill in city
no,US,AIBites,,,https://www.aibites.press,en,online,3,,,Q140545271,0,,,no place of publication/headquarters in Wikidata – fill in city
no,US,Defense One,"Washington, D.C.",,https://www.defenseone.com/,en,online,3,,,Q68932557,0,38.8950,-77.0367,language from country default
no,US,Roudball Daily,,,https://roundballdaily.com/,en,online,3,,,Q100899700,0,,,no place of publication/headquarters in Wikidata – fill in city; language from country default
no,US,The Village Green,,,https://villagegreennj.com/,en,online,3,,,Q104216776,0,,,no place of publication/headquarters in Wikidata – fill in city; language from country default
no,US,The Objective,,,https://www.objectivejournalism.org/,en,online,3,,,Q104650618,0,,,no place of publication/headquarters in Wikidata – fill in city
no,US,TheBody,,,https://www.thebody.com/,en,online,3,,,Q105700244,0,,,no place of publication/headquarters in Wikidata – fill in city; language from country default
no,US,HousingWire,,,https://www.housingwire.com/,en,online,3,,,Q60636675,0,,,no place of publication/headquarters in Wikidata – fill in city; language from country default
no,US,Church Leaders,,,https://churchleaders.com/,en,online,3,,,Q65621675,0,,,no place of publication/headquarters in Wikidata – fill in city; language from country default
no,US,DikGames.online,,,https://dikgames.online/,en,online,3,,,Q125973587,0,,,no place of publication/headquarters in Wikidata – fill in city
no,US,Digitally Downloaded,,,https://www.digitallydownloaded.net/,en,online,3,,,Q132794882,0,,,no place of publication/headquarters in Wikidata – fill in city
no,US,MeeGames,,,https://www.meegames.com/en/,en,online,3,,,Q135427254,0,,,no place of publication/headquarters in Wikidata – fill in city
no,US,Gardigaming.com,,,https://gardigaming.com/,en,online,3,,,Q136148740,0,,,no place of publication/headquarters in Wikidata – fill in city; language from country default
no,US,slidetoplay.com,,,http://www.slidetoplay.com,en,online,3,,,Q136537469,0,,,no place of publication/headquarters in Wikidata – fill in city
no,US,voodooextreme.com,,,http://www.voodooextreme.com,en,online,3,,,Q136650086,0,,,no place of publication/headquarters in Wikidata – fill in city
no,US,game-over.net,,,http://www.game-over.net,en,online,3,,,Q136651727,0,,,no place of publication/headquarters in Wikidata – fill in city; language from country default
no,US,pc.gamerweb.com,,,http://pc.gamerweb.com,en,online,3,,,Q136652126,0,,,no place of publication/headquarters in Wikidata – fill in city
no,US,gamespace.com,,,https://gamespace.com/,en,online,3,,,Q136653869,0,,,no place of publication/headquarters in Wikidata – fill in city; language from country default
no,US,gamerescape.com,,,https://gamerescape.com/,en,online,3,,,Q136656605,0,,,no place of publication/headquarters in Wikidata – fill in city
no,US,cinescape.com -> mania.com,,,http://cinescape.com,en,online,3,,,Q136673044,0,,,no place of publication/headquarters in Wikidata – fill in city; language from country default
no,US,AppAdvice,,,https://appadvice.com/,en,online,3,,,Q136675799,0,,,no place of publication/headquarters in Wikidata – fill in city
no,US,Movies Games and Tech,,,https://moviesgamesandtech.com/,en,online,3,,,Q136675864,0,,,no place of publication/headquarters in Wikidata – fill in city
no,US,cubed3.com,,,https://www.cubed3.com,en,online,3,,,Q136680896,0,,,no place of publication/headquarters in Wikidata – fill in city
no,US,digitalchumps.com,,,https://digitalchumps.com/,en,online,3,,,Q136687837,0,,,no place of publication/headquarters in Wikidata – fill in city
no,US,gamer20.com,,,https://gamer20.com,en,online,3,,,Q136688097,0,,,no place of publication/headquarters in Wikidata – fill in city
no,US,psxextreme.com,,,https://psxextreme.com/,en,online,3,,,Q136688121,0,,,no place of publication/headquarters in Wikidata – fill in city
no,US,totalplaystation.com,,,http://totalplaystation.com,en,online,3,,,Q136688161,0,,,no place of publication/headquarters in Wikidata – fill in city
no,US,gameskinny.com,,,https://www.gameskinny.com,en,online,3,,,Q136695496,0,,,no place of publication/headquarters in Wikidata – fill in city
no,US,happypuppy.com,,,http://www.happypuppy.com/,en,online,3,,,Q136695853,0,,,no place of publication/headquarters in Wikidata – fill in city
no,US,psmonline.com,,,http://psmonline.com,en,online,3,,,Q136704240,0,,,no place of publication/headquarters in Wikidata – fill in city; language from country default
no,US,planetxbox360.com,,,http://planetxbox360.com,en,online,3,,,Q136705411,0,,,no place of publication/headquarters in Wikidata – fill in city; language from country default
no,US,heypoorplayer.com,,,https://www.heypoorplayer.com/,en,online,3,,,Q136705465,0,,,no place of publication/headquarters in Wikidata – fill in city; language from country default
no,US,culturedvultures.com,,,https://culturedvultures.com/,en,online,3,,,Q136705492,0,,,no place of publication/headquarters in Wikidata – fill in city; language from country default
no,US,nzgamer.com,,,http://nzgamer.com,en,online,3,,,Q136705756,0,,,no place of publication/headquarters in Wikidata – fill in city; language from country default
no,US,wonderwallweb.com,,,http://www.wonderwallweb.com/,en,online,3,,,Q136706733,0,,,no place of publication/headquarters in Wikidata – fill in city; language from country default
no,US,dpadmagazine.com,,,http://dpadmagazine.com,en,online,3,,,Q136706800,0,,,no place of publication/headquarters in Wikidata – fill in city; language from country default
no,US,gamecrate.com,,,https://www.gamecrate.com,en,online,3,,,Q136713879,0,,,no place of publication/headquarters in Wikidata – fill in city; language from country default
no,US,gamepen.ugo.com,,,http://gamepen.ugo.com,en,online,3,,,Q136749846,0,,,no place of publication/headquarters in Wikidata – fill in city; language from country default
no,US,xboxexclusive.com,,,https://xboxexclusive.com,en,online,3,,,Q136749933,0,,,no place of publication/headquarters in Wikidata – fill in city; language from country default
no,US,realgamer.net,,,https://www.realgamer.net,en,online,3,,,Q136750490,0,,,no place of publication/headquarters in Wikidata – fill in city; language from country default
no,US,atomicgamer.com,,,http://www.atomicgamer.com,en,online,3,,,Q136750824,0,,,no place of publication/headquarters in Wikidata – fill in city
no,US,gamernode.com,,,http://www.gamernode.com,en,online,3,,,Q136753634,0,,,no place of publication/headquarters in Wikidata – fill in city
no,US,modojo.com,,,http://www.modojo.com,en,online,3,,,Q136755214,0,,,no place of publication/headquarters in Wikidata – fill in city
no,US,gamervision.com,,,http://gamervision.com,en,online,3,,,Q136758760,0,,,no place of publication/headquarters in Wikidata – fill in city
no,US,thewiire.com,,,http://www.thewiire.com,en,online,3,,,Q136758787,0,,,no place of publication/headquarters in Wikidata – fill in city
no,US,netjak.com,,,http://www.netjak.com,en,online,3,,,Q136759211,0,,,no place of publication/headquarters in Wikidata – fill in city; language from country default
no,US,mygamer.com,,,https://www.mygamer.com,en,online,3,,,Q136765871,0,,,no place of publication/headquarters in Wikidata – fill in city
no,US,operationsports.com,,,https://www.operationsports.com,en,online,3,,,Q136767281,0,,,no place of publication/headquarters in Wikidata – fill in city
no,US,actiontrip.com,,,http://www.actiontrip.com,en,online,3,,,Q136771924,0,,,no place of publication/headquarters in Wikidata – fill in city; language from country default
no,US,thejimquisition.com,,,https://www.thejimquisition.com,en,online,3,,,Q136780046,0,,,no place of publication/headquarters in Wikidata – fill in city
no,US,Film Daily,,,https://filmdaily.co/,en,online,3,,,Q106386991,0,,,no place of publication/headquarters in Wikidata – fill in city; language from country default
no,US,Inside Radio,Atlanta,,http://www.insideradio.com,en,online,3,,,Q106891840,0,33.7544,-84.3897,
no,US,Otakukart,New York,,https://otakukart.com/,en,online,3,,,Q107524743,0,43.0000,-75.0000,language from country default
no,US,The Texan,Austin,,https://thetexan.news/,en,online,3,,,Q107643322,0,30.3000,-97.7333,language from country default
no,US,California Globe,,,https://californiaglobe.com/,en,online,3,,,Q107893998,0,,,no place of publication/headquarters in Wikidata – fill in city; language from country default
no,US,InsiderNJ,,,https://www.insidernj.com/,en,online,3,,,Q108280478,0,,,no place of publication/headquarters in Wikidata – fill in city
no,US,New Energy Times,San Rafael,,http://news.newenergytimes.net/,en,online,3,,,Q108377226,0,37.9733,-122.5308,
no,US,McClatchyDC,"Washington, D.C.",,https://www.mcclatchydc.com/,en,online,3,,,Q109733894,0,38.8950,-77.0367,language from country default
no,US,Gazette Review,Minneapolis,,https://gazettereview.com/,en,online,3,,,Q109772861,0,44.9819,-93.2692,
no,US,The Harrisonburg Citizen,Harrisonburg,,https://hburgcitizen.com/,en,online,3,,,Q110875993,0,38.4494,-78.8689,
no,US,Anabaptist World,,,https://anabaptistworld.org/,en,online,3,,,Q110997960,0,,,no place of publication/headquarters in Wikidata – fill in city; language from country default
no,US,Colorado Newsline,,,https://coloradonewsline.com/,en,online,3,,,Q111823482,0,,,no place of publication/headquarters in Wikidata – fill in city; language from country default
no,US,BG Independent News,,,http://bgindependentmedia.org/,en,online,3,,,Q112195941,0,,,no place of publication/headquarters in Wikidata – fill in city
no,US,Stateline,"Washington, D.C.",,https://stateline.org/,en,online,3,,,Q112573971,0,38.8950,-77.0367,language from country default
no,US,Florida Phoenix,,,https://floridaphoenix.com/,en,online,3,,,Q113000919,0,,,no place of publication/headquarters in Wikidata – fill in city; language from country default
no,US,Ohio Capital Journal,,,https://ohiocapitaljournal.com/,en,online,3,,,Q113143886,0,,,no place of publication/headquarters in Wikidata – fill in city; language from country default
no,US,Alaska Beacon,,,https://alaskabeacon.com/,en,online,3,,,Q113908255,0,,,no place of publication/headquarters in Wikidata – fill in city; language from country default
no,US,Georgia Recorder,,,https://georgiarecorder.com/,en,online,3,,,Q113908594,0,,,no place of publication/headquarters in Wikidata – fill in city; language from country default
no,US,Idaho Capital Sun,,,https://idahocapitalsun.com/,en,online,3,,,Q113908713,0,,,no place of publication/headquarters in Wikidata – fill in city; language from country default
no,US,Indiana Capital Chronicle,,,https://indianacapitalchronicle.com/,en,online,3,,,Q113908785,0,,,no place of publication/headquarters in Wikidata – fill in city; language from country default
no,US,Iowa Capital Dispatch,,,https://iowacapitaldispatch.com/,en,online,3,,,Q113908831,0,,,no place of publication/headquarters in Wikidata – fill in city; language from country default
no,US,Kansas Reflector,,,https://kansasreflector.com/,en,online,3,,,Q113908872,0,,,no place of publication/headquarters in Wikidata – fill in city
no,US,Louisiana Illuminator,,,https://lailluminator.com/,en,online,3,,,Q113908907,0,,,no place of publication/headquarters in Wikidata – fill in city; language from country default
no,US,Maryland Matters,,,https://www.marylandmatters.org/,en,online,3,,,Q113909150,0,,,no place of publication/headquarters in Wikidata – fill in city; language from country default
no,US,Michigan Advance,,,https://michiganadvance.com/,en,online,3,,,Q113909337,0,,,no place of publication/headquarters in Wikidata – fill in city; language from country default
no,US,Missouri Independent,,,https://missouriindependent.com/,en,online,3,,,Q113945888,0,,,no place of publication/headquarters in Wikidata – fill in city; language from country default
no,US,Daily Montanan,,,https://dailymontanan.com/,en,online,3,,,Q113950057,0,,,no place of publication/headquarters in Wikidata – fill in city; language from country default
no,US,Nebraska Examiner,,,https://nebraskaexaminer.com/,en,online,3,,,Q113950074,0,,,no place of publication/headquarters in Wikidata – fill in city; language from country default
no,US,Nevada Current,,,https://www.nevadacurrent.com/,en,online,3,,,Q113950088,0,,,no place of publication/headquarters in Wikidata – fill in city; language from country default
no,US,Source NM,,,https://sourcenm.com/,en,online,3,,,Q113950130,0,,,no place of publication/headquarters in Wikidata – fill in city; language from country default
no,US,New Hampshire Bulletin,,,https://newhampshirebulletin.com/,en,online,3,,,Q113950141,0,,,no place of publication/headquarters in Wikidata – fill in city; language from country default
no,US,Oregon Capital Chronicle,,,https://oregoncapitalchronicle.com/,en,online,3,,,Q113950235,0,,,no place of publication/headquarters in Wikidata – fill in city; language from country default
no,US,Pennsylvania Capital-Star,,,https://www.penncapital-star.com/,en,online,3,,,Q113950252,0,,,no place of publication/headquarters in Wikidata – fill in city; language from country default
no,US,Virginia Mercury,Richmond,,https://www.virginiamercury.com/,en,online,3,,,Q113950293,0,37.5408,-77.4367,
no,US,Wisconsin Examiner,,,https://wisconsinexaminer.com/,en,online,3,,,Q113950303,0,,,no place of publication/headquarters in Wikidata – fill in city
no,US,Fierce Pharma,,,https://www.fiercepharma.com/,en,online,3,,,Q114780800,0,,,no place of publication/headquarters in Wikidata – fill in city
no,US,Bluffton Icon,,,https://www.blufftonicon.com/,en,online,3,,,Q114999585,0,,,no place of publication/headquarters in Wikidata – fill in city; language from country default
no,US,Ada Icon,,,https://www.adaicon.com/,en,online,3,,,Q114999666,0,,,no place of publication/headquarters in Wikidata – fill in city; language from country default
no,US,SC Biz News,,,https://scbiznews.com/,en,online,3,,,Q115567861,0,,,no place of publication/headquarters in Wikidata – fill in city; language from country default
no,US,Media Everyday News,,,https://www.mediaeveryday.com,en,online,3,,,Q115778098,0,,,no place of publication/headquarters in Wikidata – fill in city; language from country default
no,US,The Inc Magazine,St. Petersburg,,https://theincmagazine.com,en,online,3,,,Q116370664,0,27.7731,-82.6400,
no,US,EdSource,Oakland,,https://edsource.org/,en,online,3,,,Q116820813,0,37.8000,-122.2500,language from country default
no,US,Colorado Times Recorder,Denver,,https://coloradotimesrecorder.com/,en,online,3,,,Q116846098,0,39.7392,-104.9847,language from country default
no,US,Contagion,,,https://www.contagionlive.com/,en,online,3,,,Q107849181,0,,,no place of publication/headquarters in Wikidata – fill in city
no,US,The Defender: Children's Health Defense news & views,,,https://childrenshealthdefense.org/defender/,en,online,3,,,Q111749767,0,,,no place of publication/headquarters in Wikidata – fill in city
no,US,CNN.co.jp,,,https://www.cnn.co.jp/,ja,online,3,,,Q113772386,0,,,no place of publication/headquarters in Wikidata – fill in city
no,US,Florida Bulldog,Fort Lauderdale,,https://www.floridabulldog.org/,en,online,3,,,Q124822706,0,26.1358,-80.1419,
no,US,RealClearEducation,,,https://www.realcleareducation.com/,en,online,3,,,Q125500589,0,,,no place of publication/headquarters in Wikidata – fill in city
no,US,Resist the Mainstream,,,https://resistthemainstream.com/,en,online,3,,,Q130073529,0,,,no place of publication/headquarters in Wikidata – fill in city; language from country default
no,US,The Stream,Dallas,,https://stream.org/,en,online,3,,,Q130341276,0,32.7792,-96.8089,
no,US,ConnectionNewspapers.com,,,https://www.connectionnewspapers.com/,en,online,3,,,Q130635195,0,,,no place of publication/headquarters in Wikidata – fill in city
no,US,Coastside News,Half Moon Bay,,https://www.coastsidenews.com/,en,online,3,,,Q130876798,0,37.4589,-122.4369,
no,US,Barn Raiser,,,https://barnraisingmedia.com/,en,online,3,,,Q131148212,0,,,no place of publication/headquarters in Wikidata – fill in city; language from country default
no,US,HCPLive,,,https://www.hcplive.com/,en,online,3,,,Q131835989,0,,,no place of publication/headquarters in Wikidata – fill in city
no,US,MDedge.com,,,https://www.mdedge.com/,en,online,3,,,Q134607874,0,,,no place of publication/headquarters in Wikidata – fill in city
no,US,NineFortyOne,,,https://ninefortyone.co,en,online,3,,,Q134608323,0,,,no place of publication/headquarters in Wikidata – fill in city
no,US,The Unhived Mind,,,https://theunhivedmind.com,en,online,3,,,Q110952483,0,,,no place of publication/headquarters in Wikidata – fill in city; language from country default
no,US,Autonotion,United States,,https://www.autonocion.com/us/,en,online,3,,,Q138809361,0,39.8282,-98.5795,
no,US,Nueva News,California,,https://nuevanews.com,es,online,3,,,Q140714992,0,37.0000,-120.0000,
no,US,The World Now,,,https://www.the-world-now.com,en,online,3,,,Q141066209,0,,,no place of publication/headquarters in Wikidata – fill in city
no,US,BerksConnect,Sinking Spring,,https://berksconnect.com,en,online,3,,,Q141170506,0,40.3247,-76.0225,language from country default
no,US,Frame,New York City,,https://frame.media,en,magazine,3,,,Q139495581,0,40.7128,-74.0061,language from country default
no,US,The Renology,,,https://www.therenology.com,en,magazine,3,,,Q139731907,0,,,no place of publication/headquarters in Wikidata – fill in city
no,US,Golden Yards Magazine,,,https://www.goldenyardsmag.com,en,magazine,3,,,Q139731910,0,,,no place of publication/headquarters in Wikidata – fill in city; language from country default
no,US,Shelterforce,Montclair,,https://shelterforce.org/,en,magazine,3,,,Q131279666,0,40.8244,-74.2123,
no,US,Seattle Magazine,Seattle,,https://seattlemag.com/,en,magazine,3,,,Q67011849,0,47.6050,-122.3300,
